-- MySQL dump 10.13  Distrib 8.0.42, for Win64 (x86_64)
--
-- Host: localhost    Database: lco_films
-- ------------------------------------------------------
-- Server version	8.0.42

/*!40101 SET @OLD_CHARACTER_SET_CLIENT=@@CHARACTER_SET_CLIENT */;
/*!40101 SET @OLD_CHARACTER_SET_RESULTS=@@CHARACTER_SET_RESULTS */;
/*!40101 SET @OLD_COLLATION_CONNECTION=@@COLLATION_CONNECTION */;
/*!50503 SET NAMES utf8 */;
/*!40103 SET @OLD_TIME_ZONE=@@TIME_ZONE */;
/*!40103 SET TIME_ZONE='+00:00' */;
/*!40014 SET @OLD_UNIQUE_CHECKS=@@UNIQUE_CHECKS, UNIQUE_CHECKS=0 */;
/*!40014 SET @OLD_FOREIGN_KEY_CHECKS=@@FOREIGN_KEY_CHECKS, FOREIGN_KEY_CHECKS=0 */;
/*!40101 SET @OLD_SQL_MODE=@@SQL_MODE, SQL_MODE='NO_AUTO_VALUE_ON_ZERO' */;
/*!40111 SET @OLD_SQL_NOTES=@@SQL_NOTES, SQL_NOTES=0 */;

--
-- Table structure for table `actor`
--

DROP TABLE IF EXISTS `actor`;
/*!40101 SET @saved_cs_client     = @@character_set_client */;
/*!50503 SET character_set_client = utf8mb4 */;
CREATE TABLE `actor` (
  `actor_id` smallint unsigned NOT NULL AUTO_INCREMENT,
  `first_name` varchar(45) NOT NULL,
  `last_name` varchar(45) NOT NULL,
  `address_id` smallint unsigned NOT NULL,
  `last_update` timestamp NOT NULL DEFAULT CURRENT_TIMESTAMP ON UPDATE CURRENT_TIMESTAMP,
  PRIMARY KEY (`actor_id`),
  KEY `idx_actor_last_name` (`last_name`),
  KEY `idx_fk_address_id` (`address_id`),
  CONSTRAINT `fk_actor_address` FOREIGN KEY (`address_id`) REFERENCES `address` (`address_id`) ON UPDATE CASCADE
) ENGINE=InnoDB AUTO_INCREMENT=201 DEFAULT CHARSET=utf8mb4 COLLATE=utf8mb4_0900_ai_ci;
/*!40101 SET character_set_client = @saved_cs_client */;

--
-- Dumping data for table `actor`
--

LOCK TABLES `actor` WRITE;
/*!40000 ALTER TABLE `actor` DISABLE KEYS */;
INSERT INTO `actor` VALUES (1,'PENELOPE','GUINESS',1,'2025-07-16 09:00:00'),(2,'NICK','WAHLBERG',4,'2025-07-16 09:00:00'),(3,'ED','CHASE',2,'2025-07-16 09:00:00'),(4,'JENNIFER','DAVIS',3,'2025-07-16 09:00:00'),(5,'JOHNNY','LOLLOBRIGIDA',5,'2025-07-16 09:00:00'),(6,'BETTE','NICHOLSON',7,'2025-07-16 09:00:00'),(7,'GRACE','MOSTEL',6,'2025-07-16 09:00:00'),(8,'MATTHEW','JOHANSSON',8,'2025-07-16 09:00:00'),(9,'JOE','SWANK',10,'2025-07-16 09:00:00'),(10,'CHRISTIAN','GABLE',9,'2025-07-16 09:00:00'),(11,'ZERO','CAGE',11,'2025-07-16 09:00:00'),(12,'KARL','BERRY',13,'2025-07-16 09:00:00'),(13,'UMA','WOOD',110,'2025-07-16 09:00:00'),(14,'VIVIEN','BERGEN',25,'2025-07-16 09:00:00'),(15,'CUBA','OLIVIER',40,'2025-07-16 09:00:00'),(16,'FRED','COSTNER',65,'2025-07-16 09:00:00'),(17,'HELEN','VOIGHT',77,'2025-07-16 09:00:00'),(18,'DAN','TORN',414,'2025-07-16 09:00:00'),(19,'BOB','FAWCETT',125,'2025-07-16 09:00:00'),(20,'LUCILLE','TRACY',80,'2025-07-16 09:00:00'),(21,'KIRSTEN','PALTROW',99,'2025-07-16 09:00:00'),(22,'ELVIS','MARX',44,'2025-07-16 09:00:00'),(23,'SANDRA','KILMER',33,'2025-07-16 09:00:00'),(24,'CAMERON','STREEP',63,'2025-07-16 09:00:00'),(25,'KEVIN','BLOOM',67,'2025-07-16 09:00:00'),(26,'RIP','CRAWFORD',46,'2025-07-16 09:00:00'),(27,'JULIA','MCQUEEN',47,'2025-07-16 09:00:00'),(28,'WOODY','HOFFMAN',57,'2025-07-16 09:00:00'),(29,'ALEC','WAYNE',74,'2025-07-16 09:00:00'),(30,'SANDRA','PECK',75,'2025-07-16 09:00:00'),(31,'SISSY','SOBIESKI',16,'2025-07-16 09:00:00'),(32,'TIM','HACKMAN',68,'2025-07-16 09:00:00'),(33,'MILLA','PECK',86,'2025-07-16 09:00:00'),(34,'AUDREY','OLIVIER',78,'2025-07-16 09:00:00'),(35,'JUDY','DEAN',53,'2025-07-16 09:00:00'),(36,'BURT','DUKAKIS',35,'2025-07-16 09:00:00'),(37,'VAL','BOLGER',72,'2025-07-16 09:00:00'),(38,'TOM','MCKELLEN',27,'2025-07-16 09:00:00'),(39,'GOLDIE','BRODY',66,'2025-07-16 09:00:00'),(40,'JOHNNY','CAGE',61,'2025-07-16 09:00:00'),(41,'JODIE','DEGENERES',42,'2025-07-16 09:00:00'),(42,'TOM','MIRANDA',79,'2025-07-16 09:00:00'),(43,'KIRK','JOVOVICH',24,'2025-07-16 09:00:00'),(44,'NICK','STALLONE',97,'2025-07-16 09:00:00'),(45,'REESE','KILMER',100,'2025-07-16 09:00:00'),(46,'PARKER','GOLDBERG',411,'2025-07-16 09:00:00'),(47,'JULIA','BARRYMORE',104,'2025-07-16 09:00:00'),(48,'FRANCES','DAY-LEWIS',108,'2025-07-16 09:00:00'),(49,'ANNE','CRONYN',128,'2025-07-16 09:00:00'),(50,'NATALIE','HOPKINS',54,'2025-07-16 09:00:00'),(51,'GARY','PHOENIX',200,'2025-07-16 09:00:00'),(52,'CARMEN','HUNT',158,'2025-07-16 09:00:00'),(53,'MENA','TEMPLE',154,'2025-07-16 09:00:00'),(54,'PENELOPE','PINKETT',199,'2025-07-16 09:00:00'),(55,'FAY','KILMER',19,'2025-07-16 09:00:00'),(56,'DAN','HARRIS',327,'2025-07-16 09:00:00'),(57,'JUDE','CRUISE',124,'2025-07-16 09:00:00'),(58,'CHRISTIAN','AKROYD',121,'2025-07-16 09:00:00'),(59,'DUSTIN','TAUTOU',119,'2025-07-16 09:00:00'),(60,'HENRY','BERRY',191,'2025-07-16 09:00:00'),(61,'CHRISTIAN','NEESON',185,'2025-07-16 09:00:00'),(62,'JAYNE','NEESON',351,'2025-07-16 09:00:00'),(63,'CAMERON','WRAY',135,'2025-07-16 09:00:00'),(64,'RAY','JOHANSSON',153,'2025-07-16 09:00:00'),(65,'ANGELA','HUDSON',103,'2025-07-16 09:00:00'),(66,'MARY','TANDY',217,'2025-07-16 09:00:00'),(67,'JESSICA','BAILEY',45,'2025-07-16 09:00:00'),(68,'RIP','WINSLET',148,'2025-07-16 09:00:00'),(69,'KENNETH','PALTROW',184,'2025-07-16 09:00:00'),(70,'MICHELLE','MCCONAUGHEY',265,'2025-07-16 09:00:00'),(71,'ADAM','GRANT',258,'2025-07-16 09:00:00'),(72,'SEAN','WILLIAMS',252,'2025-07-16 09:00:00'),(73,'GARY','PENN',175,'2025-07-16 09:00:00'),(74,'MILLA','KEITEL',157,'2025-07-16 09:00:00'),(75,'BURT','POSEY',141,'2025-07-16 09:00:00'),(76,'ANGELINA','ASTAIRE',114,'2025-07-16 09:00:00'),(77,'CARY','MCCONAUGHEY',315,'2025-07-16 09:00:00'),(78,'GROUCHO','SINATRA',112,'2025-07-16 09:00:00'),(79,'MAE','HOFFMAN',113,'2025-07-16 09:00:00'),(80,'RALPH','CRUZ',132,'2025-07-16 09:00:00'),(81,'SCARLETT','DAMON',123,'2025-07-16 09:00:00'),(82,'WOODY','JOLIE',131,'2025-07-16 09:00:00'),(83,'BEN','WILLIS',183,'2025-07-16 09:00:00'),(84,'JAMES','PITT',138,'2025-07-16 09:00:00'),(85,'MINNIE','ZELLWEGER',171,'2025-07-16 09:00:00'),(86,'GREG','CHAPLIN',117,'2025-07-16 09:00:00'),(87,'SPENCER','PECK',235,'2025-07-16 09:00:00'),(88,'KENNETH','PESCI',213,'2025-07-16 09:00:00'),(89,'CHARLIZE','DENCH',216,'2025-07-16 09:00:00'),(90,'SEAN','GUINESS',201,'2025-07-16 09:00:00'),(91,'CHRISTOPHER','BERRY',118,'2025-07-16 09:00:00'),(92,'KIRSTEN','AKROYD',181,'2025-07-16 09:00:00'),(93,'ELLEN','PRESLEY',219,'2025-07-16 09:00:00'),(94,'KENNETH','TORN',143,'2025-07-16 09:00:00'),(95,'DARYL','WAHLBERG',144,'2025-07-16 09:00:00'),(96,'GENE','WILLIS',187,'2025-07-16 09:00:00'),(97,'MEG','HAWKE',178,'2025-07-16 09:00:00'),(98,'CHRIS','BRIDGES',116,'2025-07-16 09:00:00'),(99,'JIM','MOSTEL',161,'2025-07-16 09:00:00'),(100,'SPENCER','DEPP',142,'2025-07-16 09:00:00'),(101,'SUSAN','DAVIS',242,'2025-07-16 09:00:00'),(102,'WALTER','TORN',173,'2025-07-16 09:00:00'),(103,'MATTHEW','LEIGH',137,'2025-07-16 09:00:00'),(104,'PENELOPE','CRONYN',168,'2025-07-16 09:00:00'),(105,'SIDNEY','CROWE',186,'2025-07-16 09:00:00'),(106,'GROUCHO','DUNST',197,'2025-07-16 09:00:00'),(107,'GINA','DEGENERES',169,'2025-07-16 09:00:00'),(108,'WARREN','NOLTE',69,'2025-07-16 09:00:00'),(109,'SYLVESTER','DERN',177,'2025-07-16 09:00:00'),(110,'SUSAN','DAVIS',188,'2025-07-16 09:00:00'),(111,'CAMERON','ZELLWEGER',133,'2025-07-16 09:00:00'),(112,'RUSSELL','BACALL',122,'2025-07-16 09:00:00'),(113,'MORGAN','HOPKINS',111,'2025-07-16 09:00:00'),(114,'MORGAN','MCDORMAND',211,'2025-07-16 09:00:00'),(115,'HARRISON','BALE',233,'2025-07-16 09:00:00'),(116,'DAN','STREEP',288,'2025-07-16 09:00:00'),(117,'RENEE','TRACY',277,'2025-07-16 09:00:00'),(118,'CUBA','ALLEN',237,'2025-07-16 09:00:00'),(119,'WARREN','JACKMAN',269,'2025-07-16 09:00:00'),(120,'PENELOPE','MONROE',297,'2025-07-16 09:00:00'),(121,'LIZA','BERGMAN',286,'2025-07-16 09:00:00'),(122,'SALMA','NOLTE',268,'2025-07-16 09:00:00'),(123,'JULIANNE','DENCH',241,'2025-07-16 09:00:00'),(124,'SCARLETT','BENING',243,'2025-07-16 09:00:00'),(125,'ALBERT','NOLTE',281,'2025-07-16 09:00:00'),(126,'FRANCES','TOMEI',218,'2025-07-16 09:00:00'),(127,'KEVIN','GARLAND',283,'2025-07-16 09:00:00'),(128,'CATE','MCQUEEN',238,'2025-07-16 09:00:00'),(129,'DARYL','CRAWFORD',208,'2025-07-16 09:00:00'),(130,'GRETA','KEITEL',204,'2025-07-16 09:00:00'),(131,'JANE','JACKMAN',214,'2025-07-16 09:00:00'),(132,'ADAM','HOPPER',224,'2025-07-16 09:00:00'),(133,'RICHARD','PENN',222,'2025-07-16 09:00:00'),(134,'GENE','HOPKINS',251,'2025-07-16 09:00:00'),(135,'RITA','REYNOLDS',250,'2025-07-16 09:00:00'),(136,'ED','MANSFIELD',256,'2025-07-16 09:00:00'),(137,'MORGAN','WILLIAMS',245,'2025-07-16 09:00:00'),(138,'LUCILLE','DEE',231,'2025-07-16 09:00:00'),(139,'EWAN','GOODING',225,'2025-07-16 09:00:00'),(140,'WHOOPI','HURT',234,'2025-07-16 09:00:00'),(141,'CATE','HARRIS',210,'2025-07-16 09:00:00'),(142,'JADA','RYDER',236,'2025-07-16 09:00:00'),(143,'RIVER','DEAN',36,'2025-07-16 09:00:00'),(144,'ANGELA','WITHERSPOON',64,'2025-07-16 09:00:00'),(145,'KIM','ALLEN',264,'2025-07-16 09:00:00'),(146,'ALBERT','JOHANSSON',136,'2025-07-16 09:00:00'),(147,'FAY','WINSLET',220,'2025-07-16 09:00:00'),(148,'EMILY','DEE',209,'2025-07-16 09:00:00'),(149,'RUSSELL','TEMPLE',313,'2025-07-16 09:00:00'),(150,'JAYNE','NOLTE',345,'2025-07-16 09:00:00'),(151,'GEOFFREY','HESTON',325,'2025-07-16 09:00:00'),(152,'BEN','HARRIS',311,'2025-07-16 09:00:00'),(153,'MINNIE','KILMER',336,'2025-07-16 09:00:00'),(154,'MERYL','GIBSON',337,'2025-07-16 09:00:00'),(155,'IAN','TANDY',324,'2025-07-16 09:00:00'),(156,'FAY','WOOD',304,'2025-07-16 09:00:00'),(157,'GRETA','MALDEN',355,'2025-07-16 09:00:00'),(158,'VIVIEN','BASINGER',365,'2025-07-16 09:00:00'),(159,'LAURA','BRODY',366,'2025-07-16 09:00:00'),(160,'CHRIS','DEPP',377,'2025-07-16 09:00:00'),(161,'HARVEY','HOPE',375,'2025-07-16 09:00:00'),(162,'OPRAH','KILMER',357,'2025-07-16 09:00:00'),(163,'CHRISTOPHER','WEST',388,'2025-07-16 09:00:00'),(164,'HUMPHREY','WILLIS',387,'2025-07-16 09:00:00'),(165,'AL','GARLAND',386,'2025-07-16 09:00:00'),(166,'NICK','DEGENERES',310,'2025-07-16 09:00:00'),(167,'LAURENCE','BULLOCK',314,'2025-07-16 09:00:00'),(168,'WILL','WILSON',333,'2025-07-16 09:00:00'),(169,'KENNETH','HOFFMAN',303,'2025-07-16 09:00:00'),(170,'MENA','HOPPER',317,'2025-07-16 09:00:00'),(171,'OLYMPIA','PFEIFFER',371,'2025-07-16 09:00:00'),(172,'GROUCHO','WILLIAMS',358,'2025-07-16 09:00:00'),(173,'ALAN','DREYFUSS',369,'2025-07-16 09:00:00'),(174,'MICHAEL','BENING',368,'2025-07-16 09:00:00'),(175,'WILLIAM','HACKMAN',397,'2025-07-16 09:00:00'),(176,'JON','CHASE',300,'2025-07-16 09:00:00'),(177,'GENE','MCKELLEN',305,'2025-07-16 09:00:00'),(178,'LISA','MONROE',359,'2025-07-16 09:00:00'),(179,'ED','GUINESS',353,'2025-07-16 09:00:00'),(180,'JEFF','SILVERSTONE',308,'2025-07-16 09:00:00'),(181,'MATTHEW','CARREY',380,'2025-07-16 09:00:00'),(182,'DEBBIE','AKROYD',319,'2025-07-16 09:00:00'),(183,'RUSSELL','CLOSE',321,'2025-07-16 09:00:00'),(184,'HUMPHREY','GARLAND',312,'2025-07-16 09:00:00'),(185,'MICHAEL','BOLGER',101,'2025-07-16 09:00:00'),(186,'JULIA','ZELLWEGER',301,'2025-07-16 09:00:00'),(187,'RENEE','BALL',307,'2025-07-16 09:00:00'),(188,'ROCK','DUKAKIS',372,'2025-07-16 09:00:00'),(189,'CUBA','BIRCH',341,'2025-07-16 09:00:00'),(190,'AUDREY','BAILEY',263,'2025-07-16 09:00:00'),(191,'GREGORY','GOODING',339,'2025-07-16 09:00:00'),(192,'JOHN','SUVARI',363,'2025-07-16 09:00:00'),(193,'BURT','TEMPLE',239,'2025-07-16 09:00:00'),(194,'MERYL','ALLEN',240,'2025-07-16 09:00:00'),(195,'JAYNE','SILVERSTONE',347,'2025-07-16 09:00:00'),(196,'BELA','WALKEN',350,'2025-07-16 09:00:00'),(197,'REESE','WEST',360,'2025-07-16 09:00:00'),(198,'MARY','KEITEL',260,'2025-07-16 09:00:00'),(199,'JULIA','FAWCETT',361,'2025-07-16 09:00:00'),(200,'THORA','TEMPLE',401,'2025-07-16 09:00:00');
/*!40000 ALTER TABLE `actor` ENABLE KEYS */;
UNLOCK TABLES;

--
-- Table structure for table `address`
--

DROP TABLE IF EXISTS `address`;
/*!40101 SET @saved_cs_client     = @@character_set_client */;
/*!50503 SET character_set_client = utf8mb4 */;
CREATE TABLE `address` (
  `address_id` smallint unsigned NOT NULL AUTO_INCREMENT,
  `address` varchar(50) NOT NULL,
  `address2` varchar(50) DEFAULT NULL,
  `district` varchar(20) NOT NULL,
  `city_id` smallint unsigned NOT NULL,
  `postal_code` varchar(10) DEFAULT NULL,
  `phone` varchar(20) NOT NULL,
  `last_update` timestamp NOT NULL DEFAULT CURRENT_TIMESTAMP ON UPDATE CURRENT_TIMESTAMP,
  PRIMARY KEY (`address_id`),
  KEY `idx_fk_city_id` (`city_id`),
  CONSTRAINT `fk_address_city` FOREIGN KEY (`city_id`) REFERENCES `city` (`city_id`) ON UPDATE CASCADE
) ENGINE=InnoDB AUTO_INCREMENT=606 DEFAULT CHARSET=utf8mb4 COLLATE=utf8mb4_0900_ai_ci;
/*!40101 SET character_set_client = @saved_cs_client */;

--
-- Dumping data for table `address`
--

LOCK TABLES `address` WRITE;
/*!40000 ALTER TABLE `address` DISABLE KEYS */;
INSERT INTO `address` VALUES (1,'47 MySakila Drive',NULL,'Alberta',300,'','','2025-07-16 09:00:00'),(2,'28 MySQL Boulevard',NULL,'QLD',576,'','','2025-07-16 09:00:00'),(3,'23 Workhaven Lane',NULL,'Alberta',300,'','14033335568','2025-07-16 09:00:00'),(4,'1411 Lillydale Drive',NULL,'QLD',576,'','6172235589','2025-07-16 09:00:00'),(5,'1913 Hanoi Way','','Nagasaki',463,'35200','28303384290','2025-07-16 09:00:00'),(6,'1121 Loja Avenue','','California',449,'17886','838635286649','2025-07-16 09:00:00'),(7,'692 Joliet Street','','Attika',38,'83579','448477190408','2025-07-16 09:00:00'),(8,'1566 Inegl Manor','','Mandalay',349,'53561','705814003527','2025-07-16 09:00:00'),(9,'53 Idfu Parkway','','Nantou',361,'42399','10655648674','2025-07-16 09:00:00'),(10,'1795 Santiago de Compostela Way','','Texas',295,'18743','860452626434','2025-07-16 09:00:00'),(11,'900 Santiago de Compostela Parkway','','Central Serbia',280,'93896','716571220373','2025-07-16 09:00:00'),(12,'478 Joliet Way','','Hamilton',200,'77948','657282285970','2025-07-16 09:00:00'),(13,'613 Korolev Drive','','Masqat',329,'45844','380657522649','2025-07-16 09:00:00'),(14,'1531 Sal Drive','','Esfahan',162,'53628','648856936185','2025-07-16 09:00:00'),(15,'1542 Tarlac Parkway','','Kanagawa',440,'1027','635297277345','2025-07-16 09:00:00'),(16,'808 Bhopal Manor','','Haryana',582,'10672','465887807014','2025-07-16 09:00:00'),(17,'270 Amroha Parkway','','Osmaniye',384,'29610','695479687538','2025-07-16 09:00:00'),(18,'770 Bydgoszcz Avenue','','California',120,'16266','517338314235','2025-07-16 09:00:00'),(19,'419 Iligan Lane','','Madhya Pradesh',76,'72878','990911107354','2025-07-16 09:00:00'),(20,'360 Toulouse Parkway','','England',495,'54308','949312333307','2025-07-16 09:00:00'),(21,'270 Toulon Boulevard','','Kalmykia',156,'81766','407752414682','2025-07-16 09:00:00'),(22,'320 Brest Avenue','','Kaduna',252,'43331','747791594069','2025-07-16 09:00:00'),(23,'1417 Lancaster Avenue','','Northern Cape',267,'72192','272572357893','2025-07-16 09:00:00'),(24,'1688 Okara Way','','Nothwest Border Prov',327,'21954','144453869132','2025-07-16 09:00:00'),(25,'262 A Corua (La Corua) Parkway','','Dhaka',525,'34418','892775750063','2025-07-16 09:00:00'),(26,'28 Charlotte Amalie Street','','Rabat-Sal-Zammour-Z',443,'37551','161968374323','2025-07-16 09:00:00'),(27,'1780 Hino Boulevard','','Liepaja',303,'7716','902731229323','2025-07-16 09:00:00'),(28,'96 Tafuna Way','','Crdoba',128,'99865','934730187245','2025-07-16 09:00:00'),(29,'934 San Felipe de Puerto Plata Street','','Sind',472,'99780','196495945706','2025-07-16 09:00:00'),(30,'18 Duisburg Boulevard','','',121,'58327','998009777982','2025-07-16 09:00:00'),(31,'217 Botshabelo Place','','Southern Mindanao',138,'49521','665356572025','2025-07-16 09:00:00'),(32,'1425 Shikarpur Manor','','Bihar',346,'65599','678220867005','2025-07-16 09:00:00'),(33,'786 Aurora Avenue','','Yamaguchi',474,'65750','18461860151','2025-07-16 09:00:00'),(34,'1668 Anpolis Street','','Taipei',316,'50199','525255540978','2025-07-16 09:00:00'),(35,'33 Gorontalo Way','','West Bengali',257,'30348','745994947458','2025-07-16 09:00:00'),(36,'176 Mandaluyong Place','','Uttar Pradesh',239,'65213','627705991774','2025-07-16 09:00:00'),(37,'127 Purnea (Purnia) Manor','','Piemonte',17,'79388','911872220378','2025-07-16 09:00:00'),(38,'61 Tama Street','','Okayama',284,'94065','708403338270','2025-07-16 09:00:00'),(39,'391 Callao Drive','','Midi-Pyrnes',544,'34021','440512153169','2025-07-16 09:00:00'),(40,'334 Munger (Monghyr) Lane','','Markazi',31,'38145','481183273622','2025-07-16 09:00:00'),(41,'1440 Fukuyama Loop','','Henan',362,'47929','912257250465','2025-07-16 09:00:00'),(42,'269 Cam Ranh Parkway','','Chisinau',115,'34689','489783829737','2025-07-16 09:00:00'),(43,'306 Antofagasta Place','','Esprito Santo',569,'3989','378318851631','2025-07-16 09:00:00'),(44,'671 Graz Street','','Oriental',353,'94399','680768868518','2025-07-16 09:00:00'),(45,'42 Brindisi Place','','Yerevan',586,'16744','42384721397','2025-07-16 09:00:00'),(46,'1632 Bislig Avenue','','Nonthaburi',394,'61117','471675840679','2025-07-16 09:00:00'),(47,'1447 Imus Way','','Tahiti',167,'48942','539758313890','2025-07-16 09:00:00'),(48,'1998 Halifax Drive','','Lipetsk',308,'76022','177727722820','2025-07-16 09:00:00'),(49,'1718 Valencia Street','','Antofagasta',27,'37359','675292816413','2025-07-16 09:00:00'),(50,'46 Pjatigorsk Lane','','Moscow (City)',343,'23616','262076994845','2025-07-16 09:00:00'),(51,'686 Garland Manor','','Cear',247,'52535','69493378813','2025-07-16 09:00:00'),(52,'909 Garland Manor','','Tatarstan',367,'69367','705800322606','2025-07-16 09:00:00'),(53,'725 Isesaki Place','','Mekka',237,'74428','876295323994','2025-07-16 09:00:00'),(54,'115 Hidalgo Parkway','','Khartum',379,'80168','307703950263','2025-07-16 09:00:00'),(55,'1135 Izumisano Parkway','','California',171,'48150','171822533480','2025-07-16 09:00:00'),(56,'939 Probolinggo Loop','','Galicia',1,'4166','680428310138','2025-07-16 09:00:00'),(57,'17 Kabul Boulevard','','Chiba',355,'38594','697760867968','2025-07-16 09:00:00'),(58,'1964 Allappuzha (Alleppey) Street','','Yamaguchi',227,'48980','920811325222','2025-07-16 09:00:00'),(59,'1697 Kowloon and New Kowloon Loop','','Moskova',49,'57807','499352017190','2025-07-16 09:00:00'),(60,'1668 Saint Louis Place','','Tahiti',397,'39072','347487831378','2025-07-16 09:00:00'),(61,'943 Tokat Street','','Vaduz',560,'45428','889318963672','2025-07-16 09:00:00'),(62,'1114 Liepaja Street','','Sarawak',282,'69226','212869228936','2025-07-16 09:00:00'),(63,'1213 Ranchi Parkway','','Karnataka',350,'94352','800024380485','2025-07-16 09:00:00'),(64,'81 Hodeida Way','','Rajasthan',231,'55561','250767749542','2025-07-16 09:00:00'),(65,'915 Ponce Place','','Basel-Stadt',56,'83980','1395251317','2025-07-16 09:00:00'),(66,'1717 Guadalajara Lane','','Missouri',441,'85505','914090181665','2025-07-16 09:00:00'),(67,'1214 Hanoi Way','','Nebraska',306,'67055','491001136577','2025-07-16 09:00:00'),(68,'1966 Amroha Avenue','','Sichuan',139,'70385','333489324603','2025-07-16 09:00:00'),(69,'698 Otsu Street','','Cayenne',105,'71110','409983924481','2025-07-16 09:00:00'),(70,'1150 Kimchon Manor','','Skne ln',321,'96109','663449333709','2025-07-16 09:00:00'),(71,'1586 Guaruj Place','','Hunan',579,'5135','947233365992','2025-07-16 09:00:00'),(72,'57 Arlington Manor','','Madhya Pradesh',475,'48960','990214419142','2025-07-16 09:00:00'),(73,'1031 Daugavpils Parkway','','Bchar',63,'59025','107137400143','2025-07-16 09:00:00'),(74,'1124 Buenaventura Drive','','Mekka',13,'6856','407733804223','2025-07-16 09:00:00'),(75,'492 Cam Ranh Street','','Eastern Visayas',61,'50805','565018274456','2025-07-16 09:00:00'),(76,'89 Allappuzha (Alleppey) Manor','','National Capital Reg',517,'75444','255800440636','2025-07-16 09:00:00'),(77,'1947 Poos de Caldas Boulevard','','Chiayi',114,'60951','427454485876','2025-07-16 09:00:00'),(78,'1206 Dos Quebradas Place','','So Paulo',431,'20207','241832790687','2025-07-16 09:00:00'),(79,'1551 Rampur Lane','','Changhwa',108,'72394','251164340471','2025-07-16 09:00:00'),(80,'602 Paarl Street','','Pavlodar',402,'98889','896314772871','2025-07-16 09:00:00'),(81,'1692 Ede Loop','','So Paulo',30,'9223','918711376618','2025-07-16 09:00:00'),(82,'936 Salzburg Lane','','Uttar Pradesh',425,'96709','875756771675','2025-07-16 09:00:00'),(83,'586 Tete Way','','Kanagawa',256,'1079','18581624103','2025-07-16 09:00:00'),(84,'1888 Kabul Drive','','Oyo & Osun',217,'20936','701457319790','2025-07-16 09:00:00'),(85,'320 Baiyin Parkway','','Mahajanga',319,'37307','223664661973','2025-07-16 09:00:00'),(86,'927 Baha Blanca Parkway','','Krim',479,'9495','821972242086','2025-07-16 09:00:00'),(87,'929 Tallahassee Loop','','Gauteng',497,'74671','800716535041','2025-07-16 09:00:00'),(88,'125 Citt del Vaticano Boulevard','','Puebla',40,'67912','48417642933','2025-07-16 09:00:00'),(89,'1557 Ktahya Boulevard','','England',88,'88002','720998247660','2025-07-16 09:00:00'),(90,'870 Ashqelon Loop','','Songkhla',489,'84931','135117278909','2025-07-16 09:00:00'),(91,'1740 Portoviejo Avenue','','Sucre',480,'29932','198123170793','2025-07-16 09:00:00'),(92,'1942 Ciparay Parkway','','Cheju',113,'82624','978987363654','2025-07-16 09:00:00'),(93,'1926 El Alto Avenue','','Buenos Aires',289,'75543','846225459260','2025-07-16 09:00:00'),(94,'1952 Chatsworth Drive','','Guangdong',332,'25958','991562402283','2025-07-16 09:00:00'),(95,'1370 Le Mans Avenue','','Brunei and Muara',53,'52163','345679835036','2025-07-16 09:00:00'),(96,'984 Effon-Alaiye Avenue','','Gois',183,'17119','132986892228','2025-07-16 09:00:00'),(97,'832 Nakhon Sawan Manor','','Inner Mongolia',592,'49021','275595571388','2025-07-16 09:00:00'),(98,'152 Kitwe Parkway','','Caraga',82,'53182','835433605312','2025-07-16 09:00:00'),(99,'1697 Tanauan Lane','','Punjab',399,'22870','4764773857','2025-07-16 09:00:00'),(100,'1308 Arecibo Way','','Georgia',41,'30695','6171054059','2025-07-16 09:00:00'),(101,'1599 Plock Drive','','Tete',534,'71986','817248913162','2025-07-16 09:00:00'),(102,'669 Firozabad Loop','','Abu Dhabi',12,'92265','412903167998','2025-07-16 09:00:00'),(103,'588 Vila Velha Manor','','Kyongsangbuk',268,'51540','333339908719','2025-07-16 09:00:00'),(104,'1913 Kamakura Place','','Lipetsk',238,'97287','942570536750','2025-07-16 09:00:00'),(105,'733 Mandaluyong Place','','Asir',2,'77459','196568435814','2025-07-16 09:00:00'),(106,'659 Vaduz Drive','','Ha Darom',34,'49708','709935135487','2025-07-16 09:00:00'),(107,'1177 Jelets Way','','Kwara & Kogi',220,'3305','484292626944','2025-07-16 09:00:00'),(108,'1386 Yangor Avenue','','Provence-Alpes-Cte',543,'80720','449216226468','2025-07-16 09:00:00'),(109,'454 Nakhon Sawan Boulevard','','Funafuti',173,'76383','963887147572','2025-07-16 09:00:00'),(110,'1867 San Juan Bautista Tuxtepec Avenue','','Ivanovo',225,'78311','547003310357','2025-07-16 09:00:00'),(111,'1532 Dzerzinsk Way','','Buenos Aires',334,'9599','330838016880','2025-07-16 09:00:00'),(112,'1002 Ahmadnagar Manor','','Mxico',213,'93026','371490777743','2025-07-16 09:00:00'),(113,'682 Junan Way','','North West',273,'30418','622255216127','2025-07-16 09:00:00'),(114,'804 Elista Drive','','Hubei',159,'61069','379804592943','2025-07-16 09:00:00'),(115,'1378 Alvorada Avenue','','Distrito Federal',102,'75834','272234298332','2025-07-16 09:00:00'),(116,'793 Cam Ranh Avenue','','California',292,'87057','824370924746','2025-07-16 09:00:00'),(117,'1079 Tel Aviv-Jaffa Boulevard','','Sucre',132,'10885','358178933857','2025-07-16 09:00:00'),(118,'442 Rae Bareli Place','','Nordrhein-Westfalen',148,'24321','886636413768','2025-07-16 09:00:00'),(119,'1107 Nakhon Sawan Avenue','','Mxico',365,'75149','867546627903','2025-07-16 09:00:00'),(120,'544 Malm Parkway','','Central Java',403,'63502','386759646229','2025-07-16 09:00:00'),(121,'1967 Sincelejo Place','','Gujarat',176,'73644','577812616052','2025-07-16 09:00:00'),(122,'333 Goinia Way','','Texas',185,'78625','909029256431','2025-07-16 09:00:00'),(123,'1987 Coacalco de Berriozbal Loop','','al-Qalyubiya',476,'96065','787654415858','2025-07-16 09:00:00'),(124,'241 Mosul Lane','','Risaralda',147,'76157','765345144779','2025-07-16 09:00:00'),(125,'211 Chiayi Drive','','Uttar Pradesh',164,'58186','665993880048','2025-07-16 09:00:00'),(126,'1175 Tanauan Way','','Lima',305,'64615','937222955822','2025-07-16 09:00:00'),(127,'117 Boa Vista Way','','Uttar Pradesh',566,'6804','677976133614','2025-07-16 09:00:00'),(128,'848 Tafuna Manor','','Ktahya',281,'45142','614935229095','2025-07-16 09:00:00'),(129,'569 Baicheng Lane','','Gauteng',85,'60304','490211944645','2025-07-16 09:00:00'),(130,'1666 Qomsheh Drive','','So Paulo',410,'66255','582835362905','2025-07-16 09:00:00'),(131,'801 Hagonoy Drive','','Smolensk',484,'8439','237426099212','2025-07-16 09:00:00'),(132,'1050 Garden Grove Avenue','','Slaskie',236,'4999','973047364353','2025-07-16 09:00:00'),(133,'1854 Tieli Street','','Shandong',302,'15819','509492324775','2025-07-16 09:00:00'),(134,'758 Junan Lane','','Gois',190,'82639','935448624185','2025-07-16 09:00:00'),(135,'1752 So Leopoldo Parkway','','Taka-Karpatia',345,'14014','252265130067','2025-07-16 09:00:00'),(136,'898 Belm Manor','','Free State',87,'49757','707169393853','2025-07-16 09:00:00'),(137,'261 Saint Louis Way','','Coahuila de Zaragoza',541,'83401','321944036800','2025-07-16 09:00:00'),(138,'765 Southampton Drive','','al-Qalyubiya',421,'4285','23712411567','2025-07-16 09:00:00'),(139,'943 Johannesburg Avenue','','Maharashtra',417,'5892','90921003005','2025-07-16 09:00:00'),(140,'788 Atinsk Street','','Karnataka',211,'81691','146497509724','2025-07-16 09:00:00'),(141,'1749 Daxian Place','','Gelderland',29,'11044','963369996279','2025-07-16 09:00:00'),(142,'1587 Sullana Lane','','Inner Mongolia',207,'85769','468060467018','2025-07-16 09:00:00'),(143,'1029 Dzerzinsk Manor','','Ynlin',542,'57519','33173584456','2025-07-16 09:00:00'),(144,'1666 Beni-Mellal Place','','Tennessee',123,'13377','9099941466','2025-07-16 09:00:00'),(145,'928 Jaffna Loop','','Hiroshima',172,'93762','581852137991','2025-07-16 09:00:00'),(146,'483 Ljubertsy Parkway','','Scotland',149,'60562','581174211853','2025-07-16 09:00:00'),(147,'374 Bat Yam Boulevard','','Kilis',266,'97700','923261616249','2025-07-16 09:00:00'),(148,'1027 Songkhla Manor','','Minsk',340,'30861','563660187896','2025-07-16 09:00:00'),(149,'999 Sanaa Loop','','Gauteng',491,'3439','918032330119','2025-07-16 09:00:00'),(150,'879 Newcastle Way','','Michigan',499,'90732','206841104594','2025-07-16 09:00:00'),(151,'1337 Lincoln Parkway','','Saitama',555,'99457','597815221267','2025-07-16 09:00:00'),(152,'1952 Pune Lane','','Saint-Denis',442,'92150','354615066969','2025-07-16 09:00:00'),(153,'782 Mosul Street','','Massachusetts',94,'25545','885899703621','2025-07-16 09:00:00'),(154,'781 Shimonoseki Drive','','Michoacn de Ocampo',202,'95444','632316273199','2025-07-16 09:00:00'),(155,'1560 Jelets Boulevard','','Shandong',291,'77777','189446090264','2025-07-16 09:00:00'),(156,'1963 Moscow Place','','Assam',354,'64863','761379480249','2025-07-16 09:00:00'),(157,'456 Escobar Way','','Jakarta Raya',232,'36061','719202533520','2025-07-16 09:00:00'),(158,'798 Cianjur Avenue','','Shanxi',590,'76990','499408708580','2025-07-16 09:00:00'),(159,'185 Novi Sad Place','','Bern',72,'41778','904253967161','2025-07-16 09:00:00'),(160,'1367 Yantai Manor','','Ondo & Ekiti',381,'21294','889538496300','2025-07-16 09:00:00'),(161,'1386 Nakhon Sawan Boulevard','','Pyongyang-si',420,'53502','368899174225','2025-07-16 09:00:00'),(162,'369 Papeete Way','','North Carolina',187,'66639','170117068815','2025-07-16 09:00:00'),(163,'1440 Compton Place','','North Austria',307,'81037','931059836497','2025-07-16 09:00:00'),(164,'1623 Baha Blanca Manor','','Moskova',310,'81511','149981248346','2025-07-16 09:00:00'),(165,'97 Shimoga Avenue','','Tel Aviv',533,'44660','177167004331','2025-07-16 09:00:00'),(166,'1740 Le Mans Loop','','Pays de la Loire',297,'22853','168476538960','2025-07-16 09:00:00'),(167,'1287 Xiangfan Boulevard','','Gifu',253,'57844','819416131190','2025-07-16 09:00:00'),(168,'842 Salzburg Lane','','Adana',529,'3313','697151428760','2025-07-16 09:00:00'),(169,'154 Tallahassee Loop','','Xinxiang',199,'62250','935508855935','2025-07-16 09:00:00'),(170,'710 San Felipe del Progreso Avenue','','Lilongwe',304,'76901','843801144113','2025-07-16 09:00:00'),(171,'1540 Wroclaw Drive','','Maharashtra',107,'62686','182363341674','2025-07-16 09:00:00'),(172,'475 Atinsk Way','','Gansu',240,'59571','201705577290','2025-07-16 09:00:00'),(173,'1294 Firozabad Drive','','Jiangxi',407,'70618','161801569569','2025-07-16 09:00:00'),(174,'1877 Ezhou Lane','','Rajasthan',550,'63337','264541743403','2025-07-16 09:00:00'),(175,'316 Uruapan Street','','Perak',223,'58194','275788967899','2025-07-16 09:00:00'),(176,'29 Pyongyang Loop','','Batman',58,'47753','734780743462','2025-07-16 09:00:00'),(177,'1010 Klerksdorp Way','','Steiermark',186,'6802','493008546874','2025-07-16 09:00:00'),(178,'1848 Salala Boulevard','','Miranda',373,'25220','48265851133','2025-07-16 09:00:00'),(179,'431 Xiangtan Avenue','','Kerala',18,'4854','230250973122','2025-07-16 09:00:00'),(180,'757 Rustenburg Avenue','','Skikda',483,'89668','506134035434','2025-07-16 09:00:00'),(181,'146 Johannesburg Way','','Tamaulipas',330,'54132','953689007081','2025-07-16 09:00:00'),(182,'1891 Rizhao Boulevard','','So Paulo',456,'47288','391065549876','2025-07-16 09:00:00'),(183,'1089 Iwatsuki Avenue','','Kirov',270,'35109','866092335135','2025-07-16 09:00:00'),(184,'1410 Benin City Parkway','','Risaralda',405,'29747','104150372603','2025-07-16 09:00:00'),(185,'682 Garden Grove Place','','Tennessee',333,'67497','72136330362','2025-07-16 09:00:00'),(186,'533 al-Ayn Boulevard','','California',126,'8862','662227486184','2025-07-16 09:00:00'),(187,'1839 Szkesfehrvr Parkway','','Gois',317,'55709','947468818183','2025-07-16 09:00:00'),(188,'741 Ambattur Manor','','Noord-Brabant',438,'43310','302590383819','2025-07-16 09:00:00'),(189,'927 Barcelona Street','','Chaharmahal va Bakht',467,'65121','951486492670','2025-07-16 09:00:00'),(190,'435 0 Way','','West Bengali',195,'74750','760171523969','2025-07-16 09:00:00'),(191,'140 Chiayi Parkway','','Sumy',506,'38982','855863906434','2025-07-16 09:00:00'),(192,'1166 Changhwa Street','','Caraga',62,'58852','650752094490','2025-07-16 09:00:00'),(193,'891 Novi Sad Manor','','Ontario',383,'5379','247646995453','2025-07-16 09:00:00'),(194,'605 Rio Claro Parkway','','Tabora',513,'49348','352469351088','2025-07-16 09:00:00'),(195,'1077 San Felipe de Puerto Plata Place','','Rostov-na-Donu',369,'65387','812824036424','2025-07-16 09:00:00'),(196,'9 San Miguel de Tucumn Manor','','Uttar Pradesh',169,'90845','956188728558','2025-07-16 09:00:00'),(197,'447 Surakarta Loop','','Nyanza',271,'10428','940830176580','2025-07-16 09:00:00'),(198,'345 Oshawa Boulevard','','Tokyo-to',204,'32114','104491201771','2025-07-16 09:00:00'),(199,'1792 Valle de la Pascua Place','','Nordrhein-Westfalen',477,'15540','419419591240','2025-07-16 09:00:00'),(200,'1074 Binzhou Manor','','Baden-Wrttemberg',325,'36490','331132568928','2025-07-16 09:00:00'),(201,'817 Bradford Loop','','Jiangsu',109,'89459','264286442804','2025-07-16 09:00:00'),(202,'955 Bamenda Way','','Ondo & Ekiti',218,'1545','768481779568','2025-07-16 09:00:00'),(203,'1149 A Corua (La Corua) Boulevard','','Haiphong',194,'95824','470884141195','2025-07-16 09:00:00'),(204,'387 Mwene-Ditu Drive','','Ahal',35,'8073','764477681869','2025-07-16 09:00:00'),(205,'68 Molodetno Manor','','Nordrhein-Westfalen',575,'4662','146640639760','2025-07-16 09:00:00'),(206,'642 Nador Drive','','Maharashtra',77,'3924','369050085652','2025-07-16 09:00:00'),(207,'1688 Nador Lane','','Sulawesi Utara',184,'61613','652218196731','2025-07-16 09:00:00'),(208,'1215 Pyongyang Parkway','','Usak',557,'25238','646237101779','2025-07-16 09:00:00'),(209,'1679 Antofagasta Street','','Alto Paran',122,'86599','905903574913','2025-07-16 09:00:00'),(210,'1304 s-Hertogenbosch Way','','Santa Catarina',83,'10925','90336226227','2025-07-16 09:00:00'),(211,'850 Salala Loop','','Kitaa',371,'10800','403404780639','2025-07-16 09:00:00'),(212,'624 Oshawa Boulevard','','West Bengali',51,'89959','49677664184','2025-07-16 09:00:00'),(213,'43 Dadu Avenue','','Rajasthan',74,'4855','95666951770','2025-07-16 09:00:00'),(214,'751 Lima Loop','','Aden',7,'99405','756460337785','2025-07-16 09:00:00'),(215,'1333 Haldia Street','','Jilin',174,'82161','408304391718','2025-07-16 09:00:00'),(216,'660 Jedda Boulevard','','Washington',65,'25053','168758068397','2025-07-16 09:00:00'),(217,'1001 Miyakonojo Lane','','Taizz',518,'67924','584316724815','2025-07-16 09:00:00'),(218,'226 Brest Manor','','California',508,'2299','785881412500','2025-07-16 09:00:00'),(219,'1229 Valencia Parkway','','Haskovo',498,'99124','352679173732','2025-07-16 09:00:00'),(220,'1201 Qomsheh Manor','','Gois',28,'21464','873492228462','2025-07-16 09:00:00'),(221,'866 Shivapuri Manor','','Uttar Pradesh',448,'22474','778502731092','2025-07-16 09:00:00'),(222,'1168 Najafabad Parkway','','Kabol',251,'40301','886649065861','2025-07-16 09:00:00'),(223,'1244 Allappuzha (Alleppey) Place','','Buenos Aires',567,'20657','991802825778','2025-07-16 09:00:00'),(224,'1842 Luzinia Boulevard','','Zanzibar West',593,'94420','706878974831','2025-07-16 09:00:00'),(225,'1926 Gingoog Street','','Sisilia',511,'22824','469738825391','2025-07-16 09:00:00'),(226,'810 Palghat (Palakkad) Boulevard','','Jaroslavl',235,'73431','516331171356','2025-07-16 09:00:00'),(227,'1820 Maring Parkway','','Punjab',324,'88307','99760893676','2025-07-16 09:00:00'),(228,'60 Poos de Caldas Street','','Rajasthan',243,'82338','963063788669','2025-07-16 09:00:00'),(229,'1014 Loja Manor','','Tamil Nadu',22,'66851','460795526514','2025-07-16 09:00:00'),(230,'201 Effon-Alaiye Way','','Asuncin',37,'64344','684192903087','2025-07-16 09:00:00'),(231,'430 Alessandria Loop','','Saarland',439,'47446','669828224459','2025-07-16 09:00:00'),(232,'754 Valencia Place','','Phnom Penh',406,'87911','594319417514','2025-07-16 09:00:00'),(233,'356 Olomouc Manor','','Gois',26,'93323','22326410776','2025-07-16 09:00:00'),(234,'1256 Bislig Boulevard','','Botosani',86,'50598','479007229460','2025-07-16 09:00:00'),(235,'954 Kimchon Place','','West Bengali',559,'42420','541327526474','2025-07-16 09:00:00'),(236,'885 Yingkou Manor','','Kaduna',596,'31390','588964509072','2025-07-16 09:00:00'),(237,'1736 Cavite Place','','Qina',216,'98775','431770603551','2025-07-16 09:00:00'),(238,'346 Skikda Parkway','','Hawalli',233,'90628','630424482919','2025-07-16 09:00:00'),(239,'98 Stara Zagora Boulevard','','Valle',96,'76448','610173756082','2025-07-16 09:00:00'),(240,'1479 Rustenburg Boulevard','','Southern Tagalog',527,'18727','727785483194','2025-07-16 09:00:00'),(241,'647 A Corua (La Corua) Street','','Chollanam',357,'36971','792557457753','2025-07-16 09:00:00'),(242,'1964 Gijn Manor','','Karnataka',473,'14408','918119601885','2025-07-16 09:00:00'),(243,'47 Syktyvkar Lane','','West Java',118,'22236','63937119031','2025-07-16 09:00:00'),(244,'1148 Saarbrcken Parkway','','Fukushima',226,'1921','137773001988','2025-07-16 09:00:00'),(245,'1103 Bilbays Parkway','','Hubei',578,'87660','279979529227','2025-07-16 09:00:00'),(246,'1246 Boksburg Parkway','','Hebei',422,'28349','890283544295','2025-07-16 09:00:00'),(247,'1483 Pathankot Street','','Tucumn',454,'37288','686015532180','2025-07-16 09:00:00'),(248,'582 Papeete Loop','','Central Visayas',294,'27722','569868543137','2025-07-16 09:00:00'),(249,'300 Junan Street','','Kyonggi',553,'81314','890289150158','2025-07-16 09:00:00'),(250,'829 Grand Prairie Way','','Paran',328,'6461','741070712873','2025-07-16 09:00:00'),(251,'1473 Changhwa Parkway','','Mxico',124,'75933','266798132374','2025-07-16 09:00:00'),(252,'1309 Weifang Street','','Florida',520,'57338','435785045362','2025-07-16 09:00:00'),(253,'1760 Oshawa Manor','','Tianjin',535,'38140','56257502250','2025-07-16 09:00:00'),(254,'786 Stara Zagora Way','','Oyo & Osun',390,'98332','716256596301','2025-07-16 09:00:00'),(255,'1966 Tonghae Street','','Anhalt Sachsen',198,'36481','567359279425','2025-07-16 09:00:00'),(256,'1497 Yuzhou Drive','','England',312,'3433','246810237916','2025-07-16 09:00:00'),(258,'752 Ondo Loop','','Miyazaki',338,'32474','134673576619','2025-07-16 09:00:00'),(259,'1338 Zalantun Lane','','Minas Gerais',413,'45403','840522972766','2025-07-16 09:00:00'),(260,'127 Iwakuni Boulevard','','Central Luzon',192,'20777','987442542471','2025-07-16 09:00:00'),(261,'51 Laredo Avenue','','Sagaing',342,'68146','884536620568','2025-07-16 09:00:00'),(262,'771 Yaound Manor','','Sofala',64,'86768','245477603573','2025-07-16 09:00:00'),(263,'532 Toulon Street','','Santiago',460,'69517','46871694740','2025-07-16 09:00:00'),(264,'1027 Banjul Place','','West Bengali',197,'50390','538241037443','2025-07-16 09:00:00'),(265,'1158 Mandi Bahauddin Parkway','','Shanxi',136,'98484','276555730211','2025-07-16 09:00:00'),(266,'862 Xintai Lane','','Cagayan Valley',548,'30065','265153400632','2025-07-16 09:00:00'),(267,'816 Cayenne Parkway','','Manab',414,'93629','282874611748','2025-07-16 09:00:00'),(268,'1831 Nam Dinh Loop','','National Capital Reg',323,'51990','322888976727','2025-07-16 09:00:00'),(269,'446 Kirovo-Tepetsk Lane','','Osaka',203,'19428','303967439816','2025-07-16 09:00:00'),(270,'682 Halisahar Place','','Severn Morava',378,'20536','475553436330','2025-07-16 09:00:00'),(271,'1587 Loja Manor','','Salzburg',447,'5410','621625204422','2025-07-16 09:00:00'),(272,'1762 Paarl Parkway','','Hunan',298,'53928','192459639410','2025-07-16 09:00:00'),(273,'1519 Ilorin Place','','Kerala',395,'49298','357445645426','2025-07-16 09:00:00'),(274,'920 Kumbakonam Loop','','California',446,'75090','685010736240','2025-07-16 09:00:00'),(275,'906 Goinia Way','','Wielkopolskie',255,'83565','701767622697','2025-07-16 09:00:00'),(276,'1675 Xiangfan Manor','','Tamil Nadu',283,'11763','271149517630','2025-07-16 09:00:00'),(277,'85 San Felipe de Puerto Plata Drive','','Shandong',584,'46063','170739645687','2025-07-16 09:00:00'),(278,'144 South Hill Loop','','Guanajuato',445,'2012','45387294817','2025-07-16 09:00:00'),(279,'1884 Shikarpur Avenue','','Haryana',263,'85548','959949395183','2025-07-16 09:00:00'),(280,'1980 Kamjanets-Podilskyi Street','','Illinois',404,'89502','874337098891','2025-07-16 09:00:00'),(281,'1944 Bamenda Way','','Michigan',573,'24645','75975221996','2025-07-16 09:00:00'),(282,'556 Baybay Manor','','Oyo & Osun',374,'55802','363982224739','2025-07-16 09:00:00'),(283,'457 Tongliao Loop','','Bursa',222,'56254','880756161823','2025-07-16 09:00:00'),(284,'600 Bradford Street','','East Azerbaidzan',514,'96204','117592274996','2025-07-16 09:00:00'),(285,'1006 Santa Brbara dOeste Manor','','Ondo & Ekiti',389,'36229','85059738746','2025-07-16 09:00:00'),(286,'1308 Sumy Loop','','Fujian',175,'30657','583021225407','2025-07-16 09:00:00'),(287,'1405 Chisinau Place','','Ponce',411,'8160','62781725285','2025-07-16 09:00:00'),(288,'226 Halifax Street','','Xinxiang',277,'58492','790651020929','2025-07-16 09:00:00'),(289,'1279 Udine Parkway','','Edo & Delta',69,'75860','195003555232','2025-07-16 09:00:00'),(290,'1336 Benin City Drive','','Shiga',386,'46044','341242939532','2025-07-16 09:00:00'),(291,'1155 Liaocheng Place','','Oyo & Osun',152,'22650','558236142492','2025-07-16 09:00:00'),(292,'1993 Tabuk Lane','','Tamil Nadu',522,'64221','648482415405','2025-07-16 09:00:00'),(293,'86 Higashiosaka Lane','','Guanajuato',563,'33768','957128697225','2025-07-16 09:00:00'),(294,'1912 Allende Manor','','Kowloon and New Kowl',279,'58124','172262454487','2025-07-16 09:00:00'),(295,'544 Tarsus Boulevard','','Gurico',562,'53145','892523334','2025-07-16 09:00:00'),(296,'1936 Cuman Avenue','','Virginia',433,'61195','976798660411','2025-07-16 09:00:00'),(297,'1192 Tongliao Street','','Sharja',470,'19065','350970907017','2025-07-16 09:00:00'),(298,'44 Najafabad Way','','Baskimaa',146,'61391','96604821070','2025-07-16 09:00:00'),(299,'32 Pudukkottai Lane','','Ohio',140,'38834','967274728547','2025-07-16 09:00:00'),(300,'661 Chisinau Lane','','Pietari',274,'8856','816436065431','2025-07-16 09:00:00'),(301,'951 Stara Zagora Manor','','Punjab',400,'98573','429925609431','2025-07-16 09:00:00'),(302,'922 Vila Velha Loop','','Maharashtra',9,'4085','510737228015','2025-07-16 09:00:00'),(303,'898 Jining Lane','','Pohjois-Pohjanmaa',387,'40070','161643343536','2025-07-16 09:00:00'),(304,'1635 Kuwana Boulevard','','Hiroshima',205,'52137','710603868323','2025-07-16 09:00:00'),(305,'41 El Alto Parkway','','Maharashtra',398,'56883','51917807050','2025-07-16 09:00:00'),(306,'1883 Maikop Lane','','Kaliningrad',254,'68469','96110042435','2025-07-16 09:00:00'),(307,'1908 Gaziantep Place','','Liaoning',536,'58979','108053751300','2025-07-16 09:00:00'),(308,'687 Alessandria Parkway','','Sanaa',455,'57587','407218522294','2025-07-16 09:00:00'),(309,'827 Yuncheng Drive','','Callao',99,'79047','504434452842','2025-07-16 09:00:00'),(310,'913 Coacalco de Berriozbal Loop','','Texas',33,'42141','262088367001','2025-07-16 09:00:00'),(311,'715 So Bernardo do Campo Lane','','Kedah',507,'84804','181179321332','2025-07-16 09:00:00'),(312,'1354 Siegen Street','','Rio de Janeiro',25,'80184','573441801529','2025-07-16 09:00:00'),(313,'1191 Sungai Petani Boulevard','','Missouri',262,'9668','983259819766','2025-07-16 09:00:00'),(314,'1224 Huejutla de Reyes Boulevard','','Lombardia',91,'70923','806016930576','2025-07-16 09:00:00'),(315,'543 Bergamo Avenue','','Minas Gerais',215,'59686','103602195112','2025-07-16 09:00:00'),(316,'746 Joliet Lane','','Kursk',286,'94878','688485191923','2025-07-16 09:00:00'),(317,'780 Kimberley Way','','Tabuk',515,'17032','824396883951','2025-07-16 09:00:00'),(318,'1774 Yaound Place','','Hubei',166,'91400','613124286867','2025-07-16 09:00:00'),(319,'1957 Yantai Lane','','So Paulo',490,'59255','704948322302','2025-07-16 09:00:00'),(320,'1542 Lubumbashi Boulevard','','Tel Aviv',57,'62472','508800331065','2025-07-16 09:00:00'),(321,'651 Pathankot Loop','','Maharashtra',336,'59811','139378397418','2025-07-16 09:00:00'),(322,'1359 Zhoushan Parkway','','Streymoyar',545,'29763','46568045367','2025-07-16 09:00:00'),(323,'1769 Iwaki Lane','','Kujawsko-Pomorskie',97,'25787','556100547674','2025-07-16 09:00:00'),(324,'1145 Vilnius Manor','','Mxico',451,'73170','674805712553','2025-07-16 09:00:00'),(325,'1892 Nabereznyje Telny Lane','','Tutuila',516,'28396','478229987054','2025-07-16 09:00:00'),(326,'470 Boksburg Street','','Central',81,'97960','908029859266','2025-07-16 09:00:00'),(327,'1427 A Corua (La Corua) Place','','Buenos Aires',45,'85799','972574862516','2025-07-16 09:00:00'),(328,'479 San Felipe del Progreso Avenue','','Morelos',130,'54949','869051782691','2025-07-16 09:00:00'),(329,'867 Benin City Avenue','','Henan',591,'78543','168884817145','2025-07-16 09:00:00'),(330,'981 Kumbakonam Place','','Distrito Federal',89,'87611','829116184079','2025-07-16 09:00:00'),(331,'1016 Iwakuni Street','','St George',269,'49833','961370847344','2025-07-16 09:00:00'),(332,'663 Baha Blanca Parkway','','Adana',5,'33463','834418779292','2025-07-16 09:00:00'),(333,'1860 Taguig Loop','','West Java',119,'59550','38158430589','2025-07-16 09:00:00'),(334,'1816 Bydgoszcz Loop','','Dhaka',234,'64308','965273813662','2025-07-16 09:00:00'),(335,'587 Benguela Manor','','Illinois',42,'91590','165450987037','2025-07-16 09:00:00'),(336,'430 Kumbakonam Drive','','Santa F',457,'28814','105470691550','2025-07-16 09:00:00'),(337,'1838 Tabriz Lane','','Dhaka',143,'1195','38988715447','2025-07-16 09:00:00'),(338,'431 Szkesfehrvr Avenue','','Baki',48,'57828','119501405123','2025-07-16 09:00:00'),(339,'503 Sogamoso Loop','','Sumqayit',505,'49812','834626715837','2025-07-16 09:00:00'),(340,'507 Smolensk Loop','','Sousse',492,'22971','80303246192','2025-07-16 09:00:00'),(341,'1920 Weifang Avenue','','Uttar Pradesh',427,'15643','869507847714','2025-07-16 09:00:00'),(342,'124 al-Manama Way','','Hiroshima',382,'52368','647899404952','2025-07-16 09:00:00'),(343,'1443 Mardan Street','','Western Cape',392,'31483','231383037471','2025-07-16 09:00:00'),(344,'1909 Benguela Lane','','Henan',581,'19913','624138001031','2025-07-16 09:00:00'),(345,'68 Ponce Parkway','','Hanoi',201,'85926','870635127812','2025-07-16 09:00:00'),(346,'1217 Konotop Avenue','','Gelderland',151,'504','718917251754','2025-07-16 09:00:00'),(347,'1293 Nam Dinh Way','','Roraima',84,'71583','697656479977','2025-07-16 09:00:00'),(348,'785 Vaduz Street','','Baja California',335,'36170','895616862749','2025-07-16 09:00:00'),(349,'1516 Escobar Drive','','Tongatapu',370,'46069','64536069371','2025-07-16 09:00:00'),(350,'1628 Nagareyama Lane','','Central',453,'60079','20194292617','2025-07-16 09:00:00'),(351,'1157 Nyeri Loop','','Adygea',320,'56380','262744791493','2025-07-16 09:00:00'),(352,'1673 Tangail Drive','','Daugavpils',137,'26857','627924259271','2025-07-16 09:00:00'),(353,'381 Kabul Way','','Taipei',209,'87272','55477302294','2025-07-16 09:00:00'),(354,'953 Hodeida Street','','Southern Tagalog',221,'18841','53912826864','2025-07-16 09:00:00'),(355,'469 Nakhon Sawan Street','','Tuvassia',531,'58866','689199636560','2025-07-16 09:00:00'),(356,'1378 Beira Loop','','Krasnojarsk',597,'40792','840957664136','2025-07-16 09:00:00'),(357,'1641 Changhwa Place','','Nord-Ouest',52,'37636','256546485220','2025-07-16 09:00:00'),(358,'1698 Southport Loop','','Hidalgo',393,'49009','754358349853','2025-07-16 09:00:00'),(359,'519 Nyeri Manor','','So Paulo',461,'37650','764680915323','2025-07-16 09:00:00'),(360,'619 Hunuco Avenue','','Shimane',331,'81508','142596392389','2025-07-16 09:00:00'),(361,'45 Aparecida de Goinia Place','','Madhya Pradesh',464,'7431','650496654258','2025-07-16 09:00:00'),(362,'482 Kowloon and New Kowloon Manor','','Bratislava',90,'97056','738968474939','2025-07-16 09:00:00'),(363,'604 Bern Place','','Jharkhand',429,'5373','620719383725','2025-07-16 09:00:00'),(364,'1623 Kingstown Drive','','Buenos Aires',20,'91299','296394569728','2025-07-16 09:00:00'),(365,'1009 Zanzibar Lane','','Arecibo',32,'64875','102396298916','2025-07-16 09:00:00'),(366,'114 Jalib al-Shuyukh Manor','','Centre',585,'60440','845378657301','2025-07-16 09:00:00'),(367,'1163 London Parkway','','Par',66,'6066','675120358494','2025-07-16 09:00:00'),(368,'1658 Jastrzebie-Zdrj Loop','','Central',372,'96584','568367775448','2025-07-16 09:00:00'),(369,'817 Laredo Avenue','','Jalisco',188,'77449','151249681135','2025-07-16 09:00:00'),(370,'1565 Tangail Manor','','Okinawa',377,'45750','634445428822','2025-07-16 09:00:00'),(371,'1912 Emeishan Drive','','Balikesir',50,'33050','99883471275','2025-07-16 09:00:00'),(372,'230 Urawa Drive','','Andhra Pradesh',8,'2738','166898395731','2025-07-16 09:00:00'),(373,'1922 Miraj Way','','Esfahan',356,'13203','320471479776','2025-07-16 09:00:00'),(374,'433 Florencia Street','','Chihuahua',250,'91330','561729882725','2025-07-16 09:00:00'),(375,'1049 Matamoros Parkway','','Karnataka',191,'69640','960505250340','2025-07-16 09:00:00'),(376,'1061 Ede Avenue','','Southern Tagalog',98,'57810','333390595558','2025-07-16 09:00:00'),(377,'154 Oshawa Manor','','East Java',415,'72771','440365973660','2025-07-16 09:00:00'),(378,'1191 Tandil Drive','','Southern Tagalog',523,'6362','45554316010','2025-07-16 09:00:00'),(379,'1133 Rizhao Avenue','','Pernambuco',572,'2800','600264533987','2025-07-16 09:00:00'),(380,'1519 Santiago de los Caballeros Loop','','East Kasai',348,'22025','409315295763','2025-07-16 09:00:00'),(381,'1618 Olomouc Manor','','Kurgan',285,'26385','96846695220','2025-07-16 09:00:00'),(382,'220 Hidalgo Drive','','Kermanshah',265,'45298','342720754566','2025-07-16 09:00:00'),(383,'686 Donostia-San Sebastin Lane','','Guangdong',471,'97390','71857599858','2025-07-16 09:00:00'),(384,'97 Mogiljov Lane','','Gujarat',73,'89294','924815207181','2025-07-16 09:00:00'),(385,'1642 Charlotte Amalie Drive','','Slaskie',549,'75442','821476736117','2025-07-16 09:00:00'),(386,'1368 Maracabo Boulevard','','',493,'32716','934352415130','2025-07-16 09:00:00'),(387,'401 Sucre Boulevard','','New Hampshire',322,'25007','486395999608','2025-07-16 09:00:00'),(388,'368 Hunuco Boulevard','','Namibe',360,'17165','106439158941','2025-07-16 09:00:00'),(389,'500 Lincoln Parkway','','Jiangsu',210,'95509','550306965159','2025-07-16 09:00:00'),(390,'102 Chapra Drive','','Ibaragi',521,'14073','776031833752','2025-07-16 09:00:00'),(391,'1793 Meixian Place','','Hmelnytskyi',258,'33535','619966287415','2025-07-16 09:00:00'),(392,'514 Ife Way','','Shaba',315,'69973','900235712074','2025-07-16 09:00:00'),(393,'717 Changzhou Lane','','Southern Tagalog',104,'21615','426255288071','2025-07-16 09:00:00'),(394,'753 Ilorin Avenue','','Sichuan',157,'3656','464511145118','2025-07-16 09:00:00'),(395,'1337 Mit Ghamr Avenue','','Nakhon Sawan',358,'29810','175283210378','2025-07-16 09:00:00'),(396,'767 Pyongyang Drive','','Osaka',229,'83536','667736124769','2025-07-16 09:00:00'),(397,'614 Pak Kret Street','','Addis Abeba',6,'27796','47808359842','2025-07-16 09:00:00'),(398,'954 Lapu-Lapu Way','','Moskova',278,'8816','737229003916','2025-07-16 09:00:00'),(399,'331 Bydgoszcz Parkway','','Asturia',181,'966','537374465982','2025-07-16 09:00:00'),(400,'1152 Citrus Heights Manor','','al-Qadarif',15,'5239','765957414528','2025-07-16 09:00:00'),(401,'168 Cianjur Manor','','Saitama',228,'73824','679095087143','2025-07-16 09:00:00'),(402,'616 Hagonoy Avenue','','Krasnojarsk',39,'46043','604177838256','2025-07-16 09:00:00'),(403,'1190 0 Place','','Rio Grande do Sul',44,'10417','841876514789','2025-07-16 09:00:00'),(404,'734 Bchar Place','','Punjab',375,'30586','280578750435','2025-07-16 09:00:00'),(405,'530 Lausanne Lane','','Texas',135,'11067','775235029633','2025-07-16 09:00:00'),(406,'454 Patiala Lane','','Fukushima',276,'13496','794553031307','2025-07-16 09:00:00'),(407,'1346 Mysore Drive','','Bretagne',92,'61507','516647474029','2025-07-16 09:00:00'),(408,'990 Etawah Loop','','Tamil Nadu',564,'79940','206169448769','2025-07-16 09:00:00'),(409,'1266 Laredo Parkway','','Saitama',380,'7664','1483365694','2025-07-16 09:00:00'),(410,'88 Nagaon Manor','','Buenos Aires',524,'86868','779461480495','2025-07-16 09:00:00'),(411,'264 Bhimavaram Manor','','St Thomas',111,'54749','302526949177','2025-07-16 09:00:00'),(412,'1639 Saarbrcken Drive','','North West',437,'9827','328494873422','2025-07-16 09:00:00'),(413,'692 Amroha Drive','','Northern',230,'35575','359478883004','2025-07-16 09:00:00'),(414,'1936 Lapu-Lapu Parkway','','Bauchi & Gombe',141,'7122','653436985797','2025-07-16 09:00:00'),(415,'432 Garden Grove Street','','Ontario',430,'65630','615964523510','2025-07-16 09:00:00'),(416,'1445 Carmen Parkway','','West Java',117,'70809','598912394463','2025-07-16 09:00:00'),(417,'791 Salinas Street','','Punjab',208,'40509','129953030512','2025-07-16 09:00:00'),(418,'126 Acua Parkway','','West Bengali',71,'58888','480039662421','2025-07-16 09:00:00'),(419,'397 Sunnyvale Avenue','','Guanajuato',19,'55566','680851640676','2025-07-16 09:00:00'),(420,'992 Klerksdorp Loop','','Utrecht',23,'33711','855290087237','2025-07-16 09:00:00'),(421,'966 Arecibo Loop','','Sind',134,'94018','15273765306','2025-07-16 09:00:00'),(422,'289 Santo Andr Manor','','al-Sharqiya',16,'72410','214976066017','2025-07-16 09:00:00'),(423,'437 Chungho Drive','','Puerto Plata',450,'59489','491271355190','2025-07-16 09:00:00'),(424,'1948 Bayugan Parkway','','Bihar',264,'60622','987306329957','2025-07-16 09:00:00'),(425,'1866 al-Qatif Avenue','','California',155,'89420','546793516940','2025-07-16 09:00:00'),(426,'1661 Abha Drive','','Tamil Nadu',416,'14400','270456873752','2025-07-16 09:00:00'),(427,'1557 Cape Coral Parkway','','Hubei',293,'46875','368284120423','2025-07-16 09:00:00'),(428,'1727 Matamoros Place','','Sawhaj',465,'78813','129673677866','2025-07-16 09:00:00'),(429,'1269 Botosani Manor','','Guangdong',468,'47394','736517327853','2025-07-16 09:00:00'),(430,'355 Vitria de Santo Anto Way','','Oaxaca',452,'81758','548003849552','2025-07-16 09:00:00'),(431,'1596 Acua Parkway','','Jharkhand',418,'70425','157133457169','2025-07-16 09:00:00'),(432,'259 Ipoh Drive','','So Paulo',189,'64964','419009857119','2025-07-16 09:00:00'),(433,'1823 Hoshiarpur Lane','','Komi',510,'33191','307133768620','2025-07-16 09:00:00'),(434,'1404 Taguig Drive','','Okayama',547,'87212','572068624538','2025-07-16 09:00:00'),(435,'740 Udaipur Lane','','Nizni Novgorod',150,'33505','497288595103','2025-07-16 09:00:00'),(436,'287 Cuautla Boulevard','','Chuquisaca',501,'72736','82619513349','2025-07-16 09:00:00'),(437,'1766 Almirante Brown Street','','KwaZulu-Natal',364,'63104','617567598243','2025-07-16 09:00:00'),(438,'596 Huixquilucan Place','','Nampula',351,'65892','342709348083','2025-07-16 09:00:00'),(439,'1351 Aparecida de Goinia Parkway','','Northern Mindanao',391,'41775','959834530529','2025-07-16 09:00:00'),(440,'722 Bradford Lane','','Shandong',249,'90920','746251338300','2025-07-16 09:00:00'),(441,'983 Santa F Way','','British Colombia',565,'47472','145720452260','2025-07-16 09:00:00'),(442,'1245 Ibirit Way','','La Romana',290,'40926','331888642162','2025-07-16 09:00:00'),(443,'1836 Korla Parkway','','Copperbelt',272,'55405','689681677428','2025-07-16 09:00:00'),(444,'231 Kaliningrad Place','','Lombardia',70,'57833','575081026569','2025-07-16 09:00:00'),(445,'495 Bhimavaram Lane','','Maharashtra',144,'3','82088937724','2025-07-16 09:00:00'),(446,'1924 Shimonoseki Drive','','Batna',59,'52625','406784385440','2025-07-16 09:00:00'),(447,'105 Dzerzinsk Manor','','Inner Mongolia',540,'48570','240776414296','2025-07-16 09:00:00'),(448,'614 Denizli Parkway','','Rio Grande do Sul',486,'29444','876491807547','2025-07-16 09:00:00'),(449,'1289 Belm Boulevard','','Tartumaa',530,'88306','237368926031','2025-07-16 09:00:00'),(450,'203 Tambaram Street','','Buenos Aires',161,'73942','411549550611','2025-07-16 09:00:00'),(451,'1704 Tambaram Manor','','West Bengali',554,'2834','39463554936','2025-07-16 09:00:00'),(452,'207 Cuernavaca Loop','','Tatarstan',352,'52671','782900030287','2025-07-16 09:00:00'),(453,'319 Springs Loop','','Baijeri',160,'99552','72524459905','2025-07-16 09:00:00'),(454,'956 Nam Dinh Manor','','Kerman',481,'21872','474047727727','2025-07-16 09:00:00'),(455,'1947 Paarl Way','','Central Java',509,'23636','834061016202','2025-07-16 09:00:00'),(456,'814 Simferopol Loop','','Sinaloa',154,'48745','524567129902','2025-07-16 09:00:00'),(457,'535 Ahmadnagar Manor','','Abu Dhabi',3,'41136','985109775584','2025-07-16 09:00:00'),(458,'138 Caracas Boulevard','','Zulia',326,'16790','974433019532','2025-07-16 09:00:00'),(459,'251 Florencia Drive','','Michoacn de Ocampo',556,'16119','118011831565','2025-07-16 09:00:00'),(460,'659 Gatineau Boulevard','','La Paz',153,'28587','205524798287','2025-07-16 09:00:00'),(461,'1889 Valparai Way','','Ziguinchor',600,'75559','670370974122','2025-07-16 09:00:00'),(462,'1485 Bratislava Place','','Illinois',435,'83183','924663855568','2025-07-16 09:00:00'),(463,'935 Aden Boulevard','','Central Java',532,'64709','335052544020','2025-07-16 09:00:00'),(464,'76 Kermanshah Manor','','Esfahan',423,'23343','762361821578','2025-07-16 09:00:00'),(465,'734 Tanshui Avenue','','Caquet',170,'70664','366776723320','2025-07-16 09:00:00'),(466,'118 Jaffna Loop','','Northern Mindanao',182,'10447','325526730021','2025-07-16 09:00:00'),(467,'1621 Tongliao Avenue','','Irkutsk',558,'22173','209342540247','2025-07-16 09:00:00'),(468,'1844 Usak Avenue','','Nova Scotia',196,'84461','164414772677','2025-07-16 09:00:00'),(469,'1872 Toulon Loop','','OHiggins',428,'7939','928809465153','2025-07-16 09:00:00'),(470,'1088 Ibirit Place','','Jalisco',595,'88502','49084281333','2025-07-16 09:00:00'),(471,'1322 Mosul Parkway','','Shandong',145,'95400','268053970382','2025-07-16 09:00:00'),(472,'1447 Chatsworth Place','','Chihuahua',129,'41545','769370126331','2025-07-16 09:00:00'),(473,'1257 Guadalajara Street','','Karnataka',78,'33599','195337700615','2025-07-16 09:00:00'),(474,'1469 Plock Lane','','Galicia',388,'95835','622884741180','2025-07-16 09:00:00'),(475,'434 Ourense (Orense) Manor','','Hodeida',206,'14122','562370137426','2025-07-16 09:00:00'),(476,'270 Tambaram Parkway','','Gauteng',244,'9668','248446668735','2025-07-16 09:00:00'),(477,'1786 Salinas Place','','Nam Ha',359,'66546','206060652238','2025-07-16 09:00:00'),(478,'1078 Stara Zagora Drive','','Aceh',301,'69221','932992626595','2025-07-16 09:00:00'),(479,'1854 Okara Boulevard','','Drenthe',158,'42123','131912793873','2025-07-16 09:00:00'),(480,'421 Yaound Street','','Sumy',385,'11363','726875628268','2025-07-16 09:00:00'),(481,'1153 Allende Way','','Qubec',179,'20336','856872225376','2025-07-16 09:00:00'),(482,'808 Naala-Porto Parkway','','England',500,'41060','553452430707','2025-07-16 09:00:00'),(483,'632 Usolje-Sibirskoje Parkway','','Ha Darom',36,'73085','667648979883','2025-07-16 09:00:00'),(484,'98 Pyongyang Boulevard','','Ohio',11,'88749','191958435142','2025-07-16 09:00:00'),(485,'984 Novoterkassk Loop','','Gaziantep',180,'28165','435118527255','2025-07-16 09:00:00'),(486,'64 Korla Street','','Mwanza',347,'25145','510383179153','2025-07-16 09:00:00'),(487,'1785 So Bernardo do Campo Street','','Veracruz',125,'71182','684529463244','2025-07-16 09:00:00'),(488,'698 Jelets Boulevard','','Denizli',142,'2596','975185523021','2025-07-16 09:00:00'),(489,'1297 Alvorada Parkway','','Ningxia',587,'11839','508348602835','2025-07-16 09:00:00'),(490,'1909 Dayton Avenue','','Guangdong',469,'88513','702955450528','2025-07-16 09:00:00'),(491,'1789 Saint-Denis Parkway','','Coahuila de Zaragoza',4,'8268','936806643983','2025-07-16 09:00:00'),(492,'185 Mannheim Lane','','Stavropol',408,'23661','589377568313','2025-07-16 09:00:00'),(493,'184 Mandaluyong Street','','Baja California Sur',288,'94239','488425406814','2025-07-16 09:00:00'),(494,'591 Sungai Petani Drive','','Okayama',376,'46400','37247325001','2025-07-16 09:00:00'),(495,'656 Matamoros Drive','','Boyac',487,'19489','17305839123','2025-07-16 09:00:00'),(496,'775 ostka Drive','','al-Daqahliya',337,'22358','171973024401','2025-07-16 09:00:00'),(497,'1013 Tabuk Boulevard','','West Bengali',261,'96203','158399646978','2025-07-16 09:00:00'),(498,'319 Plock Parkway','','Istanbul',504,'26101','854259976812','2025-07-16 09:00:00'),(499,'1954 Kowloon and New Kowloon Way','','Chimborazo',434,'63667','898559280434','2025-07-16 09:00:00'),(500,'362 Rajkot Lane','','Gansu',47,'98030','962020153680','2025-07-16 09:00:00'),(501,'1060 Tandil Lane','','Shandong',432,'72349','211256301880','2025-07-16 09:00:00'),(502,'1515 Korla Way','','England',589,'57197','959467760895','2025-07-16 09:00:00'),(503,'1416 San Juan Bautista Tuxtepec Avenue','','Zufar',444,'50592','144206758053','2025-07-16 09:00:00'),(504,'1 Valle de Santiago Avenue','','Apulia',93,'86208','465897838272','2025-07-16 09:00:00'),(505,'519 Brescia Parkway','','East Java',318,'69504','793996678771','2025-07-16 09:00:00'),(506,'414 Mandaluyong Street','','Lubelskie',314,'16370','52709222667','2025-07-16 09:00:00'),(507,'1197 Sokoto Boulevard','','West Bengali',478,'87687','868602816371','2025-07-16 09:00:00'),(508,'496 Celaya Drive','','Nagano',552,'90797','759586584889','2025-07-16 09:00:00'),(509,'786 Matsue Way','','Illinois',245,'37469','111177206479','2025-07-16 09:00:00'),(510,'48 Maracabo Place','','Central Luzon',519,'1570','82671830126','2025-07-16 09:00:00'),(511,'1152 al-Qatif Lane','','Kalimantan Barat',412,'44816','131370665218','2025-07-16 09:00:00'),(512,'1269 Ipoh Avenue','','Eskisehir',163,'54674','402630109080','2025-07-16 09:00:00'),(513,'758 Korolev Parkway','','Andhra Pradesh',568,'75474','441628280920','2025-07-16 09:00:00'),(514,'1747 Rustenburg Place','','Bihar',110,'51369','442673923363','2025-07-16 09:00:00'),(515,'886 Tonghae Place','','Volgograd',259,'19450','711928348157','2025-07-16 09:00:00'),(516,'1574 Goinia Boulevard','','Heilongjiang',502,'39529','59634255214','2025-07-16 09:00:00'),(517,'548 Uruapan Street','','Ontario',312,'35653','879347453467','2025-07-16 09:00:00'),(519,'962 Tama Loop','','',583,'65952','282667506728','2025-07-16 09:00:00'),(520,'1778 Gijn Manor','','Hubei',594,'35156','288910576761','2025-07-16 09:00:00'),(521,'568 Dhule (Dhulia) Loop','','Coquimbo',127,'92568','602101369463','2025-07-16 09:00:00'),(522,'1768 Udine Loop','','Battambang',60,'32347','448876499197','2025-07-16 09:00:00'),(523,'608 Birgunj Parkway','','Taipei',116,'400','627425618482','2025-07-16 09:00:00'),(524,'680 A Corua (La Corua) Manor','','Sivas',482,'49806','158326114853','2025-07-16 09:00:00'),(525,'1949 Sanya Street','','Gumma',224,'61244','132100972047','2025-07-16 09:00:00'),(526,'617 Klerksdorp Place','','Khanh Hoa',366,'94707','574973479129','2025-07-16 09:00:00'),(527,'1993 0 Loop','','Liaoning',588,'41214','25865528181','2025-07-16 09:00:00'),(528,'1176 Southend-on-Sea Manor','','Southern Tagalog',458,'81651','236679267178','2025-07-16 09:00:00'),(529,'600 Purnea (Purnia) Avenue','','Nghe An',571,'18043','638409958875','2025-07-16 09:00:00'),(530,'1003 Qinhuangdao Street','','West Java',419,'25972','35533115997','2025-07-16 09:00:00'),(531,'1986 Sivas Place','','Friuli-Venezia Giuli',551,'95775','182059202712','2025-07-16 09:00:00'),(532,'1427 Tabuk Place','','Florida',101,'31342','214756839122','2025-07-16 09:00:00'),(533,'556 Asuncin Way','','Mogiljov',339,'35364','338244023543','2025-07-16 09:00:00'),(534,'486 Ondo Parkway','','Benguela',67,'35202','105882218332','2025-07-16 09:00:00'),(535,'635 Brest Manor','','Andhra Pradesh',75,'40899','80593242951','2025-07-16 09:00:00'),(536,'166 Jinchang Street','','Buenos Aires',165,'86760','717566026669','2025-07-16 09:00:00'),(537,'958 Sagamihara Lane','','Mie',287,'88408','427274926505','2025-07-16 09:00:00'),(538,'1817 Livorno Way','','Khanh Hoa',100,'79401','478380208348','2025-07-16 09:00:00'),(539,'1332 Gaziantep Lane','','Shandong',80,'22813','383353187467','2025-07-16 09:00:00'),(540,'949 Allende Lane','','Uttar Pradesh',24,'67521','122981120653','2025-07-16 09:00:00'),(541,'195 Ilorin Street','','Chari-Baguirmi',363,'49250','8912935608','2025-07-16 09:00:00'),(542,'193 Bhusawal Place','','Kang-won',539,'9750','745267607502','2025-07-16 09:00:00'),(543,'43 Vilnius Manor','','Colorado',42,'79814','484500282381','2025-07-16 09:00:00'),(544,'183 Haiphong Street','','Jilin',46,'69953','488600270038','2025-07-16 09:00:00'),(545,'163 Augusta-Richmond County Loop','','Carabobo',561,'33030','754579047924','2025-07-16 09:00:00'),(546,'191 Jos Azueta Parkway','','Ruse',436,'13629','932156667696','2025-07-16 09:00:00'),(547,'379 Lublin Parkway','','Toscana',309,'74568','921960450089','2025-07-16 09:00:00'),(548,'1658 Cuman Loop','','Sumatera Selatan',396,'51309','784907335610','2025-07-16 09:00:00'),(549,'454 Qinhuangdao Drive','','Tadla-Azilal',68,'25866','786270036240','2025-07-16 09:00:00'),(550,'1715 Okayama Street','','So Paulo',485,'55676','169352919175','2025-07-16 09:00:00'),(551,'182 Nukualofa Drive','','Sumy',275,'15414','426346224043','2025-07-16 09:00:00'),(552,'390 Wroclaw Way','','Hainan',462,'5753','357593328658','2025-07-16 09:00:00'),(553,'1421 Quilmes Lane','','Ishikawa',260,'19151','135407755975','2025-07-16 09:00:00'),(554,'947 Trshavn Place','','Central Luzon',528,'841','50898428626','2025-07-16 09:00:00'),(555,'1764 Jalib al-Shuyukh Parkway','','Galicia',459,'77642','84794532510','2025-07-16 09:00:00'),(556,'346 Cam Ranh Avenue','','Zhejiang',599,'39976','978430786151','2025-07-16 09:00:00'),(557,'1407 Pachuca de Soto Place','','Rio Grande do Sul',21,'26284','380077794770','2025-07-16 09:00:00'),(558,'904 Clarksville Drive','','Zhejiang',193,'52234','955349440539','2025-07-16 09:00:00'),(559,'1917 Kumbakonam Parkway','','Vojvodina',368,'11892','698182547686','2025-07-16 09:00:00'),(560,'1447 Imus Place','','Gujarat',426,'12905','62127829280','2025-07-16 09:00:00'),(561,'1497 Fengshan Drive','','KwaZulu-Natal',112,'63022','368738360376','2025-07-16 09:00:00'),(562,'869 Shikarpur Way','','England',496,'57380','590764256785','2025-07-16 09:00:00'),(563,'1059 Yuncheng Avenue','','Vilna',570,'47498','107092893983','2025-07-16 09:00:00'),(564,'505 Madiun Boulevard','','Dolnoslaskie',577,'97271','970638808606','2025-07-16 09:00:00'),(565,'1741 Hoshiarpur Boulevard','','al-Sharqiya',79,'22372','855066328617','2025-07-16 09:00:00'),(566,'1229 Varanasi (Benares) Manor','','Buenos Aires',43,'40195','817740355461','2025-07-16 09:00:00'),(567,'1894 Boa Vista Way','','Texas',178,'77464','239357986667','2025-07-16 09:00:00'),(568,'1342 Sharja Way','','Sokoto & Kebbi & Zam',488,'93655','946114054231','2025-07-16 09:00:00'),(569,'1342 Abha Boulevard','','Bukarest',95,'10714','997453607116','2025-07-16 09:00:00'),(570,'415 Pune Avenue','','Shandong',580,'44274','203202500108','2025-07-16 09:00:00'),(571,'1746 Faaa Way','','Huanuco',214,'32515','863080561151','2025-07-16 09:00:00'),(572,'539 Hami Way','','Tokat',538,'52196','525518075499','2025-07-16 09:00:00'),(573,'1407 Surakarta Manor','','Moskova',466,'33224','324346485054','2025-07-16 09:00:00'),(574,'502 Mandi Bahauddin Parkway','','Anzotegui',55,'15992','618156722572','2025-07-16 09:00:00'),(575,'1052 Pathankot Avenue','','Sichuan',299,'77397','128499386727','2025-07-16 09:00:00'),(576,'1351 Sousse Lane','','Coahuila de Zaragoza',341,'37815','203804046132','2025-07-16 09:00:00'),(577,'1501 Pangkal Pinang Avenue','','Mazowieckie',409,'943','770864062795','2025-07-16 09:00:00'),(578,'1405 Hagonoy Avenue','','Slaskie',133,'86587','867287719310','2025-07-16 09:00:00'),(579,'521 San Juan Bautista Tuxtepec Place','','Qaraghandy',598,'95093','844018348565','2025-07-16 09:00:00'),(580,'923 Tangail Boulevard','','Tokyo-to',10,'33384','315528269898','2025-07-16 09:00:00'),(581,'186 Skikda Lane','','Morelos',131,'89422','14465669789','2025-07-16 09:00:00'),(582,'1568 Celaya Parkway','','Kaohsiung',168,'34750','278669994384','2025-07-16 09:00:00'),(583,'1489 Kakamigahara Lane','','Taipei',526,'98883','29341849811','2025-07-16 09:00:00'),(584,'1819 Alessandria Loop','','Campeche',103,'53829','377633994405','2025-07-16 09:00:00'),(585,'1208 Tama Loop','','Ninawa',344,'73605','954786054144','2025-07-16 09:00:00'),(586,'951 Springs Lane','','Central Mindanao',219,'96115','165164761435','2025-07-16 09:00:00'),(587,'760 Miyakonojo Drive','','Guerrero',246,'64682','294449058179','2025-07-16 09:00:00'),(588,'966 Asuncin Way','','Hidalgo',212,'62703','995527378381','2025-07-16 09:00:00'),(589,'1584 Ljubertsy Lane','','England',494,'22954','285710089439','2025-07-16 09:00:00'),(590,'247 Jining Parkway','','Banjul',54,'53446','170115379190','2025-07-16 09:00:00'),(591,'773 Dallas Manor','','Buenos Aires',424,'12664','914466027044','2025-07-16 09:00:00'),(592,'1923 Stara Zagora Lane','','Nantou',546,'95179','182178609211','2025-07-16 09:00:00'),(593,'1402 Zanzibar Boulevard','','Guanajuato',106,'71102','387448063440','2025-07-16 09:00:00'),(594,'1464 Kursk Parkway','','Shandong',574,'17381','338758048786','2025-07-16 09:00:00'),(595,'1074 Sanaa Parkway','','Loja',311,'22474','154124128457','2025-07-16 09:00:00'),(596,'1759 Niznekamsk Avenue','','al-Manama',14,'39414','864392582257','2025-07-16 09:00:00'),(597,'32 Liaocheng Way','','Minas Gerais',248,'1944','410877354933','2025-07-16 09:00:00'),(598,'42 Fontana Avenue','','Fejr',512,'14684','437829801725','2025-07-16 09:00:00'),(599,'1895 Zhezqazghan Drive','','California',177,'36693','137809746111','2025-07-16 09:00:00'),(600,'1837 Kaduna Parkway','','Inner Mongolia',241,'82580','640843562301','2025-07-16 09:00:00'),(601,'844 Bucuresti Place','','Liaoning',242,'36603','935952366111','2025-07-16 09:00:00'),(602,'1101 Bucuresti Boulevard','','West Greece',401,'97661','199514580428','2025-07-16 09:00:00'),(603,'1103 Quilmes Boulevard','','Piura',503,'52137','644021380889','2025-07-16 09:00:00'),(604,'1331 Usak Boulevard','','Vaud',296,'61960','145308717464','2025-07-16 09:00:00'),(605,'1325 Fukuyama Street','','Heilongjiang',537,'27107','288241215394','2025-07-16 09:00:00');
/*!40000 ALTER TABLE `address` ENABLE KEYS */;
UNLOCK TABLES;

--
-- Table structure for table `category`
--

DROP TABLE IF EXISTS `category`;
/*!40101 SET @saved_cs_client     = @@character_set_client */;
/*!50503 SET character_set_client = utf8mb4 */;
CREATE TABLE `category` (
  `category_id` tinyint unsigned NOT NULL AUTO_INCREMENT,
  `name` varchar(25) NOT NULL,
  `last_update` timestamp NOT NULL DEFAULT CURRENT_TIMESTAMP ON UPDATE CURRENT_TIMESTAMP,
  PRIMARY KEY (`category_id`)
) ENGINE=InnoDB AUTO_INCREMENT=17 DEFAULT CHARSET=utf8mb4 COLLATE=utf8mb4_0900_ai_ci;
/*!40101 SET character_set_client = @saved_cs_client */;

--
-- Dumping data for table `category`
--

LOCK TABLES `category` WRITE;
/*!40000 ALTER TABLE `category` DISABLE KEYS */;
INSERT INTO `category` VALUES (1,'Action','2025-07-16 09:00:00'),(2,'Animation','2025-07-16 09:00:00'),(3,'Children','2025-07-16 09:00:00'),(4,'Classics','2025-07-16 09:00:00'),(5,'Comedy','2025-07-16 09:00:00'),(6,'Documentary','2025-07-16 09:00:00'),(7,'Drama','2025-07-16 09:00:00'),(8,'Family','2025-07-16 09:00:00'),(9,'Foreign','2025-07-16 09:00:00'),(10,'Games','2025-07-16 09:00:00'),(11,'Horror','2025-07-16 09:00:00'),(12,'Music','2025-07-16 09:00:00'),(13,'New','2025-07-16 09:00:00'),(14,'Sci-Fi','2025-07-16 09:00:00'),(15,'Sports','2025-07-16 09:00:00'),(16,'Travel','2025-07-16 09:00:00');
/*!40000 ALTER TABLE `category` ENABLE KEYS */;
UNLOCK TABLES;

--
-- Table structure for table `city`
--

DROP TABLE IF EXISTS `city`;
/*!40101 SET @saved_cs_client     = @@character_set_client */;
/*!50503 SET character_set_client = utf8mb4 */;
CREATE TABLE `city` (
  `city_id` smallint unsigned NOT NULL AUTO_INCREMENT,
  `city` varchar(50) NOT NULL,
  `country_id` smallint unsigned NOT NULL,
  `last_update` timestamp NOT NULL DEFAULT CURRENT_TIMESTAMP ON UPDATE CURRENT_TIMESTAMP,
  PRIMARY KEY (`city_id`),
  KEY `idx_fk_country_id` (`country_id`),
  CONSTRAINT `fk_city_country` FOREIGN KEY (`country_id`) REFERENCES `country` (`country_id`) ON UPDATE CASCADE
) ENGINE=InnoDB AUTO_INCREMENT=601 DEFAULT CHARSET=utf8mb4 COLLATE=utf8mb4_0900_ai_ci;
/*!40101 SET character_set_client = @saved_cs_client */;

--
-- Dumping data for table `city`
--

LOCK TABLES `city` WRITE;
/*!40000 ALTER TABLE `city` DISABLE KEYS */;
INSERT INTO `city` VALUES (1,'A Corua (La Corua)',87,'2025-07-16 09:00:00'),(2,'Abha',82,'2025-07-16 09:00:00'),(3,'Abu Dhabi',101,'2025-07-16 09:00:00'),(4,'Acua',60,'2025-07-16 09:00:00'),(5,'Adana',97,'2025-07-16 09:00:00'),(6,'Addis Abeba',31,'2025-07-16 09:00:00'),(7,'Aden',107,'2025-07-16 09:00:00'),(8,'Adoni',44,'2025-07-16 09:00:00'),(9,'Ahmadnagar',44,'2025-07-16 09:00:00'),(10,'Akishima',50,'2025-07-16 09:00:00'),(11,'Akron',103,'2025-07-16 09:00:00'),(12,'al-Ayn',101,'2025-07-16 09:00:00'),(13,'al-Hawiya',82,'2025-07-16 09:00:00'),(14,'al-Manama',11,'2025-07-16 09:00:00'),(15,'al-Qadarif',89,'2025-07-16 09:00:00'),(16,'al-Qatif',82,'2025-07-16 09:00:00'),(17,'Alessandria',49,'2025-07-16 09:00:00'),(18,'Allappuzha (Alleppey)',44,'2025-07-16 09:00:00'),(19,'Allende',60,'2025-07-16 09:00:00'),(20,'Almirante Brown',6,'2025-07-16 09:00:00'),(21,'Alvorada',15,'2025-07-16 09:00:00'),(22,'Ambattur',44,'2025-07-16 09:00:00'),(23,'Amersfoort',67,'2025-07-16 09:00:00'),(24,'Amroha',44,'2025-07-16 09:00:00'),(25,'Angra dos Reis',15,'2025-07-16 09:00:00'),(26,'Anpolis',15,'2025-07-16 09:00:00'),(27,'Antofagasta',22,'2025-07-16 09:00:00'),(28,'Aparecida de Goinia',15,'2025-07-16 09:00:00'),(29,'Apeldoorn',67,'2025-07-16 09:00:00'),(30,'Araatuba',15,'2025-07-16 09:00:00'),(31,'Arak',46,'2025-07-16 09:00:00'),(32,'Arecibo',77,'2025-07-16 09:00:00'),(33,'Arlington',103,'2025-07-16 09:00:00'),(34,'Ashdod',48,'2025-07-16 09:00:00'),(35,'Ashgabat',98,'2025-07-16 09:00:00'),(36,'Ashqelon',48,'2025-07-16 09:00:00'),(37,'Asuncin',73,'2025-07-16 09:00:00'),(38,'Athenai',39,'2025-07-16 09:00:00'),(39,'Atinsk',80,'2025-07-16 09:00:00'),(40,'Atlixco',60,'2025-07-16 09:00:00'),(41,'Augusta-Richmond County',103,'2025-07-16 09:00:00'),(42,'Aurora',103,'2025-07-16 09:00:00'),(43,'Avellaneda',6,'2025-07-16 09:00:00'),(44,'Bag',15,'2025-07-16 09:00:00'),(45,'Baha Blanca',6,'2025-07-16 09:00:00'),(46,'Baicheng',23,'2025-07-16 09:00:00'),(47,'Baiyin',23,'2025-07-16 09:00:00'),(48,'Baku',10,'2025-07-16 09:00:00'),(49,'Balaiha',80,'2025-07-16 09:00:00'),(50,'Balikesir',97,'2025-07-16 09:00:00'),(51,'Balurghat',44,'2025-07-16 09:00:00'),(52,'Bamenda',19,'2025-07-16 09:00:00'),(53,'Bandar Seri Begawan',16,'2025-07-16 09:00:00'),(54,'Banjul',37,'2025-07-16 09:00:00'),(55,'Barcelona',104,'2025-07-16 09:00:00'),(56,'Basel',91,'2025-07-16 09:00:00'),(57,'Bat Yam',48,'2025-07-16 09:00:00'),(58,'Batman',97,'2025-07-16 09:00:00'),(59,'Batna',2,'2025-07-16 09:00:00'),(60,'Battambang',18,'2025-07-16 09:00:00'),(61,'Baybay',75,'2025-07-16 09:00:00'),(62,'Bayugan',75,'2025-07-16 09:00:00'),(63,'Bchar',2,'2025-07-16 09:00:00'),(64,'Beira',63,'2025-07-16 09:00:00'),(65,'Bellevue',103,'2025-07-16 09:00:00'),(66,'Belm',15,'2025-07-16 09:00:00'),(67,'Benguela',4,'2025-07-16 09:00:00'),(68,'Beni-Mellal',62,'2025-07-16 09:00:00'),(69,'Benin City',69,'2025-07-16 09:00:00'),(70,'Bergamo',49,'2025-07-16 09:00:00'),(71,'Berhampore (Baharampur)',44,'2025-07-16 09:00:00'),(72,'Bern',91,'2025-07-16 09:00:00'),(73,'Bhavnagar',44,'2025-07-16 09:00:00'),(74,'Bhilwara',44,'2025-07-16 09:00:00'),(75,'Bhimavaram',44,'2025-07-16 09:00:00'),(76,'Bhopal',44,'2025-07-16 09:00:00'),(77,'Bhusawal',44,'2025-07-16 09:00:00'),(78,'Bijapur',44,'2025-07-16 09:00:00'),(79,'Bilbays',29,'2025-07-16 09:00:00'),(80,'Binzhou',23,'2025-07-16 09:00:00'),(81,'Birgunj',66,'2025-07-16 09:00:00'),(82,'Bislig',75,'2025-07-16 09:00:00'),(83,'Blumenau',15,'2025-07-16 09:00:00'),(84,'Boa Vista',15,'2025-07-16 09:00:00'),(85,'Boksburg',85,'2025-07-16 09:00:00'),(86,'Botosani',78,'2025-07-16 09:00:00'),(87,'Botshabelo',85,'2025-07-16 09:00:00'),(88,'Bradford',102,'2025-07-16 09:00:00'),(89,'Braslia',15,'2025-07-16 09:00:00'),(90,'Bratislava',84,'2025-07-16 09:00:00'),(91,'Brescia',49,'2025-07-16 09:00:00'),(92,'Brest',34,'2025-07-16 09:00:00'),(93,'Brindisi',49,'2025-07-16 09:00:00'),(94,'Brockton',103,'2025-07-16 09:00:00'),(95,'Bucuresti',78,'2025-07-16 09:00:00'),(96,'Buenaventura',24,'2025-07-16 09:00:00'),(97,'Bydgoszcz',76,'2025-07-16 09:00:00'),(98,'Cabuyao',75,'2025-07-16 09:00:00'),(99,'Callao',74,'2025-07-16 09:00:00'),(100,'Cam Ranh',105,'2025-07-16 09:00:00'),(101,'Cape Coral',103,'2025-07-16 09:00:00'),(102,'Caracas',104,'2025-07-16 09:00:00'),(103,'Carmen',60,'2025-07-16 09:00:00'),(104,'Cavite',75,'2025-07-16 09:00:00'),(105,'Cayenne',35,'2025-07-16 09:00:00'),(106,'Celaya',60,'2025-07-16 09:00:00'),(107,'Chandrapur',44,'2025-07-16 09:00:00'),(108,'Changhwa',92,'2025-07-16 09:00:00'),(109,'Changzhou',23,'2025-07-16 09:00:00'),(110,'Chapra',44,'2025-07-16 09:00:00'),(111,'Charlotte Amalie',106,'2025-07-16 09:00:00'),(112,'Chatsworth',85,'2025-07-16 09:00:00'),(113,'Cheju',86,'2025-07-16 09:00:00'),(114,'Chiayi',92,'2025-07-16 09:00:00'),(115,'Chisinau',61,'2025-07-16 09:00:00'),(116,'Chungho',92,'2025-07-16 09:00:00'),(117,'Cianjur',45,'2025-07-16 09:00:00'),(118,'Ciomas',45,'2025-07-16 09:00:00'),(119,'Ciparay',45,'2025-07-16 09:00:00'),(120,'Citrus Heights',103,'2025-07-16 09:00:00'),(121,'Citt del Vaticano',41,'2025-07-16 09:00:00'),(122,'Ciudad del Este',73,'2025-07-16 09:00:00'),(123,'Clarksville',103,'2025-07-16 09:00:00'),(124,'Coacalco de Berriozbal',60,'2025-07-16 09:00:00'),(125,'Coatzacoalcos',60,'2025-07-16 09:00:00'),(126,'Compton',103,'2025-07-16 09:00:00'),(127,'Coquimbo',22,'2025-07-16 09:00:00'),(128,'Crdoba',6,'2025-07-16 09:00:00'),(129,'Cuauhtmoc',60,'2025-07-16 09:00:00'),(130,'Cuautla',60,'2025-07-16 09:00:00'),(131,'Cuernavaca',60,'2025-07-16 09:00:00'),(132,'Cuman',104,'2025-07-16 09:00:00'),(133,'Czestochowa',76,'2025-07-16 09:00:00'),(134,'Dadu',72,'2025-07-16 09:00:00'),(135,'Dallas',103,'2025-07-16 09:00:00'),(136,'Datong',23,'2025-07-16 09:00:00'),(137,'Daugavpils',54,'2025-07-16 09:00:00'),(138,'Davao',75,'2025-07-16 09:00:00'),(139,'Daxian',23,'2025-07-16 09:00:00'),(140,'Dayton',103,'2025-07-16 09:00:00'),(141,'Deba Habe',69,'2025-07-16 09:00:00'),(142,'Denizli',97,'2025-07-16 09:00:00'),(143,'Dhaka',12,'2025-07-16 09:00:00'),(144,'Dhule (Dhulia)',44,'2025-07-16 09:00:00'),(145,'Dongying',23,'2025-07-16 09:00:00'),(146,'Donostia-San Sebastin',87,'2025-07-16 09:00:00'),(147,'Dos Quebradas',24,'2025-07-16 09:00:00'),(148,'Duisburg',38,'2025-07-16 09:00:00'),(149,'Dundee',102,'2025-07-16 09:00:00'),(150,'Dzerzinsk',80,'2025-07-16 09:00:00'),(151,'Ede',67,'2025-07-16 09:00:00'),(152,'Effon-Alaiye',69,'2025-07-16 09:00:00'),(153,'El Alto',14,'2025-07-16 09:00:00'),(154,'El Fuerte',60,'2025-07-16 09:00:00'),(155,'El Monte',103,'2025-07-16 09:00:00'),(156,'Elista',80,'2025-07-16 09:00:00'),(157,'Emeishan',23,'2025-07-16 09:00:00'),(158,'Emmen',67,'2025-07-16 09:00:00'),(159,'Enshi',23,'2025-07-16 09:00:00'),(160,'Erlangen',38,'2025-07-16 09:00:00'),(161,'Escobar',6,'2025-07-16 09:00:00'),(162,'Esfahan',46,'2025-07-16 09:00:00'),(163,'Eskisehir',97,'2025-07-16 09:00:00'),(164,'Etawah',44,'2025-07-16 09:00:00'),(165,'Ezeiza',6,'2025-07-16 09:00:00'),(166,'Ezhou',23,'2025-07-16 09:00:00'),(167,'Faaa',36,'2025-07-16 09:00:00'),(168,'Fengshan',92,'2025-07-16 09:00:00'),(169,'Firozabad',44,'2025-07-16 09:00:00'),(170,'Florencia',24,'2025-07-16 09:00:00'),(171,'Fontana',103,'2025-07-16 09:00:00'),(172,'Fukuyama',50,'2025-07-16 09:00:00'),(173,'Funafuti',99,'2025-07-16 09:00:00'),(174,'Fuyu',23,'2025-07-16 09:00:00'),(175,'Fuzhou',23,'2025-07-16 09:00:00'),(176,'Gandhinagar',44,'2025-07-16 09:00:00'),(177,'Garden Grove',103,'2025-07-16 09:00:00'),(178,'Garland',103,'2025-07-16 09:00:00'),(179,'Gatineau',20,'2025-07-16 09:00:00'),(180,'Gaziantep',97,'2025-07-16 09:00:00'),(181,'Gijn',87,'2025-07-16 09:00:00'),(182,'Gingoog',75,'2025-07-16 09:00:00'),(183,'Goinia',15,'2025-07-16 09:00:00'),(184,'Gorontalo',45,'2025-07-16 09:00:00'),(185,'Grand Prairie',103,'2025-07-16 09:00:00'),(186,'Graz',9,'2025-07-16 09:00:00'),(187,'Greensboro',103,'2025-07-16 09:00:00'),(188,'Guadalajara',60,'2025-07-16 09:00:00'),(189,'Guaruj',15,'2025-07-16 09:00:00'),(190,'guas Lindas de Gois',15,'2025-07-16 09:00:00'),(191,'Gulbarga',44,'2025-07-16 09:00:00'),(192,'Hagonoy',75,'2025-07-16 09:00:00'),(193,'Haining',23,'2025-07-16 09:00:00'),(194,'Haiphong',105,'2025-07-16 09:00:00'),(195,'Haldia',44,'2025-07-16 09:00:00'),(196,'Halifax',20,'2025-07-16 09:00:00'),(197,'Halisahar',44,'2025-07-16 09:00:00'),(198,'Halle/Saale',38,'2025-07-16 09:00:00'),(199,'Hami',23,'2025-07-16 09:00:00'),(200,'Hamilton',68,'2025-07-16 09:00:00'),(201,'Hanoi',105,'2025-07-16 09:00:00'),(202,'Hidalgo',60,'2025-07-16 09:00:00'),(203,'Higashiosaka',50,'2025-07-16 09:00:00'),(204,'Hino',50,'2025-07-16 09:00:00'),(205,'Hiroshima',50,'2025-07-16 09:00:00'),(206,'Hodeida',107,'2025-07-16 09:00:00'),(207,'Hohhot',23,'2025-07-16 09:00:00'),(208,'Hoshiarpur',44,'2025-07-16 09:00:00'),(209,'Hsichuh',92,'2025-07-16 09:00:00'),(210,'Huaian',23,'2025-07-16 09:00:00'),(211,'Hubli-Dharwad',44,'2025-07-16 09:00:00'),(212,'Huejutla de Reyes',60,'2025-07-16 09:00:00'),(213,'Huixquilucan',60,'2025-07-16 09:00:00'),(214,'Hunuco',74,'2025-07-16 09:00:00'),(215,'Ibirit',15,'2025-07-16 09:00:00'),(216,'Idfu',29,'2025-07-16 09:00:00'),(217,'Ife',69,'2025-07-16 09:00:00'),(218,'Ikerre',69,'2025-07-16 09:00:00'),(219,'Iligan',75,'2025-07-16 09:00:00'),(220,'Ilorin',69,'2025-07-16 09:00:00'),(221,'Imus',75,'2025-07-16 09:00:00'),(222,'Inegl',97,'2025-07-16 09:00:00'),(223,'Ipoh',59,'2025-07-16 09:00:00'),(224,'Isesaki',50,'2025-07-16 09:00:00'),(225,'Ivanovo',80,'2025-07-16 09:00:00'),(226,'Iwaki',50,'2025-07-16 09:00:00'),(227,'Iwakuni',50,'2025-07-16 09:00:00'),(228,'Iwatsuki',50,'2025-07-16 09:00:00'),(229,'Izumisano',50,'2025-07-16 09:00:00'),(230,'Jaffna',88,'2025-07-16 09:00:00'),(231,'Jaipur',44,'2025-07-16 09:00:00'),(232,'Jakarta',45,'2025-07-16 09:00:00'),(233,'Jalib al-Shuyukh',53,'2025-07-16 09:00:00'),(234,'Jamalpur',12,'2025-07-16 09:00:00'),(235,'Jaroslavl',80,'2025-07-16 09:00:00'),(236,'Jastrzebie-Zdrj',76,'2025-07-16 09:00:00'),(237,'Jedda',82,'2025-07-16 09:00:00'),(238,'Jelets',80,'2025-07-16 09:00:00'),(239,'Jhansi',44,'2025-07-16 09:00:00'),(240,'Jinchang',23,'2025-07-16 09:00:00'),(241,'Jining',23,'2025-07-16 09:00:00'),(242,'Jinzhou',23,'2025-07-16 09:00:00'),(243,'Jodhpur',44,'2025-07-16 09:00:00'),(244,'Johannesburg',85,'2025-07-16 09:00:00'),(245,'Joliet',103,'2025-07-16 09:00:00'),(246,'Jos Azueta',60,'2025-07-16 09:00:00'),(247,'Juazeiro do Norte',15,'2025-07-16 09:00:00'),(248,'Juiz de Fora',15,'2025-07-16 09:00:00'),(249,'Junan',23,'2025-07-16 09:00:00'),(250,'Jurez',60,'2025-07-16 09:00:00'),(251,'Kabul',1,'2025-07-16 09:00:00'),(252,'Kaduna',69,'2025-07-16 09:00:00'),(253,'Kakamigahara',50,'2025-07-16 09:00:00'),(254,'Kaliningrad',80,'2025-07-16 09:00:00'),(255,'Kalisz',76,'2025-07-16 09:00:00'),(256,'Kamakura',50,'2025-07-16 09:00:00'),(257,'Kamarhati',44,'2025-07-16 09:00:00'),(258,'Kamjanets-Podilskyi',100,'2025-07-16 09:00:00'),(259,'Kamyin',80,'2025-07-16 09:00:00'),(260,'Kanazawa',50,'2025-07-16 09:00:00'),(261,'Kanchrapara',44,'2025-07-16 09:00:00'),(262,'Kansas City',103,'2025-07-16 09:00:00'),(263,'Karnal',44,'2025-07-16 09:00:00'),(264,'Katihar',44,'2025-07-16 09:00:00'),(265,'Kermanshah',46,'2025-07-16 09:00:00'),(266,'Kilis',97,'2025-07-16 09:00:00'),(267,'Kimberley',85,'2025-07-16 09:00:00'),(268,'Kimchon',86,'2025-07-16 09:00:00'),(269,'Kingstown',81,'2025-07-16 09:00:00'),(270,'Kirovo-Tepetsk',80,'2025-07-16 09:00:00'),(271,'Kisumu',52,'2025-07-16 09:00:00'),(272,'Kitwe',109,'2025-07-16 09:00:00'),(273,'Klerksdorp',85,'2025-07-16 09:00:00'),(274,'Kolpino',80,'2025-07-16 09:00:00'),(275,'Konotop',100,'2025-07-16 09:00:00'),(276,'Koriyama',50,'2025-07-16 09:00:00'),(277,'Korla',23,'2025-07-16 09:00:00'),(278,'Korolev',80,'2025-07-16 09:00:00'),(279,'Kowloon and New Kowloon',42,'2025-07-16 09:00:00'),(280,'Kragujevac',108,'2025-07-16 09:00:00'),(281,'Ktahya',97,'2025-07-16 09:00:00'),(282,'Kuching',59,'2025-07-16 09:00:00'),(283,'Kumbakonam',44,'2025-07-16 09:00:00'),(284,'Kurashiki',50,'2025-07-16 09:00:00'),(285,'Kurgan',80,'2025-07-16 09:00:00'),(286,'Kursk',80,'2025-07-16 09:00:00'),(287,'Kuwana',50,'2025-07-16 09:00:00'),(288,'La Paz',60,'2025-07-16 09:00:00'),(289,'La Plata',6,'2025-07-16 09:00:00'),(290,'La Romana',27,'2025-07-16 09:00:00'),(291,'Laiwu',23,'2025-07-16 09:00:00'),(292,'Lancaster',103,'2025-07-16 09:00:00'),(293,'Laohekou',23,'2025-07-16 09:00:00'),(294,'Lapu-Lapu',75,'2025-07-16 09:00:00'),(295,'Laredo',103,'2025-07-16 09:00:00'),(296,'Lausanne',91,'2025-07-16 09:00:00'),(297,'Le Mans',34,'2025-07-16 09:00:00'),(298,'Lengshuijiang',23,'2025-07-16 09:00:00'),(299,'Leshan',23,'2025-07-16 09:00:00'),(300,'Lethbridge',20,'2025-07-16 09:00:00'),(301,'Lhokseumawe',45,'2025-07-16 09:00:00'),(302,'Liaocheng',23,'2025-07-16 09:00:00'),(303,'Liepaja',54,'2025-07-16 09:00:00'),(304,'Lilongwe',58,'2025-07-16 09:00:00'),(305,'Lima',74,'2025-07-16 09:00:00'),(306,'Lincoln',103,'2025-07-16 09:00:00'),(307,'Linz',9,'2025-07-16 09:00:00'),(308,'Lipetsk',80,'2025-07-16 09:00:00'),(309,'Livorno',49,'2025-07-16 09:00:00'),(310,'Ljubertsy',80,'2025-07-16 09:00:00'),(311,'Loja',28,'2025-07-16 09:00:00'),(312,'London',102,'2025-07-16 09:00:00'),(313,'London',20,'2025-07-16 09:00:00'),(314,'Lublin',76,'2025-07-16 09:00:00'),(315,'Lubumbashi',25,'2025-07-16 09:00:00'),(316,'Lungtan',92,'2025-07-16 09:00:00'),(317,'Luzinia',15,'2025-07-16 09:00:00'),(318,'Madiun',45,'2025-07-16 09:00:00'),(319,'Mahajanga',57,'2025-07-16 09:00:00'),(320,'Maikop',80,'2025-07-16 09:00:00'),(321,'Malm',90,'2025-07-16 09:00:00'),(322,'Manchester',103,'2025-07-16 09:00:00'),(323,'Mandaluyong',75,'2025-07-16 09:00:00'),(324,'Mandi Bahauddin',72,'2025-07-16 09:00:00'),(325,'Mannheim',38,'2025-07-16 09:00:00'),(326,'Maracabo',104,'2025-07-16 09:00:00'),(327,'Mardan',72,'2025-07-16 09:00:00'),(328,'Maring',15,'2025-07-16 09:00:00'),(329,'Masqat',71,'2025-07-16 09:00:00'),(330,'Matamoros',60,'2025-07-16 09:00:00'),(331,'Matsue',50,'2025-07-16 09:00:00'),(332,'Meixian',23,'2025-07-16 09:00:00'),(333,'Memphis',103,'2025-07-16 09:00:00'),(334,'Merlo',6,'2025-07-16 09:00:00'),(335,'Mexicali',60,'2025-07-16 09:00:00'),(336,'Miraj',44,'2025-07-16 09:00:00'),(337,'Mit Ghamr',29,'2025-07-16 09:00:00'),(338,'Miyakonojo',50,'2025-07-16 09:00:00'),(339,'Mogiljov',13,'2025-07-16 09:00:00'),(340,'Molodetno',13,'2025-07-16 09:00:00'),(341,'Monclova',60,'2025-07-16 09:00:00'),(342,'Monywa',64,'2025-07-16 09:00:00'),(343,'Moscow',80,'2025-07-16 09:00:00'),(344,'Mosul',47,'2025-07-16 09:00:00'),(345,'Mukateve',100,'2025-07-16 09:00:00'),(346,'Munger (Monghyr)',44,'2025-07-16 09:00:00'),(347,'Mwanza',93,'2025-07-16 09:00:00'),(348,'Mwene-Ditu',25,'2025-07-16 09:00:00'),(349,'Myingyan',64,'2025-07-16 09:00:00'),(350,'Mysore',44,'2025-07-16 09:00:00'),(351,'Naala-Porto',63,'2025-07-16 09:00:00'),(352,'Nabereznyje Telny',80,'2025-07-16 09:00:00'),(353,'Nador',62,'2025-07-16 09:00:00'),(354,'Nagaon',44,'2025-07-16 09:00:00'),(355,'Nagareyama',50,'2025-07-16 09:00:00'),(356,'Najafabad',46,'2025-07-16 09:00:00'),(357,'Naju',86,'2025-07-16 09:00:00'),(358,'Nakhon Sawan',94,'2025-07-16 09:00:00'),(359,'Nam Dinh',105,'2025-07-16 09:00:00'),(360,'Namibe',4,'2025-07-16 09:00:00'),(361,'Nantou',92,'2025-07-16 09:00:00'),(362,'Nanyang',23,'2025-07-16 09:00:00'),(363,'NDjamna',21,'2025-07-16 09:00:00'),(364,'Newcastle',85,'2025-07-16 09:00:00'),(365,'Nezahualcyotl',60,'2025-07-16 09:00:00'),(366,'Nha Trang',105,'2025-07-16 09:00:00'),(367,'Niznekamsk',80,'2025-07-16 09:00:00'),(368,'Novi Sad',108,'2025-07-16 09:00:00'),(369,'Novoterkassk',80,'2025-07-16 09:00:00'),(370,'Nukualofa',95,'2025-07-16 09:00:00'),(371,'Nuuk',40,'2025-07-16 09:00:00'),(372,'Nyeri',52,'2025-07-16 09:00:00'),(373,'Ocumare del Tuy',104,'2025-07-16 09:00:00'),(374,'Ogbomosho',69,'2025-07-16 09:00:00'),(375,'Okara',72,'2025-07-16 09:00:00'),(376,'Okayama',50,'2025-07-16 09:00:00'),(377,'Okinawa',50,'2025-07-16 09:00:00'),(378,'Olomouc',26,'2025-07-16 09:00:00'),(379,'Omdurman',89,'2025-07-16 09:00:00'),(380,'Omiya',50,'2025-07-16 09:00:00'),(381,'Ondo',69,'2025-07-16 09:00:00'),(382,'Onomichi',50,'2025-07-16 09:00:00'),(383,'Oshawa',20,'2025-07-16 09:00:00'),(384,'Osmaniye',97,'2025-07-16 09:00:00'),(385,'ostka',100,'2025-07-16 09:00:00'),(386,'Otsu',50,'2025-07-16 09:00:00'),(387,'Oulu',33,'2025-07-16 09:00:00'),(388,'Ourense (Orense)',87,'2025-07-16 09:00:00'),(389,'Owo',69,'2025-07-16 09:00:00'),(390,'Oyo',69,'2025-07-16 09:00:00'),(391,'Ozamis',75,'2025-07-16 09:00:00'),(392,'Paarl',85,'2025-07-16 09:00:00'),(393,'Pachuca de Soto',60,'2025-07-16 09:00:00'),(394,'Pak Kret',94,'2025-07-16 09:00:00'),(395,'Palghat (Palakkad)',44,'2025-07-16 09:00:00'),(396,'Pangkal Pinang',45,'2025-07-16 09:00:00'),(397,'Papeete',36,'2025-07-16 09:00:00'),(398,'Parbhani',44,'2025-07-16 09:00:00'),(399,'Pathankot',44,'2025-07-16 09:00:00'),(400,'Patiala',44,'2025-07-16 09:00:00'),(401,'Patras',39,'2025-07-16 09:00:00'),(402,'Pavlodar',51,'2025-07-16 09:00:00'),(403,'Pemalang',45,'2025-07-16 09:00:00'),(404,'Peoria',103,'2025-07-16 09:00:00'),(405,'Pereira',24,'2025-07-16 09:00:00'),(406,'Phnom Penh',18,'2025-07-16 09:00:00'),(407,'Pingxiang',23,'2025-07-16 09:00:00'),(408,'Pjatigorsk',80,'2025-07-16 09:00:00'),(409,'Plock',76,'2025-07-16 09:00:00'),(410,'Po',15,'2025-07-16 09:00:00'),(411,'Ponce',77,'2025-07-16 09:00:00'),(412,'Pontianak',45,'2025-07-16 09:00:00'),(413,'Poos de Caldas',15,'2025-07-16 09:00:00'),(414,'Portoviejo',28,'2025-07-16 09:00:00'),(415,'Probolinggo',45,'2025-07-16 09:00:00'),(416,'Pudukkottai',44,'2025-07-16 09:00:00'),(417,'Pune',44,'2025-07-16 09:00:00'),(418,'Purnea (Purnia)',44,'2025-07-16 09:00:00'),(419,'Purwakarta',45,'2025-07-16 09:00:00'),(420,'Pyongyang',70,'2025-07-16 09:00:00'),(421,'Qalyub',29,'2025-07-16 09:00:00'),(422,'Qinhuangdao',23,'2025-07-16 09:00:00'),(423,'Qomsheh',46,'2025-07-16 09:00:00'),(424,'Quilmes',6,'2025-07-16 09:00:00'),(425,'Rae Bareli',44,'2025-07-16 09:00:00'),(426,'Rajkot',44,'2025-07-16 09:00:00'),(427,'Rampur',44,'2025-07-16 09:00:00'),(428,'Rancagua',22,'2025-07-16 09:00:00'),(429,'Ranchi',44,'2025-07-16 09:00:00'),(430,'Richmond Hill',20,'2025-07-16 09:00:00'),(431,'Rio Claro',15,'2025-07-16 09:00:00'),(432,'Rizhao',23,'2025-07-16 09:00:00'),(433,'Roanoke',103,'2025-07-16 09:00:00'),(434,'Robamba',28,'2025-07-16 09:00:00'),(435,'Rockford',103,'2025-07-16 09:00:00'),(436,'Ruse',17,'2025-07-16 09:00:00'),(437,'Rustenburg',85,'2025-07-16 09:00:00'),(438,'s-Hertogenbosch',67,'2025-07-16 09:00:00'),(439,'Saarbrcken',38,'2025-07-16 09:00:00'),(440,'Sagamihara',50,'2025-07-16 09:00:00'),(441,'Saint Louis',103,'2025-07-16 09:00:00'),(442,'Saint-Denis',79,'2025-07-16 09:00:00'),(443,'Sal',62,'2025-07-16 09:00:00'),(444,'Salala',71,'2025-07-16 09:00:00'),(445,'Salamanca',60,'2025-07-16 09:00:00'),(446,'Salinas',103,'2025-07-16 09:00:00'),(447,'Salzburg',9,'2025-07-16 09:00:00'),(448,'Sambhal',44,'2025-07-16 09:00:00'),(449,'San Bernardino',103,'2025-07-16 09:00:00'),(450,'San Felipe de Puerto Plata',27,'2025-07-16 09:00:00'),(451,'San Felipe del Progreso',60,'2025-07-16 09:00:00'),(452,'San Juan Bautista Tuxtepec',60,'2025-07-16 09:00:00'),(453,'San Lorenzo',73,'2025-07-16 09:00:00'),(454,'San Miguel de Tucumn',6,'2025-07-16 09:00:00'),(455,'Sanaa',107,'2025-07-16 09:00:00'),(456,'Santa Brbara dOeste',15,'2025-07-16 09:00:00'),(457,'Santa F',6,'2025-07-16 09:00:00'),(458,'Santa Rosa',75,'2025-07-16 09:00:00'),(459,'Santiago de Compostela',87,'2025-07-16 09:00:00'),(460,'Santiago de los Caballeros',27,'2025-07-16 09:00:00'),(461,'Santo Andr',15,'2025-07-16 09:00:00'),(462,'Sanya',23,'2025-07-16 09:00:00'),(463,'Sasebo',50,'2025-07-16 09:00:00'),(464,'Satna',44,'2025-07-16 09:00:00'),(465,'Sawhaj',29,'2025-07-16 09:00:00'),(466,'Serpuhov',80,'2025-07-16 09:00:00'),(467,'Shahr-e Kord',46,'2025-07-16 09:00:00'),(468,'Shanwei',23,'2025-07-16 09:00:00'),(469,'Shaoguan',23,'2025-07-16 09:00:00'),(470,'Sharja',101,'2025-07-16 09:00:00'),(471,'Shenzhen',23,'2025-07-16 09:00:00'),(472,'Shikarpur',72,'2025-07-16 09:00:00'),(473,'Shimoga',44,'2025-07-16 09:00:00'),(474,'Shimonoseki',50,'2025-07-16 09:00:00'),(475,'Shivapuri',44,'2025-07-16 09:00:00'),(476,'Shubra al-Khayma',29,'2025-07-16 09:00:00'),(477,'Siegen',38,'2025-07-16 09:00:00'),(478,'Siliguri (Shiliguri)',44,'2025-07-16 09:00:00'),(479,'Simferopol',100,'2025-07-16 09:00:00'),(480,'Sincelejo',24,'2025-07-16 09:00:00'),(481,'Sirjan',46,'2025-07-16 09:00:00'),(482,'Sivas',97,'2025-07-16 09:00:00'),(483,'Skikda',2,'2025-07-16 09:00:00'),(484,'Smolensk',80,'2025-07-16 09:00:00'),(485,'So Bernardo do Campo',15,'2025-07-16 09:00:00'),(486,'So Leopoldo',15,'2025-07-16 09:00:00'),(487,'Sogamoso',24,'2025-07-16 09:00:00'),(488,'Sokoto',69,'2025-07-16 09:00:00'),(489,'Songkhla',94,'2025-07-16 09:00:00'),(490,'Sorocaba',15,'2025-07-16 09:00:00'),(491,'Soshanguve',85,'2025-07-16 09:00:00'),(492,'Sousse',96,'2025-07-16 09:00:00'),(493,'South Hill',5,'2025-07-16 09:00:00'),(494,'Southampton',102,'2025-07-16 09:00:00'),(495,'Southend-on-Sea',102,'2025-07-16 09:00:00'),(496,'Southport',102,'2025-07-16 09:00:00'),(497,'Springs',85,'2025-07-16 09:00:00'),(498,'Stara Zagora',17,'2025-07-16 09:00:00'),(499,'Sterling Heights',103,'2025-07-16 09:00:00'),(500,'Stockport',102,'2025-07-16 09:00:00'),(501,'Sucre',14,'2025-07-16 09:00:00'),(502,'Suihua',23,'2025-07-16 09:00:00'),(503,'Sullana',74,'2025-07-16 09:00:00'),(504,'Sultanbeyli',97,'2025-07-16 09:00:00'),(505,'Sumqayit',10,'2025-07-16 09:00:00'),(506,'Sumy',100,'2025-07-16 09:00:00'),(507,'Sungai Petani',59,'2025-07-16 09:00:00'),(508,'Sunnyvale',103,'2025-07-16 09:00:00'),(509,'Surakarta',45,'2025-07-16 09:00:00'),(510,'Syktyvkar',80,'2025-07-16 09:00:00'),(511,'Syrakusa',49,'2025-07-16 09:00:00'),(512,'Szkesfehrvr',43,'2025-07-16 09:00:00'),(513,'Tabora',93,'2025-07-16 09:00:00'),(514,'Tabriz',46,'2025-07-16 09:00:00'),(515,'Tabuk',82,'2025-07-16 09:00:00'),(516,'Tafuna',3,'2025-07-16 09:00:00'),(517,'Taguig',75,'2025-07-16 09:00:00'),(518,'Taizz',107,'2025-07-16 09:00:00'),(519,'Talavera',75,'2025-07-16 09:00:00'),(520,'Tallahassee',103,'2025-07-16 09:00:00'),(521,'Tama',50,'2025-07-16 09:00:00'),(522,'Tambaram',44,'2025-07-16 09:00:00'),(523,'Tanauan',75,'2025-07-16 09:00:00'),(524,'Tandil',6,'2025-07-16 09:00:00'),(525,'Tangail',12,'2025-07-16 09:00:00'),(526,'Tanshui',92,'2025-07-16 09:00:00'),(527,'Tanza',75,'2025-07-16 09:00:00'),(528,'Tarlac',75,'2025-07-16 09:00:00'),(529,'Tarsus',97,'2025-07-16 09:00:00'),(530,'Tartu',30,'2025-07-16 09:00:00'),(531,'Teboksary',80,'2025-07-16 09:00:00'),(532,'Tegal',45,'2025-07-16 09:00:00'),(533,'Tel Aviv-Jaffa',48,'2025-07-16 09:00:00'),(534,'Tete',63,'2025-07-16 09:00:00'),(535,'Tianjin',23,'2025-07-16 09:00:00'),(536,'Tiefa',23,'2025-07-16 09:00:00'),(537,'Tieli',23,'2025-07-16 09:00:00'),(538,'Tokat',97,'2025-07-16 09:00:00'),(539,'Tonghae',86,'2025-07-16 09:00:00'),(540,'Tongliao',23,'2025-07-16 09:00:00'),(541,'Torren',60,'2025-07-16 09:00:00'),(542,'Touliu',92,'2025-07-16 09:00:00'),(543,'Toulon',34,'2025-07-16 09:00:00'),(544,'Toulouse',34,'2025-07-16 09:00:00'),(545,'Trshavn',32,'2025-07-16 09:00:00'),(546,'Tsaotun',92,'2025-07-16 09:00:00'),(547,'Tsuyama',50,'2025-07-16 09:00:00'),(548,'Tuguegarao',75,'2025-07-16 09:00:00'),(549,'Tychy',76,'2025-07-16 09:00:00'),(550,'Udaipur',44,'2025-07-16 09:00:00'),(551,'Udine',49,'2025-07-16 09:00:00'),(552,'Ueda',50,'2025-07-16 09:00:00'),(553,'Uijongbu',86,'2025-07-16 09:00:00'),(554,'Uluberia',44,'2025-07-16 09:00:00'),(555,'Urawa',50,'2025-07-16 09:00:00'),(556,'Uruapan',60,'2025-07-16 09:00:00'),(557,'Usak',97,'2025-07-16 09:00:00'),(558,'Usolje-Sibirskoje',80,'2025-07-16 09:00:00'),(559,'Uttarpara-Kotrung',44,'2025-07-16 09:00:00'),(560,'Vaduz',55,'2025-07-16 09:00:00'),(561,'Valencia',104,'2025-07-16 09:00:00'),(562,'Valle de la Pascua',104,'2025-07-16 09:00:00'),(563,'Valle de Santiago',60,'2025-07-16 09:00:00'),(564,'Valparai',44,'2025-07-16 09:00:00'),(565,'Vancouver',20,'2025-07-16 09:00:00'),(566,'Varanasi (Benares)',44,'2025-07-16 09:00:00'),(567,'Vicente Lpez',6,'2025-07-16 09:00:00'),(568,'Vijayawada',44,'2025-07-16 09:00:00'),(569,'Vila Velha',15,'2025-07-16 09:00:00'),(570,'Vilnius',56,'2025-07-16 09:00:00'),(571,'Vinh',105,'2025-07-16 09:00:00'),(572,'Vitria de Santo Anto',15,'2025-07-16 09:00:00'),(573,'Warren',103,'2025-07-16 09:00:00'),(574,'Weifang',23,'2025-07-16 09:00:00'),(575,'Witten',38,'2025-07-16 09:00:00'),(576,'Woodridge',8,'2025-07-16 09:00:00'),(577,'Wroclaw',76,'2025-07-16 09:00:00'),(578,'Xiangfan',23,'2025-07-16 09:00:00'),(579,'Xiangtan',23,'2025-07-16 09:00:00'),(580,'Xintai',23,'2025-07-16 09:00:00'),(581,'Xinxiang',23,'2025-07-16 09:00:00'),(582,'Yamuna Nagar',44,'2025-07-16 09:00:00'),(583,'Yangor',65,'2025-07-16 09:00:00'),(584,'Yantai',23,'2025-07-16 09:00:00'),(585,'Yaound',19,'2025-07-16 09:00:00'),(586,'Yerevan',7,'2025-07-16 09:00:00'),(587,'Yinchuan',23,'2025-07-16 09:00:00'),(588,'Yingkou',23,'2025-07-16 09:00:00'),(589,'York',102,'2025-07-16 09:00:00'),(590,'Yuncheng',23,'2025-07-16 09:00:00'),(591,'Yuzhou',23,'2025-07-16 09:00:00'),(592,'Zalantun',23,'2025-07-16 09:00:00'),(593,'Zanzibar',93,'2025-07-16 09:00:00'),(594,'Zaoyang',23,'2025-07-16 09:00:00'),(595,'Zapopan',60,'2025-07-16 09:00:00'),(596,'Zaria',69,'2025-07-16 09:00:00'),(597,'Zeleznogorsk',80,'2025-07-16 09:00:00'),(598,'Zhezqazghan',51,'2025-07-16 09:00:00'),(599,'Zhoushan',23,'2025-07-16 09:00:00'),(600,'Ziguinchor',83,'2025-07-16 09:00:00');
/*!40000 ALTER TABLE `city` ENABLE KEYS */;
UNLOCK TABLES;

--
-- Table structure for table `country`
--

DROP TABLE IF EXISTS `country`;
/*!40101 SET @saved_cs_client     = @@character_set_client */;
/*!50503 SET character_set_client = utf8mb4 */;
CREATE TABLE `country` (
  `country_id` smallint unsigned NOT NULL AUTO_INCREMENT,
  `country` varchar(50) NOT NULL,
  `last_update` timestamp NOT NULL DEFAULT CURRENT_TIMESTAMP ON UPDATE CURRENT_TIMESTAMP,
  PRIMARY KEY (`country_id`)
) ENGINE=InnoDB AUTO_INCREMENT=110 DEFAULT CHARSET=utf8mb4 COLLATE=utf8mb4_0900_ai_ci;
/*!40101 SET character_set_client = @saved_cs_client */;

--
-- Dumping data for table `country`
--

LOCK TABLES `country` WRITE;
/*!40000 ALTER TABLE `country` DISABLE KEYS */;
INSERT INTO `country` VALUES (1,'Afghanistan','2025-07-16 09:00:00'),(2,'Algeria','2025-07-16 09:00:00'),(3,'American Samoa','2025-07-16 09:00:00'),(4,'Angola','2025-07-16 09:00:00'),(5,'Anguilla','2025-07-16 09:00:00'),(6,'Argentina','2025-07-16 09:00:00'),(7,'Armenia','2025-07-16 09:00:00'),(8,'Australia','2025-07-16 09:00:00'),(9,'Austria','2025-07-16 09:00:00'),(10,'Azerbaijan','2025-07-16 09:00:00'),(11,'Bahrain','2025-07-16 09:00:00'),(12,'Bangladesh','2025-07-16 09:00:00'),(13,'Belarus','2025-07-16 09:00:00'),(14,'Bolivia','2025-07-16 09:00:00'),(15,'Brazil','2025-07-16 09:00:00'),(16,'Brunei','2025-07-16 09:00:00'),(17,'Bulgaria','2025-07-16 09:00:00'),(18,'Cambodia','2025-07-16 09:00:00'),(19,'Cameroon','2025-07-16 09:00:00'),(20,'Canada','2025-07-16 09:00:00'),(21,'Chad','2025-07-16 09:00:00'),(22,'Chile','2025-07-16 09:00:00'),(23,'China','2025-07-16 09:00:00'),(24,'Colombia','2025-07-16 09:00:00'),(25,'Congo, The Democratic Republic of the','2025-07-16 09:00:00'),(26,'Czech Republic','2025-07-16 09:00:00'),(27,'Dominican Republic','2025-07-16 09:00:00'),(28,'Ecuador','2025-07-16 09:00:00'),(29,'Egypt','2025-07-16 09:00:00'),(30,'Estonia','2025-07-16 09:00:00'),(31,'Ethiopia','2025-07-16 09:00:00'),(32,'Faroe Islands','2025-07-16 09:00:00'),(33,'Finland','2025-07-16 09:00:00'),(34,'France','2025-07-16 09:00:00'),(35,'French Guiana','2025-07-16 09:00:00'),(36,'French Polynesia','2025-07-16 09:00:00'),(37,'Gambia','2025-07-16 09:00:00'),(38,'Germany','2025-07-16 09:00:00'),(39,'Greece','2025-07-16 09:00:00'),(40,'Greenland','2025-07-16 09:00:00'),(41,'Holy See (Vatican City State)','2025-07-16 09:00:00'),(42,'Hong Kong','2025-07-16 09:00:00'),(43,'Hungary','2025-07-16 09:00:00'),(44,'India','2025-07-16 09:00:00'),(45,'Indonesia','2025-07-16 09:00:00'),(46,'Iran','2025-07-16 09:00:00'),(47,'Iraq','2025-07-16 09:00:00'),(48,'Israel','2025-07-16 09:00:00'),(49,'Italy','2025-07-16 09:00:00'),(50,'Japan','2025-07-16 09:00:00'),(51,'Kazakstan','2025-07-16 09:00:00'),(52,'Kenya','2025-07-16 09:00:00'),(53,'Kuwait','2025-07-16 09:00:00'),(54,'Latvia','2025-07-16 09:00:00'),(55,'Liechtenstein','2025-07-16 09:00:00'),(56,'Lithuania','2025-07-16 09:00:00'),(57,'Madagascar','2025-07-16 09:00:00'),(58,'Malawi','2025-07-16 09:00:00'),(59,'Malaysia','2025-07-16 09:00:00'),(60,'Mexico','2025-07-16 09:00:00'),(61,'Moldova','2025-07-16 09:00:00'),(62,'Morocco','2025-07-16 09:00:00'),(63,'Mozambique','2025-07-16 09:00:00'),(64,'Myanmar','2025-07-16 09:00:00'),(65,'Nauru','2025-07-16 09:00:00'),(66,'Nepal','2025-07-16 09:00:00'),(67,'Netherlands','2025-07-16 09:00:00'),(68,'New Zealand','2025-07-16 09:00:00'),(69,'Nigeria','2025-07-16 09:00:00'),(70,'North Korea','2025-07-16 09:00:00'),(71,'Oman','2025-07-16 09:00:00'),(72,'Pakistan','2025-07-16 09:00:00'),(73,'Paraguay','2025-07-16 09:00:00'),(74,'Peru','2025-07-16 09:00:00'),(75,'Philippines','2025-07-16 09:00:00'),(76,'Poland','2025-07-16 09:00:00'),(77,'Puerto Rico','2025-07-16 09:00:00'),(78,'Romania','2025-07-16 09:00:00'),(79,'Runion','2025-07-16 09:00:00'),(80,'Russian Federation','2025-07-16 09:00:00'),(81,'Saint Vincent and the Grenadines','2025-07-16 09:00:00'),(82,'Saudi Arabia','2025-07-16 09:00:00'),(83,'Senegal','2025-07-16 09:00:00'),(84,'Slovakia','2025-07-16 09:00:00'),(85,'South Africa','2025-07-16 09:00:00'),(86,'South Korea','2025-07-16 09:00:00'),(87,'Spain','2025-07-16 09:00:00'),(88,'Sri Lanka','2025-07-16 09:00:00'),(89,'Sudan','2025-07-16 09:00:00'),(90,'Sweden','2025-07-16 09:00:00'),(91,'Switzerland','2025-07-16 09:00:00'),(92,'Taiwan','2025-07-16 09:00:00'),(93,'Tanzania','2025-07-16 09:00:00'),(94,'Thailand','2025-07-16 09:00:00'),(95,'Tonga','2025-07-16 09:00:00'),(96,'Tunisia','2025-07-16 09:00:00'),(97,'Turkey','2025-07-16 09:00:00'),(98,'Turkmenistan','2025-07-16 09:00:00'),(99,'Tuvalu','2025-07-16 09:00:00'),(100,'Ukraine','2025-07-16 09:00:00'),(101,'United Arab Emirates','2025-07-16 09:00:00'),(102,'United Kingdom','2025-07-16 09:00:00'),(103,'United States','2025-07-16 09:00:00'),(104,'Venezuela','2025-07-16 09:00:00'),(105,'Vietnam','2025-07-16 09:00:00'),(106,'Virgin Islands, U.S.','2025-07-16 09:00:00'),(107,'Yemen','2025-07-16 09:00:00'),(108,'Yugoslavia','2025-07-16 09:00:00'),(109,'Zambia','2025-07-16 09:00:00');
/*!40000 ALTER TABLE `country` ENABLE KEYS */;
UNLOCK TABLES;

--
-- Table structure for table `film`
--

DROP TABLE IF EXISTS `film`;
/*!40101 SET @saved_cs_client     = @@character_set_client */;
/*!50503 SET character_set_client = utf8mb4 */;
CREATE TABLE `film` (
  `film_id` smallint unsigned NOT NULL AUTO_INCREMENT,
  `title` varchar(128) NOT NULL,
  `description` text,
  `release_year` year DEFAULT NULL,
  `language_id` tinyint unsigned NOT NULL,
  `original_language_id` tinyint unsigned DEFAULT NULL,
  `rental_duration` tinyint unsigned NOT NULL DEFAULT '3',
  `rental_rate` decimal(4,2) NOT NULL DEFAULT '4.99',
  `length` smallint unsigned DEFAULT NULL,
  `replacement_cost` decimal(5,2) NOT NULL DEFAULT '19.99',
  `rating` enum('G','PG','PG-13','R','NC-17') DEFAULT 'G',
  `special_features` set('Trailers','Commentaries','Deleted Scenes','Behind the Scenes') DEFAULT NULL,
  `last_update` timestamp NOT NULL DEFAULT CURRENT_TIMESTAMP ON UPDATE CURRENT_TIMESTAMP,
  PRIMARY KEY (`film_id`),
  KEY `idx_title` (`title`),
  KEY `idx_fk_language_id` (`language_id`),
  KEY `idx_fk_original_language_id` (`original_language_id`),
  CONSTRAINT `fk_film_language` FOREIGN KEY (`language_id`) REFERENCES `language` (`language_id`) ON UPDATE CASCADE,
  CONSTRAINT `fk_film_language_original` FOREIGN KEY (`original_language_id`) REFERENCES `language` (`language_id`) ON UPDATE CASCADE
) ENGINE=InnoDB AUTO_INCREMENT=1001 DEFAULT CHARSET=utf8mb4 COLLATE=utf8mb4_0900_ai_ci;
/*!40101 SET character_set_client = @saved_cs_client */;

--
-- Dumping data for table `film`
--

LOCK TABLES `film` WRITE;
/*!40000 ALTER TABLE `film` DISABLE KEYS */;
INSERT INTO `film` VALUES (1,'ACADEMY DINOSAUR','A Epic Drama of a Feminist And a Mad Scientist who must Battle a Teacher in The Canadian Rockies',2019,1,NULL,6,0.99,86,20.99,'PG','Deleted Scenes,Behind the Scenes','2025-07-16 09:00:00'),(2,'ACE GOLDFINGER','A Astounding Epistle of a Database Administrator And a Explorer who must Find a Car in Ancient China',2018,1,NULL,3,4.99,48,12.99,'G','Trailers,Deleted Scenes','2025-07-16 09:00:00'),(3,'ADAPTATION HOLES','A Astounding Reflection of a Lumberjack And a Car who must Sink a Lumberjack in A Baloon Factory',2017,1,NULL,7,2.99,50,18.99,'NC-17','Trailers,Deleted Scenes','2025-07-16 09:00:00'),(4,'AFFAIR PREJUDICE','A Fanciful Documentary of a Frisbee And a Lumberjack who must Chase a Monkey in A Shark Tank',2016,1,NULL,5,2.99,117,26.99,'G','Commentaries,Behind the Scenes','2025-07-16 09:00:00'),(5,'AFRICAN EGG','A Fast-Paced Documentary of a Pastry Chef And a Dentist who must Pursue a Forensic Psychologist in The Gulf of Mexico',2019,1,NULL,6,2.99,130,22.99,'G','Deleted Scenes','2025-07-16 09:00:00'),(6,'AGENT TRUMAN','A Intrepid Panorama of a Robot And a Boy who must Escape a Sumo Wrestler in Ancient China',2015,1,NULL,3,2.99,169,17.99,'PG','Deleted Scenes','2025-07-16 09:00:00'),(7,'AIRPLANE SIERRA','A Touching Saga of a Hunter And a Butler who must Discover a Butler in A Jet Boat',2014,1,NULL,6,4.99,62,28.99,'PG-13','Trailers,Deleted Scenes','2025-07-16 09:00:00'),(8,'AIRPORT POLLOCK','A Epic Tale of a Moose And a Girl who must Confront a Monkey in Ancient India',2020,1,NULL,6,4.99,54,15.99,'R','Trailers','2025-07-16 09:00:00'),(9,'ALABAMA DEVIL','A Thoughtful Panorama of a Database Administrator And a Mad Scientist who must Outgun a Mad Scientist in A Jet Boat',2010,1,NULL,3,2.99,114,21.99,'PG-13','Trailers,Deleted Scenes','2025-07-16 09:00:00'),(10,'ALADDIN CALENDAR','A Action-Packed Tale of a Man And a Lumberjack who must Reach a Feminist in Ancient China',2012,2,NULL,6,4.99,63,24.99,'NC-17','Trailers,Deleted Scenes','2025-07-16 09:00:00'),(11,'ALAMO VIDEOTAPE','A Boring Epistle of a Butler And a Cat who must Fight a Pastry Chef in A MySQL Convention',2012,2,NULL,6,0.99,126,16.99,'G','Commentaries,Behind the Scenes','2025-07-16 09:00:00'),(12,'ALASKA PHANTOM','A Fanciful Saga of a Hunter And a Pastry Chef who must Vanquish a Boy in Australia',2012,2,NULL,6,0.99,136,22.99,'PG','Commentaries,Deleted Scenes','2025-07-16 09:00:00'),(13,'ALI FOREVER','A Action-Packed Drama of a Dentist And a Crocodile who must Battle a Feminist in The Canadian Rockies',2012,2,NULL,4,4.99,150,21.99,'PG','Deleted Scenes,Behind the Scenes','2025-07-16 09:00:00'),(14,'ALICE FANTASIA','A Emotional Drama of a A Shark And a Database Administrator who must Vanquish a Pioneer in Soviet Georgia',2016,2,NULL,6,0.99,94,23.99,'NC-17','Trailers,Deleted Scenes,Behind the Scenes','2025-07-16 09:00:00'),(15,'ALIEN CENTER','A Brilliant Drama of a Cat And a Mad Scientist who must Battle a Feminist in A MySQL Convention',2016,2,NULL,5,2.99,46,10.99,'NC-17','Trailers,Commentaries,Behind the Scenes','2025-07-16 09:00:00'),(16,'ALLEY EVOLUTION','A Fast-Paced Drama of a Robot And a Composer who must Battle a Astronaut in New Orleans',2016,2,NULL,6,2.99,180,23.99,'NC-17','Trailers,Commentaries','2025-07-16 09:00:00'),(17,'ALONE TRIP','A Fast-Paced Character Study of a Composer And a Dog who must Outgun a Boat in An Abandoned Fun House',2016,2,NULL,3,0.99,82,14.99,'R','Trailers,Behind the Scenes','2025-07-16 09:00:00'),(18,'ALTER VICTORY','A Thoughtful Drama of a Composer And a Feminist who must Meet a Secret Agent in The Canadian Rockies',2016,2,NULL,6,0.99,57,27.99,'PG-13','Trailers,Behind the Scenes','2025-07-16 09:00:00'),(19,'AMADEUS HOLY','A Emotional Display of a Pioneer And a Technical Writer who must Battle a Man in A Baloon',2016,2,NULL,6,0.99,113,20.99,'PG','Commentaries,Deleted Scenes,Behind the Scenes','2025-07-16 09:00:00'),(20,'AMELIE HELLFIGHTERS','A Boring Drama of a Woman And a Squirrel who must Conquer a Student in A Baloon',2016,2,NULL,4,4.99,79,23.99,'R','Commentaries,Deleted Scenes,Behind the Scenes','2025-07-16 09:00:00'),(21,'AMERICAN CIRCUS','A Insightful Drama of a Girl And a Astronaut who must Face a Database Administrator in A Shark Tank',2016,2,NULL,3,4.99,129,17.99,'R','Commentaries,Behind the Scenes','2025-07-16 09:00:00'),(22,'AMISTAD MIDSUMMER','A Emotional Character Study of a Dentist And a Crocodile who must Meet a Sumo Wrestler in California',2016,2,NULL,6,2.99,85,10.99,'G','Commentaries,Behind the Scenes','2025-07-16 09:00:00'),(23,'ANACONDA CONFESSIONS','A Lacklusture Display of a Dentist And a Dentist who must Fight a Girl in Australia',2016,2,NULL,3,0.99,92,9.99,'R','Trailers,Deleted Scenes','2025-07-16 09:00:00'),(24,'ANALYZE HOOSIERS','A Thoughtful Display of a Explorer And a Pastry Chef who must Overcome a Feminist in The Sahara Desert',2016,2,NULL,6,2.99,181,19.99,'R','Trailers,Behind the Scenes','2025-07-16 09:00:00'),(25,'ANGELS LIFE','A Thoughtful Display of a Woman And a Astronaut who must Battle a Robot in Berlin',2016,2,NULL,3,2.99,74,15.99,'G','Trailers','2025-07-16 09:00:00'),(26,'ANNIE IDENTITY','A Amazing Panorama of a Pastry Chef And a Boat who must Escape a Woman in An Abandoned Amusement Park',2008,2,NULL,3,0.99,86,15.99,'G','Commentaries,Deleted Scenes','2025-07-16 09:00:00'),(27,'ANONYMOUS HUMAN','A Amazing Reflection of a Database Administrator And a Astronaut who must Outrace a Database Administrator in A Shark Tank',2008,2,NULL,7,0.99,179,12.99,'NC-17','Deleted Scenes,Behind the Scenes','2025-07-16 09:00:00'),(28,'ANTHEM LUKE','A Touching Panorama of a Waitress And a Woman who must Outrace a Dog in An Abandoned Amusement Park',2008,2,NULL,5,4.99,91,16.99,'PG-13','Deleted Scenes,Behind the Scenes','2025-07-16 09:00:00'),(29,'ANTITRUST TOMATOES','A Fateful Yarn of a Womanizer And a Feminist who must Succumb a Database Administrator in Ancient India',2008,2,NULL,5,2.99,168,11.99,'NC-17','Trailers,Commentaries,Deleted Scenes','2025-07-16 09:00:00'),(30,'ANYTHING SAVANNAH','A Epic Story of a Pastry Chef And a Woman who must Chase a Feminist in An Abandoned Fun House',2008,2,NULL,4,2.99,82,27.99,'R','Trailers,Deleted Scenes,Behind the Scenes','2025-07-16 09:00:00'),(31,'APACHE DIVINE','A Awe-Inspiring Reflection of a Pastry Chef And a Teacher who must Overcome a Sumo Wrestler in A U-Boat',2008,2,NULL,5,4.99,92,16.99,'NC-17','Commentaries,Deleted Scenes,Behind the Scenes','2025-07-16 09:00:00'),(32,'APOCALYPSE FLAMINGOS','A Astounding Story of a Dog And a Squirrel who must Defeat a Woman in An Abandoned Amusement Park',2008,2,NULL,6,4.99,119,11.99,'R','Trailers,Commentaries','2025-07-16 09:00:00'),(33,'APOLLO TEEN','A Action-Packed Reflection of a Crocodile And a Explorer who must Find a Sumo Wrestler in An Abandoned Mine Shaft',2008,2,NULL,5,2.99,153,15.99,'PG-13','Trailers,Commentaries,Deleted Scenes,Behind the Scenes','2025-07-16 09:00:00'),(34,'ARABIA DOGMA','A Touching Epistle of a Madman And a Mad Cow who must Defeat a Student in Nigeria',2008,2,NULL,6,0.99,62,29.99,'NC-17','Commentaries,Deleted Scenes','2025-07-16 09:00:00'),(35,'ARACHNOPHOBIA ROLLERCOASTER','A Action-Packed Reflection of a Pastry Chef And a Composer who must Discover a Mad Scientist in The First Manned Space Station',2008,2,NULL,4,2.99,147,24.99,'PG-13','Trailers,Deleted Scenes,Behind the Scenes','2025-07-16 09:00:00'),(36,'ARGONAUTS TOWN','A Emotional Epistle of a Forensic Psychologist And a Butler who must Challenge a Waitress in An Abandoned Mine Shaft',2008,2,NULL,7,0.99,127,12.99,'PG-13','Trailers,Commentaries','2025-07-16 09:00:00'),(37,'ARIZONA BANG','A Brilliant Panorama of a Mad Scientist And a Mad Cow who must Meet a Pioneer in A Monastery',2017,2,NULL,3,2.99,121,28.99,'PG','Trailers,Deleted Scenes','2025-07-16 09:00:00'),(38,'ARK RIDGEMONT','A Beautiful Yarn of a Pioneer And a Monkey who must Pursue a Explorer in The Sahara Desert',2017,2,NULL,6,0.99,68,25.99,'NC-17','Trailers,Commentaries,Deleted Scenes,Behind the Scenes','2025-07-16 09:00:00'),(39,'ARMAGEDDON LOST','A Fast-Paced Tale of a Boat And a Teacher who must Succumb a Composer in An Abandoned Mine Shaft',2017,2,NULL,5,0.99,99,10.99,'G','Trailers','2025-07-16 09:00:00'),(40,'ARMY FLINTSTONES','A Boring Saga of a Database Administrator And a Womanizer who must Battle a Waitress in Nigeria',2017,2,NULL,4,0.99,148,22.99,'R','Trailers,Commentaries','2025-07-16 09:00:00'),(41,'ARSENIC INDEPENDENCE','A Fanciful Documentary of a Mad Cow And a Womanizer who must Find a Dentist in Berlin',2017,2,NULL,4,0.99,137,17.99,'PG','Trailers,Deleted Scenes,Behind the Scenes','2025-07-16 09:00:00'),(42,'ARTIST COLDBLOODED','A Stunning Reflection of a Robot And a Moose who must Challenge a Woman in California',2017,2,NULL,5,2.99,170,10.99,'NC-17','Trailers,Behind the Scenes','2025-07-16 09:00:00'),(43,'ATLANTIS CAUSE','A Thrilling Yarn of a Feminist And a Hunter who must Fight a Technical Writer in A Shark Tank',2017,2,NULL,6,2.99,170,15.99,'G','Behind the Scenes','2025-07-16 09:00:00'),(44,'ATTACKS HATE','A Fast-Paced Panorama of a Technical Writer And a Mad Scientist who must Find a Feminist in An Abandoned Mine Shaft',2017,3,NULL,5,4.99,113,21.99,'PG-13','Trailers,Behind the Scenes','2025-07-16 09:00:00'),(45,'ATTRACTION NEWTON','A Astounding Panorama of a Composer And a Frisbee who must Reach a Husband in Ancient Japan',2017,3,NULL,5,4.99,83,14.99,'PG-13','Trailers,Behind the Scenes','2025-07-16 09:00:00'),(46,'AUTUMN CROW','A Beautiful Tale of a Dentist And a Mad Cow who must Battle a Moose in The Sahara Desert',2017,3,NULL,3,4.99,108,13.99,'G','Trailers,Commentaries,Deleted Scenes,Behind the Scenes','2025-07-16 09:00:00'),(47,'BABY HALL','A Boring Character Study of a A Shark And a Girl who must Outrace a Feminist in An Abandoned Mine Shaft',2017,3,NULL,5,4.99,153,23.99,'NC-17','Commentaries','2025-07-16 09:00:00'),(48,'BACKLASH UNDEFEATED','A Stunning Character Study of a Mad Scientist And a Mad Cow who must Kill a Car in A Monastery',2017,3,NULL,3,4.99,118,24.99,'PG-13','Trailers,Behind the Scenes','2025-07-16 09:00:00'),(49,'BADMAN DAWN','A Emotional Panorama of a Pioneer And a Composer who must Escape a Mad Scientist in A Jet Boat',2009,3,NULL,6,2.99,162,22.99,'R','Trailers,Commentaries,Behind the Scenes','2025-07-16 09:00:00'),(50,'BAKED CLEOPATRA','A Stunning Drama of a Forensic Psychologist And a Husband who must Overcome a Waitress in A Monastery',2009,3,NULL,3,2.99,182,20.99,'G','Commentaries,Behind the Scenes','2025-07-16 09:00:00'),(51,'BALLOON HOMEWARD','A Insightful Panorama of a Forensic Psychologist And a Mad Cow who must Build a Mad Scientist in The First Manned Space Station',2009,3,NULL,5,2.99,75,10.99,'NC-17','Deleted Scenes','2025-07-16 09:00:00'),(52,'BALLROOM MOCKINGBIRD','A Thrilling Documentary of a Composer And a Monkey who must Find a Feminist in California',2009,3,NULL,6,0.99,173,29.99,'G','Commentaries,Deleted Scenes','2025-07-16 09:00:00'),(53,'BANG KWAI','A Epic Drama of a Madman And a Cat who must Face a A Shark in An Abandoned Amusement Park',2009,3,NULL,5,2.99,87,25.99,'NC-17','Commentaries,Deleted Scenes,Behind the Scenes','2025-07-16 09:00:00'),(54,'BANGER PINOCCHIO','A Awe-Inspiring Drama of a Car And a Pastry Chef who must Chase a Crocodile in The First Manned Space Station',2009,3,NULL,5,0.99,113,15.99,'R','Trailers,Commentaries,Deleted Scenes','2025-07-16 09:00:00'),(55,'BARBARELLA STREETCAR','A Awe-Inspiring Story of a Feminist And a Cat who must Conquer a Dog in A Monastery',2009,3,NULL,6,2.99,65,27.99,'G','Behind the Scenes','2025-07-16 09:00:00'),(56,'BAREFOOT MANCHURIAN','A Intrepid Story of a Cat And a Student who must Vanquish a Girl in An Abandoned Amusement Park',2009,3,NULL,6,2.99,129,15.99,'G','Trailers,Commentaries','2025-07-16 09:00:00'),(57,'BASIC EASY','A Stunning Epistle of a Man And a Husband who must Reach a Mad Scientist in A Jet Boat',2009,3,NULL,4,2.99,90,18.99,'PG-13','Deleted Scenes','2025-07-16 09:00:00'),(58,'BEACH HEARTBREAKERS','A Fateful Display of a Womanizer And a Mad Scientist who must Outgun a A Shark in Soviet Georgia',2009,3,NULL,6,2.99,122,16.99,'G','Deleted Scenes,Behind the Scenes','2025-07-16 09:00:00'),(59,'BEAR GRACELAND','A Astounding Saga of a Dog And a Boy who must Kill a Teacher in The First Manned Space Station',2009,3,NULL,4,2.99,160,20.99,'R','Deleted Scenes','2025-07-16 09:00:00'),(60,'BEAST HUNCHBACK','A Awe-Inspiring Epistle of a Student And a Squirrel who must Defeat a Boy in Ancient China',2009,3,NULL,3,4.99,89,22.99,'R','Deleted Scenes,Behind the Scenes','2025-07-16 09:00:00'),(61,'BEAUTY GREASE','A Fast-Paced Display of a Composer And a Moose who must Sink a Robot in An Abandoned Mine Shaft',2009,3,NULL,5,4.99,175,28.99,'G','Trailers,Commentaries','2025-07-16 09:00:00'),(62,'BED HIGHBALL','A Astounding Panorama of a Lumberjack And a Dog who must Redeem a Woman in An Abandoned Fun House',2009,3,NULL,5,2.99,106,23.99,'NC-17','Trailers,Commentaries,Deleted Scenes','2025-07-16 09:00:00'),(63,'BEDAZZLED MARRIED','A Astounding Character Study of a Madman And a Robot who must Meet a Mad Scientist in An Abandoned Fun House',2011,3,NULL,6,0.99,73,21.99,'PG','Trailers,Deleted Scenes,Behind the Scenes','2025-07-16 09:00:00'),(64,'BEETHOVEN EXORCIST','A Epic Display of a Pioneer And a Student who must Challenge a Butler in The Gulf of Mexico',2011,3,NULL,6,0.99,151,26.99,'PG-13','Commentaries,Behind the Scenes','2025-07-16 09:00:00'),(65,'BEHAVIOR RUNAWAY','A Unbelieveable Drama of a Student And a Husband who must Outrace a Sumo Wrestler in Berlin',2011,3,NULL,3,4.99,100,20.99,'PG','Trailers,Deleted Scenes,Behind the Scenes','2025-07-16 09:00:00'),(66,'BENEATH RUSH','A Astounding Panorama of a Man And a Monkey who must Discover a Man in The First Manned Space Station',2011,3,NULL,6,0.99,53,27.99,'NC-17','Commentaries,Deleted Scenes','2025-07-16 09:00:00'),(67,'BERETS AGENT','A Taut Saga of a Crocodile And a Boy who must Overcome a Technical Writer in Ancient China',2011,3,NULL,5,2.99,77,24.99,'PG-13','Deleted Scenes','2025-07-16 09:00:00'),(68,'BETRAYED REAR','A Emotional Character Study of a Boat And a Pioneer who must Find a Explorer in A Shark Tank',2011,3,NULL,5,4.99,122,26.99,'NC-17','Commentaries,Deleted Scenes,Behind the Scenes','2025-07-16 09:00:00'),(69,'BEVERLY OUTLAW','A Fanciful Documentary of a Womanizer And a Boat who must Defeat a Madman in The First Manned Space Station',2011,3,NULL,3,2.99,85,21.99,'R','Trailers','2025-07-16 09:00:00'),(70,'BIKINI BORROWERS','A Astounding Drama of a Astronaut And a Cat who must Discover a Woman in The First Manned Space Station',2011,3,NULL,7,4.99,142,26.99,'NC-17','Commentaries,Deleted Scenes','2025-07-16 09:00:00'),(71,'BILKO ANONYMOUS','A Emotional Reflection of a Teacher And a Man who must Meet a Cat in The First Manned Space Station',2011,3,NULL,3,4.99,100,25.99,'PG-13','Commentaries,Deleted Scenes,Behind the Scenes','2025-07-16 09:00:00'),(72,'BILL OTHERS','A Stunning Saga of a Mad Scientist And a Forensic Psychologist who must Challenge a Squirrel in A MySQL Convention',2011,3,NULL,6,2.99,93,12.99,'PG','Trailers,Commentaries','2025-07-16 09:00:00'),(73,'BINGO TALENTED','A Touching Tale of a Girl And a Crocodile who must Discover a Waitress in Nigeria',2011,3,NULL,5,2.99,150,22.99,'PG-13','Trailers,Commentaries','2025-07-16 09:00:00'),(74,'BIRCH ANTITRUST','A Fanciful Panorama of a Husband And a Pioneer who must Outgun a Dog in A Baloon',2011,3,NULL,4,4.99,162,18.99,'PG','Trailers,Commentaries,Deleted Scenes','2025-07-16 09:00:00'),(75,'BIRD INDEPENDENCE','A Thrilling Documentary of a Car And a Student who must Sink a Hunter in The Canadian Rockies',2011,3,NULL,6,4.99,163,14.99,'G','Commentaries,Behind the Scenes','2025-07-16 09:00:00'),(76,'BIRDCAGE CASPER','A Fast-Paced Saga of a Frisbee And a Astronaut who must Overcome a Feminist in Ancient India',2011,3,NULL,4,0.99,103,23.99,'NC-17','Commentaries,Deleted Scenes,Behind the Scenes','2025-07-16 09:00:00'),(77,'BIRDS PERDITION','A Boring Story of a Womanizer And a Pioneer who must Face a Dog in California',2011,3,NULL,5,4.99,61,15.99,'G','Trailers,Behind the Scenes','2025-07-16 09:00:00'),(78,'BLACKOUT PRIVATE','A Intrepid Yarn of a Pastry Chef And a Mad Scientist who must Challenge a Secret Agent in Ancient Japan',2011,3,NULL,7,2.99,85,12.99,'PG','Trailers,Deleted Scenes','2025-07-16 09:00:00'),(79,'BLADE POLISH','A Thoughtful Character Study of a Frisbee And a Pastry Chef who must Fight a Dentist in The First Manned Space Station',2011,3,NULL,5,0.99,114,10.99,'PG-13','Trailers,Behind the Scenes','2025-07-16 09:00:00'),(80,'BLANKET BEVERLY','A Emotional Documentary of a Student And a Girl who must Build a Boat in Nigeria',2011,3,NULL,7,2.99,148,21.99,'G','Trailers','2025-07-16 09:00:00'),(81,'BLINDNESS GUN','A Touching Drama of a Robot And a Dentist who must Meet a Hunter in A Jet Boat',2013,3,NULL,6,4.99,103,29.99,'PG-13','Trailers,Behind the Scenes','2025-07-16 09:00:00'),(82,'BLOOD ARGONAUTS','A Boring Drama of a Explorer And a Man who must Kill a Lumberjack in A Manhattan Penthouse',2013,3,NULL,3,0.99,71,13.99,'G','Trailers,Commentaries,Behind the Scenes','2025-07-16 09:00:00'),(83,'BLUES INSTINCT','A Insightful Documentary of a Boat And a Composer who must Meet a Forensic Psychologist in An Abandoned Fun House',2013,3,NULL,5,2.99,50,18.99,'G','Trailers,Deleted Scenes,Behind the Scenes','2025-07-16 09:00:00'),(84,'BOILED DARES','A Awe-Inspiring Story of a Waitress And a Dog who must Discover a Dentist in Ancient Japan',2013,3,NULL,7,4.99,102,13.99,'PG','Trailers,Commentaries','2025-07-16 09:00:00'),(85,'BONNIE HOLOCAUST','A Fast-Paced Story of a Crocodile And a Robot who must Find a Moose in Ancient Japan',2013,3,NULL,4,0.99,63,29.99,'G','Deleted Scenes','2025-07-16 09:00:00'),(86,'BOOGIE AMELIE','A Lacklusture Character Study of a Husband And a Sumo Wrestler who must Succumb a Technical Writer in The Gulf of Mexico',2013,3,NULL,6,4.99,121,11.99,'R','Commentaries,Behind the Scenes','2025-07-16 09:00:00'),(87,'BOONDOCK BALLROOM','A Fateful Panorama of a Crocodile And a Boy who must Defeat a Monkey in The Gulf of Mexico',2013,3,NULL,7,0.99,76,14.99,'NC-17','Behind the Scenes','2025-07-16 09:00:00'),(88,'BORN SPINAL','A Touching Epistle of a Frisbee And a Husband who must Pursue a Student in Nigeria',2013,3,NULL,7,4.99,179,17.99,'PG','Trailers,Commentaries,Deleted Scenes','2025-07-16 09:00:00'),(89,'BORROWERS BEDAZZLED','A Brilliant Epistle of a Teacher And a Sumo Wrestler who must Defeat a Man in An Abandoned Fun House',2013,3,NULL,7,0.99,63,22.99,'G','Commentaries,Deleted Scenes,Behind the Scenes','2025-07-16 09:00:00'),(90,'BOULEVARD MOB','A Fateful Epistle of a Moose And a Monkey who must Confront a Lumberjack in Ancient China',2013,3,NULL,3,0.99,63,11.99,'R','Trailers','2025-07-16 09:00:00'),(91,'BOUND CHEAPER','A Thrilling Panorama of a Database Administrator And a Astronaut who must Challenge a Lumberjack in A Baloon',2013,3,NULL,5,0.99,98,17.99,'PG','Behind the Scenes','2025-07-16 09:00:00'),(92,'BOWFINGER GABLES','A Fast-Paced Yarn of a Waitress And a Composer who must Outgun a Dentist in California',2013,3,NULL,7,4.99,72,19.99,'NC-17','Trailers,Deleted Scenes','2025-07-16 09:00:00'),(93,'BRANNIGAN SUNRISE','A Amazing Epistle of a Moose And a Crocodile who must Outrace a Dog in Berlin',2013,3,NULL,4,4.99,121,27.99,'PG','Trailers','2025-07-16 09:00:00'),(94,'BRAVEHEART HUMAN','A Insightful Story of a Dog And a Pastry Chef who must Battle a Girl in Berlin',2005,3,NULL,7,2.99,176,14.99,'PG-13','Trailers,Deleted Scenes','2025-07-16 09:00:00'),(95,'BREAKFAST GOLDFINGER','A Beautiful Reflection of a Student And a Student who must Fight a Moose in Berlin',2005,3,NULL,5,4.99,123,18.99,'G','Trailers,Commentaries,Deleted Scenes','2025-07-16 09:00:00'),(96,'BREAKING HOME','A Beautiful Display of a Secret Agent And a Monkey who must Battle a Sumo Wrestler in An Abandoned Mine Shaft',2005,3,NULL,4,2.99,169,21.99,'PG-13','Trailers,Commentaries','2025-07-16 09:00:00'),(97,'BRIDE INTRIGUE','A Epic Tale of a Robot And a Monkey who must Vanquish a Man in New Orleans',2005,3,NULL,7,0.99,56,24.99,'G','Trailers,Commentaries,Behind the Scenes','2025-07-16 09:00:00'),(98,'BRIGHT ENCOUNTERS','A Fateful Yarn of a Lumberjack And a Feminist who must Conquer a Student in A Jet Boat',2005,3,NULL,4,4.99,73,12.99,'PG-13','Trailers','2025-07-16 09:00:00'),(99,'BRINGING HYSTERICAL','A Fateful Saga of a A Shark And a Technical Writer who must Find a Woman in A Jet Boat',2005,3,NULL,7,2.99,136,14.99,'PG','Trailers','2025-07-16 09:00:00'),(100,'BROOKLYN DESERT','A Beautiful Drama of a Dentist And a Composer who must Battle a Sumo Wrestler in The First Manned Space Station',2005,3,NULL,7,4.99,161,21.99,'R','Commentaries','2025-07-16 09:00:00'),(101,'BROTHERHOOD BLANKET','A Fateful Character Study of a Butler And a Technical Writer who must Sink a Astronaut in Ancient Japan',2005,3,NULL,3,0.99,73,26.99,'R','Behind the Scenes','2025-07-16 09:00:00'),(102,'BUBBLE GROSSE','A Awe-Inspiring Panorama of a Crocodile And a Moose who must Confront a Girl in A Baloon',2005,3,NULL,4,4.99,60,20.99,'R','Trailers,Commentaries,Deleted Scenes,Behind the Scenes','2025-07-16 09:00:00'),(103,'BUCKET BROTHERHOOD','A Amazing Display of a Girl And a Womanizer who must Succumb a Lumberjack in A Baloon Factory',2005,3,NULL,7,4.99,133,27.99,'PG','Commentaries,Deleted Scenes','2025-07-16 09:00:00'),(104,'BUGSY SONG','A Awe-Inspiring Character Study of a Secret Agent And a Boat who must Find a Squirrel in The First Manned Space Station',2005,3,NULL,4,2.99,119,17.99,'G','Commentaries','2025-07-16 09:00:00'),(105,'BULL SHAWSHANK','A Fanciful Drama of a Moose And a Squirrel who must Conquer a Pioneer in The Canadian Rockies',2005,3,NULL,6,0.99,125,21.99,'NC-17','Deleted Scenes','2025-07-16 09:00:00'),(106,'BULWORTH COMMANDMENTS','A Amazing Display of a Mad Cow And a Pioneer who must Redeem a Sumo Wrestler in The Outback',2005,3,NULL,4,2.99,61,14.99,'G','Trailers','2025-07-16 09:00:00'),(107,'BUNCH MINDS','A Emotional Story of a Feminist And a Feminist who must Escape a Pastry Chef in A MySQL Convention',2005,3,NULL,4,2.99,63,13.99,'G','Behind the Scenes','2025-07-16 09:00:00'),(108,'BUTCH PANTHER','A Lacklusture Yarn of a Feminist And a Database Administrator who must Face a Hunter in New Orleans',2005,3,NULL,6,0.99,67,19.99,'PG-13','Trailers,Commentaries,Deleted Scenes','2025-07-16 09:00:00'),(109,'BUTTERFLY CHOCOLAT','A Fateful Story of a Girl And a Composer who must Conquer a Husband in A Shark Tank',2005,3,NULL,3,0.99,89,17.99,'G','Behind the Scenes','2025-07-16 09:00:00'),(110,'CABIN FLASH','A Stunning Epistle of a Boat And a Man who must Challenge a A Shark in A Baloon Factory',2005,3,NULL,4,0.99,53,25.99,'NC-17','Commentaries,Deleted Scenes','2025-07-16 09:00:00'),(111,'CADDYSHACK JEDI','A Awe-Inspiring Epistle of a Woman And a Madman who must Fight a Robot in Soviet Georgia',2005,3,NULL,3,0.99,52,17.99,'NC-17','Commentaries,Deleted Scenes','2025-07-16 09:00:00'),(112,'CALENDAR GUNFIGHT','A Thrilling Drama of a Frisbee And a Lumberjack who must Sink a Man in Nigeria',2005,3,NULL,4,4.99,120,22.99,'NC-17','Trailers,Commentaries,Behind the Scenes','2025-07-16 09:00:00'),(113,'CALIFORNIA BIRDS','A Thrilling Yarn of a Database Administrator And a Robot who must Battle a Database Administrator in Ancient India',2005,3,NULL,4,4.99,75,19.99,'NC-17','Trailers,Commentaries,Deleted Scenes','2025-07-16 09:00:00'),(114,'CAMELOT VACATION','A Touching Character Study of a Woman And a Waitress who must Battle a Pastry Chef in A MySQL Convention',2005,3,NULL,3,0.99,61,26.99,'NC-17','Trailers,Commentaries,Deleted Scenes,Behind the Scenes','2025-07-16 09:00:00'),(115,'CAMPUS REMEMBER','A Astounding Drama of a Crocodile And a Mad Cow who must Build a Robot in A Jet Boat',2005,3,NULL,5,2.99,167,27.99,'R','Behind the Scenes','2025-07-16 09:00:00'),(116,'CANDIDATE PERDITION','A Brilliant Epistle of a Composer And a Database Administrator who must Vanquish a Mad Scientist in The First Manned Space Station',2005,3,NULL,4,2.99,70,10.99,'R','Deleted Scenes,Behind the Scenes','2025-07-16 09:00:00'),(117,'CANDLES GRAPES','A Fanciful Character Study of a Monkey And a Explorer who must Build a Astronaut in An Abandoned Fun House',2005,3,NULL,6,4.99,135,15.99,'NC-17','Trailers,Deleted Scenes','2025-07-16 09:00:00'),(118,'CANYON STOCK','A Thoughtful Reflection of a Waitress And a Feminist who must Escape a Squirrel in A Manhattan Penthouse',2018,3,NULL,7,0.99,85,26.99,'R','Trailers,Deleted Scenes','2025-07-16 09:00:00'),(119,'CAPER MOTIONS','A Fateful Saga of a Moose And a Car who must Pursue a Woman in A MySQL Convention',2018,3,NULL,6,0.99,176,22.99,'G','Trailers,Commentaries,Deleted Scenes','2025-07-16 09:00:00'),(120,'CARIBBEAN LIBERTY','A Fanciful Tale of a Pioneer And a Technical Writer who must Outgun a Pioneer in A Shark Tank',2018,4,NULL,3,4.99,92,16.99,'NC-17','Commentaries,Deleted Scenes','2025-07-16 09:00:00'),(121,'CAROL TEXAS','A Astounding Character Study of a Composer And a Student who must Overcome a Composer in A Monastery',2018,4,NULL,4,2.99,151,15.99,'PG','Trailers,Behind the Scenes','2025-07-16 09:00:00'),(122,'CARRIE BUNCH','A Amazing Epistle of a Student And a Astronaut who must Discover a Frisbee in The Canadian Rockies',2018,4,NULL,7,0.99,114,11.99,'PG','Trailers,Commentaries,Behind the Scenes','2025-07-16 09:00:00'),(123,'CASABLANCA SUPER','A Amazing Panorama of a Crocodile And a Forensic Psychologist who must Pursue a Secret Agent in The First Manned Space Station',2018,4,NULL,6,4.99,85,22.99,'G','Trailers,Deleted Scenes,Behind the Scenes','2025-07-16 09:00:00'),(124,'CASPER DRAGONFLY','A Intrepid Documentary of a Boat And a Crocodile who must Chase a Robot in The Sahara Desert',2018,4,NULL,3,4.99,163,16.99,'PG-13','Trailers','2025-07-16 09:00:00'),(125,'CASSIDY WYOMING','A Intrepid Drama of a Frisbee And a Hunter who must Kill a Secret Agent in New Orleans',2018,4,NULL,5,2.99,61,19.99,'NC-17','Commentaries,Behind the Scenes','2025-07-16 09:00:00'),(126,'CASUALTIES ENCINO','A Insightful Yarn of a A Shark And a Pastry Chef who must Face a Boy in A Monastery',2018,4,NULL,3,4.99,179,16.99,'G','Trailers','2025-07-16 09:00:00'),(127,'CAT CONEHEADS','A Fast-Paced Panorama of a Girl And a A Shark who must Confront a Boy in Ancient India',2018,4,NULL,5,4.99,112,14.99,'G','Commentaries,Deleted Scenes','2025-07-16 09:00:00'),(128,'CATCH AMISTAD','A Boring Reflection of a Lumberjack And a Feminist who must Discover a Woman in Nigeria',2018,4,NULL,7,0.99,183,10.99,'G','Trailers,Behind the Scenes','2025-07-16 09:00:00'),(129,'CAUSE DATE','A Taut Tale of a Explorer And a Pastry Chef who must Conquer a Hunter in A MySQL Convention',2018,4,NULL,3,2.99,179,16.99,'R','Commentaries,Deleted Scenes,Behind the Scenes','2025-07-16 09:00:00'),(130,'CELEBRITY HORN','A Amazing Documentary of a Secret Agent And a Astronaut who must Vanquish a Hunter in A Shark Tank',2018,4,NULL,7,0.99,110,24.99,'PG-13','Deleted Scenes,Behind the Scenes','2025-07-16 09:00:00'),(131,'CENTER DINOSAUR','A Beautiful Character Study of a Sumo Wrestler And a Dentist who must Find a Dog in California',2018,4,NULL,5,4.99,152,12.99,'PG','Deleted Scenes','2025-07-16 09:00:00'),(132,'CHAINSAW UPTOWN','A Beautiful Documentary of a Boy And a Robot who must Discover a Squirrel in Australia',2018,4,NULL,6,0.99,114,25.99,'PG','Deleted Scenes,Behind the Scenes','2025-07-16 09:00:00'),(133,'CHAMBER ITALIAN','A Fateful Reflection of a Moose And a Husband who must Overcome a Monkey in Nigeria',2018,4,NULL,7,4.99,117,14.99,'NC-17','Trailers','2025-07-16 09:00:00'),(134,'CHAMPION FLATLINERS','A Amazing Story of a Mad Cow And a Dog who must Kill a Husband in A Monastery',2018,4,NULL,4,4.99,51,21.99,'PG','Trailers','2025-07-16 09:00:00'),(135,'CHANCE RESURRECTION','A Astounding Story of a Forensic Psychologist And a Forensic Psychologist who must Overcome a Moose in Ancient China',2018,4,NULL,3,2.99,70,22.99,'R','Commentaries,Deleted Scenes,Behind the Scenes','2025-07-16 09:00:00'),(136,'CHAPLIN LICENSE','A Boring Drama of a Dog And a Forensic Psychologist who must Outrace a Explorer in Ancient India',2018,4,NULL,7,2.99,146,26.99,'NC-17','Behind the Scenes','2025-07-16 09:00:00'),(137,'CHARADE DUFFEL','A Action-Packed Display of a Man And a Waitress who must Build a Dog in A MySQL Convention',2018,4,NULL,3,2.99,66,21.99,'PG','Trailers,Deleted Scenes,Behind the Scenes','2025-07-16 09:00:00'),(138,'CHARIOTS CONSPIRACY','A Unbelieveable Epistle of a Robot And a Husband who must Chase a Robot in The First Manned Space Station',2018,4,NULL,5,2.99,71,29.99,'R','Deleted Scenes,Behind the Scenes','2025-07-16 09:00:00'),(139,'CHASING FIGHT','A Astounding Saga of a Technical Writer And a Butler who must Battle a Butler in A Shark Tank',2018,4,NULL,7,4.99,114,21.99,'PG','Trailers,Commentaries','2025-07-16 09:00:00'),(140,'CHEAPER CLYDE','A Emotional Character Study of a Pioneer And a Girl who must Discover a Dog in Ancient Japan',2018,4,NULL,6,0.99,87,23.99,'G','Trailers,Commentaries,Behind the Scenes','2025-07-16 09:00:00'),(141,'CHICAGO NORTH','A Fateful Yarn of a Mad Cow And a Waitress who must Battle a Student in California',2012,4,NULL,6,4.99,185,11.99,'PG-13','Deleted Scenes,Behind the Scenes','2025-07-16 09:00:00'),(142,'CHICKEN HELLFIGHTERS','A Emotional Drama of a Dog And a Explorer who must Outrace a Technical Writer in Australia',2012,4,NULL,3,0.99,122,24.99,'PG','Trailers,Commentaries,Deleted Scenes,Behind the Scenes','2025-07-16 09:00:00'),(143,'CHILL LUCK','A Lacklusture Epistle of a Boat And a Technical Writer who must Fight a A Shark in The Canadian Rockies',2012,4,NULL,6,0.99,142,17.99,'PG','Trailers,Commentaries,Deleted Scenes','2025-07-16 09:00:00'),(144,'CHINATOWN GLADIATOR','A Brilliant Panorama of a Technical Writer And a Lumberjack who must Escape a Butler in Ancient India',2012,4,NULL,7,4.99,61,24.99,'PG','Trailers,Commentaries,Deleted Scenes','2025-07-16 09:00:00'),(145,'CHISUM BEHAVIOR','A Epic Documentary of a Sumo Wrestler And a Butler who must Kill a Car in Ancient India',2012,4,NULL,5,4.99,124,25.99,'G','Trailers,Commentaries,Behind the Scenes','2025-07-16 09:00:00'),(146,'CHITTY LOCK','A Boring Epistle of a Boat And a Database Administrator who must Kill a Sumo Wrestler in The First Manned Space Station',2012,4,NULL,6,2.99,107,24.99,'G','Commentaries','2025-07-16 09:00:00'),(147,'CHOCOLAT HARRY','A Action-Packed Epistle of a Dentist And a Moose who must Meet a Mad Cow in Ancient Japan',2012,4,NULL,5,0.99,101,16.99,'NC-17','Commentaries,Behind the Scenes','2025-07-16 09:00:00'),(148,'CHOCOLATE DUCK','A Unbelieveable Story of a Mad Scientist And a Technical Writer who must Discover a Composer in Ancient China',2012,4,NULL,3,2.99,132,13.99,'R','Trailers,Commentaries,Behind the Scenes','2025-07-16 09:00:00'),(149,'CHRISTMAS MOONSHINE','A Action-Packed Epistle of a Feminist And a Astronaut who must Conquer a Boat in A Manhattan Penthouse',2012,4,NULL,7,0.99,150,21.99,'NC-17','Trailers,Commentaries,Behind the Scenes','2025-07-16 09:00:00'),(150,'CIDER DESIRE','A Stunning Character Study of a Composer And a Mad Cow who must Succumb a Cat in Soviet Georgia',2012,4,NULL,7,2.99,101,9.99,'PG','Behind the Scenes','2025-07-16 09:00:00'),(151,'CINCINATTI WHISPERER','A Brilliant Saga of a Pastry Chef And a Hunter who must Confront a Butler in Berlin',2012,4,NULL,5,4.99,143,26.99,'NC-17','Deleted Scenes','2025-07-16 09:00:00'),(152,'CIRCUS YOUTH','A Thoughtful Drama of a Pastry Chef And a Dentist who must Pursue a Girl in A Baloon',2012,4,NULL,5,2.99,90,13.99,'PG-13','Trailers,Deleted Scenes,Behind the Scenes','2025-07-16 09:00:00'),(153,'CITIZEN SHREK','A Fanciful Character Study of a Technical Writer And a Husband who must Redeem a Robot in The Outback',2012,4,NULL,7,0.99,165,18.99,'G','Commentaries,Deleted Scenes','2025-07-16 09:00:00'),(154,'CLASH FREDDY','A Amazing Yarn of a Composer And a Squirrel who must Escape a Astronaut in Australia',2012,4,NULL,6,2.99,81,12.99,'G','Commentaries,Deleted Scenes','2025-07-16 09:00:00'),(155,'CLEOPATRA DEVIL','A Fanciful Documentary of a Crocodile And a Technical Writer who must Fight a A Shark in A Baloon',2012,4,NULL,6,0.99,150,26.99,'PG-13','Trailers,Deleted Scenes,Behind the Scenes','2025-07-16 09:00:00'),(156,'CLERKS ANGELS','A Thrilling Display of a Sumo Wrestler And a Girl who must Confront a Man in A Baloon',2012,4,NULL,3,4.99,164,15.99,'G','Commentaries','2025-07-16 09:00:00'),(157,'CLOCKWORK PARADISE','A Insightful Documentary of a Technical Writer And a Feminist who must Challenge a Cat in A Baloon',2012,4,NULL,7,0.99,143,29.99,'PG-13','Trailers,Commentaries,Deleted Scenes,Behind the Scenes','2025-07-16 09:00:00'),(158,'CLONES PINOCCHIO','A Amazing Drama of a Car And a Robot who must Pursue a Dentist in New Orleans',2012,4,NULL,6,2.99,124,16.99,'R','Behind the Scenes','2025-07-16 09:00:00'),(159,'CLOSER BANG','A Unbelieveable Panorama of a Frisbee And a Hunter who must Vanquish a Monkey in Ancient India',2012,4,NULL,5,4.99,58,12.99,'R','Trailers,Behind the Scenes','2025-07-16 09:00:00'),(160,'CLUB GRAFFITI','A Epic Tale of a Pioneer And a Hunter who must Escape a Girl in A U-Boat',2012,4,NULL,4,0.99,65,12.99,'PG-13','Trailers,Deleted Scenes','2025-07-16 09:00:00'),(161,'CLUE GRAIL','A Taut Tale of a Butler And a Mad Scientist who must Build a Crocodile in Ancient China',2012,4,NULL,6,4.99,70,27.99,'NC-17','Trailers,Commentaries,Behind the Scenes','2025-07-16 09:00:00'),(162,'CLUELESS BUCKET','A Taut Tale of a Car And a Pioneer who must Conquer a Sumo Wrestler in An Abandoned Fun House',2012,4,NULL,4,2.99,95,13.99,'R','Trailers,Deleted Scenes,Behind the Scenes','2025-07-16 09:00:00'),(163,'CLYDE THEORY','A Beautiful Yarn of a Astronaut And a Frisbee who must Overcome a Explorer in A Jet Boat',2012,4,NULL,4,0.99,139,29.99,'PG-13','Commentaries,Deleted Scenes,Behind the Scenes','2025-07-16 09:00:00'),(164,'COAST RAINBOW','A Astounding Documentary of a Mad Cow And a Pioneer who must Challenge a Butler in The Sahara Desert',2012,4,NULL,4,0.99,55,20.99,'PG','Trailers,Commentaries,Deleted Scenes,Behind the Scenes','2025-07-16 09:00:00'),(165,'COLDBLOODED DARLING','A Brilliant Panorama of a Dentist And a Moose who must Find a Student in The Gulf of Mexico',2012,4,NULL,7,4.99,70,27.99,'G','Trailers,Deleted Scenes','2025-07-16 09:00:00'),(166,'COLOR PHILADELPHIA','A Thoughtful Panorama of a Car And a Crocodile who must Sink a Monkey in The Sahara Desert',2012,4,NULL,6,2.99,149,19.99,'G','Commentaries,Behind the Scenes','2025-07-16 09:00:00'),(167,'COMA HEAD','A Awe-Inspiring Drama of a Boy And a Frisbee who must Escape a Pastry Chef in California',2012,4,NULL,6,4.99,109,10.99,'NC-17','Commentaries','2025-07-16 09:00:00'),(168,'COMANCHEROS ENEMY','A Boring Saga of a Lumberjack And a Monkey who must Find a Monkey in The Gulf of Mexico',2012,4,NULL,5,0.99,67,23.99,'R','Trailers,Behind the Scenes','2025-07-16 09:00:00'),(169,'COMFORTS RUSH','A Unbelieveable Panorama of a Pioneer And a Husband who must Meet a Mad Cow in An Abandoned Mine Shaft',2012,4,NULL,3,2.99,76,19.99,'NC-17','Commentaries,Behind the Scenes','2025-07-16 09:00:00'),(170,'COMMAND DARLING','A Awe-Inspiring Tale of a Forensic Psychologist And a Woman who must Challenge a Database Administrator in Ancient Japan',2012,4,NULL,5,4.99,120,28.99,'PG-13','Behind the Scenes','2025-07-16 09:00:00'),(171,'COMMANDMENTS EXPRESS','A Fanciful Saga of a Student And a Mad Scientist who must Battle a Hunter in An Abandoned Mine Shaft',2012,4,NULL,6,4.99,59,13.99,'R','Trailers,Commentaries,Deleted Scenes','2025-07-16 09:00:00'),(172,'CONEHEADS SMOOCHY','A Touching Story of a Womanizer And a Composer who must Pursue a Husband in Nigeria',2012,4,NULL,7,4.99,112,12.99,'NC-17','Deleted Scenes,Behind the Scenes','2025-07-16 09:00:00'),(173,'CONFESSIONS MAGUIRE','A Insightful Story of a Car And a Boy who must Battle a Technical Writer in A Baloon',2012,4,NULL,7,4.99,65,25.99,'PG-13','Behind the Scenes','2025-07-16 09:00:00'),(174,'CONFIDENTIAL INTERVIEW','A Stunning Reflection of a Cat And a Woman who must Find a Astronaut in Ancient Japan',2012,4,NULL,6,4.99,180,13.99,'NC-17','Commentaries','2025-07-16 09:00:00'),(175,'CONFUSED CANDLES','A Stunning Epistle of a Cat And a Forensic Psychologist who must Confront a Pioneer in A Baloon',2012,4,NULL,3,2.99,122,27.99,'PG-13','Trailers,Commentaries,Deleted Scenes,Behind the Scenes','2025-07-16 09:00:00'),(176,'CONGENIALITY QUEST','A Touching Documentary of a Cat And a Pastry Chef who must Find a Lumberjack in A Baloon',2012,4,NULL,6,0.99,87,21.99,'PG-13','Commentaries,Behind the Scenes','2025-07-16 09:00:00'),(177,'CONNECTICUT TRAMP','A Unbelieveable Drama of a Crocodile And a Mad Cow who must Reach a Dentist in A Shark Tank',2015,4,NULL,4,4.99,172,20.99,'R','Commentaries,Deleted Scenes','2025-07-16 09:00:00'),(178,'CONNECTION MICROCOSMOS','A Fateful Documentary of a Crocodile And a Husband who must Face a Husband in The First Manned Space Station',2015,4,NULL,6,0.99,115,25.99,'G','Deleted Scenes,Behind the Scenes','2025-07-16 09:00:00'),(179,'CONQUERER NUTS','A Taut Drama of a Mad Scientist And a Man who must Escape a Pioneer in An Abandoned Mine Shaft',2015,4,NULL,4,4.99,173,14.99,'G','Commentaries,Deleted Scenes,Behind the Scenes','2025-07-16 09:00:00'),(180,'CONSPIRACY SPIRIT','A Awe-Inspiring Story of a Student And a Frisbee who must Conquer a Crocodile in An Abandoned Mine Shaft',2015,4,NULL,4,2.99,184,27.99,'PG-13','Trailers,Commentaries','2025-07-16 09:00:00'),(181,'CONTACT ANONYMOUS','A Insightful Display of a A Shark And a Monkey who must Face a Database Administrator in Ancient India',2015,4,NULL,7,2.99,166,10.99,'PG-13','Commentaries','2025-07-16 09:00:00'),(182,'CONTROL ANTHEM','A Fateful Documentary of a Robot And a Student who must Battle a Cat in A Monastery',2015,4,NULL,7,4.99,185,9.99,'G','Commentaries','2025-07-16 09:00:00'),(183,'CONVERSATION DOWNHILL','A Taut Character Study of a Husband And a Waitress who must Sink a Squirrel in A MySQL Convention',2015,4,NULL,4,4.99,112,14.99,'R','Commentaries','2025-07-16 09:00:00'),(184,'CORE SUIT','A Unbelieveable Tale of a Car And a Explorer who must Confront a Boat in A Manhattan Penthouse',2015,4,NULL,3,2.99,92,24.99,'PG-13','Deleted Scenes','2025-07-16 09:00:00'),(185,'COWBOY DOOM','A Astounding Drama of a Boy And a Lumberjack who must Fight a Butler in A Baloon',2015,4,NULL,3,2.99,146,10.99,'PG','Commentaries,Deleted Scenes,Behind the Scenes','2025-07-16 09:00:00'),(186,'CRAFT OUTFIELD','A Lacklusture Display of a Explorer And a Hunter who must Succumb a Database Administrator in A Baloon Factory',2015,4,NULL,6,0.99,64,17.99,'NC-17','Deleted Scenes,Behind the Scenes','2025-07-16 09:00:00'),(187,'CRANES RESERVOIR','A Fanciful Documentary of a Teacher And a Dog who must Outgun a Forensic Psychologist in A Baloon Factory',2015,4,NULL,5,2.99,57,12.99,'NC-17','Commentaries','2025-07-16 09:00:00'),(188,'CRAZY HOME','A Fanciful Panorama of a Boy And a Woman who must Vanquish a Database Administrator in The Outback',2015,4,NULL,7,2.99,136,24.99,'PG','Commentaries,Deleted Scenes','2025-07-16 09:00:00'),(189,'CREATURES SHAKESPEARE','A Emotional Drama of a Womanizer And a Squirrel who must Vanquish a Crocodile in Ancient India',2015,4,NULL,3,0.99,139,23.99,'NC-17','Trailers,Deleted Scenes','2025-07-16 09:00:00'),(190,'CREEPERS KANE','A Awe-Inspiring Reflection of a Squirrel And a Boat who must Outrace a Car in A Jet Boat',2015,4,NULL,5,4.99,172,23.99,'NC-17','Trailers,Behind the Scenes','2025-07-16 09:00:00'),(191,'CROOKED FROGMEN','A Unbelieveable Drama of a Hunter And a Database Administrator who must Battle a Crocodile in An Abandoned Amusement Park',2015,4,NULL,6,0.99,143,27.99,'PG-13','Commentaries,Deleted Scenes,Behind the Scenes','2025-07-16 09:00:00'),(192,'CROSSING DIVORCE','A Beautiful Documentary of a Dog And a Robot who must Redeem a Womanizer in Berlin',2015,4,NULL,4,4.99,50,19.99,'R','Commentaries,Deleted Scenes,Behind the Scenes','2025-07-16 09:00:00'),(193,'CROSSROADS CASUALTIES','A Intrepid Documentary of a Sumo Wrestler And a Astronaut who must Battle a Composer in The Outback',2015,4,NULL,5,2.99,153,20.99,'G','Trailers,Commentaries,Behind the Scenes','2025-07-16 09:00:00'),(194,'CROW GREASE','A Awe-Inspiring Documentary of a Woman And a Husband who must Sink a Database Administrator in The First Manned Space Station',2015,4,NULL,6,0.99,104,22.99,'PG','Trailers,Commentaries,Behind the Scenes','2025-07-16 09:00:00'),(195,'CROWDS TELEMARK','A Intrepid Documentary of a Astronaut And a Forensic Psychologist who must Find a Frisbee in An Abandoned Fun House',2014,4,NULL,3,4.99,112,16.99,'R','Trailers,Behind the Scenes','2025-07-16 09:00:00'),(196,'CRUELTY UNFORGIVEN','A Brilliant Tale of a Car And a Moose who must Battle a Dentist in Nigeria',2014,4,NULL,7,0.99,69,29.99,'G','Deleted Scenes,Behind the Scenes','2025-07-16 09:00:00'),(197,'CRUSADE HONEY','A Fast-Paced Reflection of a Explorer And a Butler who must Battle a Madman in An Abandoned Amusement Park',2014,4,NULL,4,2.99,112,27.99,'R','Commentaries','2025-07-16 09:00:00'),(198,'CRYSTAL BREAKING','A Fast-Paced Character Study of a Feminist And a Explorer who must Face a Pastry Chef in Ancient Japan',2014,4,NULL,6,2.99,184,22.99,'NC-17','Trailers,Commentaries','2025-07-16 09:00:00'),(199,'CUPBOARD SINNERS','A Emotional Reflection of a Frisbee And a Boat who must Reach a Pastry Chef in An Abandoned Amusement Park',2014,4,NULL,4,2.99,56,29.99,'R','Behind the Scenes','2025-07-16 09:00:00'),(200,'CURTAIN VIDEOTAPE','A Boring Reflection of a Dentist And a Mad Cow who must Chase a Secret Agent in A Shark Tank',2014,4,NULL,7,0.99,133,27.99,'PG-13','Trailers,Commentaries,Deleted Scenes,Behind the Scenes','2025-07-16 09:00:00'),(201,'CYCLONE FAMILY','A Lacklusture Drama of a Student And a Monkey who must Sink a Womanizer in A MySQL Convention',2014,4,NULL,7,2.99,176,18.99,'PG','Trailers,Deleted Scenes','2025-07-16 09:00:00'),(202,'DADDY PITTSBURGH','A Epic Story of a A Shark And a Student who must Confront a Explorer in The Gulf of Mexico',2014,4,NULL,5,4.99,161,26.99,'G','Deleted Scenes,Behind the Scenes','2025-07-16 09:00:00'),(203,'DAISY MENAGERIE','A Fast-Paced Saga of a Pastry Chef And a Monkey who must Sink a Composer in Ancient India',2014,5,NULL,5,4.99,84,9.99,'G','Trailers,Commentaries,Behind the Scenes','2025-07-16 09:00:00'),(204,'DALMATIONS SWEDEN','A Emotional Epistle of a Moose And a Hunter who must Overcome a Robot in A Manhattan Penthouse',2014,5,NULL,4,0.99,106,25.99,'PG','Trailers,Commentaries,Deleted Scenes','2025-07-16 09:00:00'),(205,'DANCES NONE','A Insightful Reflection of a A Shark And a Dog who must Kill a Butler in An Abandoned Amusement Park',2014,5,NULL,3,0.99,58,22.99,'NC-17','Trailers,Commentaries,Deleted Scenes,Behind the Scenes','2025-07-16 09:00:00'),(206,'DANCING FEVER','A Stunning Story of a Explorer And a Forensic Psychologist who must Face a Crocodile in A Shark Tank',2014,5,NULL,6,0.99,144,25.99,'G','Commentaries,Behind the Scenes','2025-07-16 09:00:00'),(207,'DANGEROUS UPTOWN','A Unbelieveable Story of a Mad Scientist And a Woman who must Overcome a Dog in California',2014,5,NULL,7,4.99,121,26.99,'PG','Commentaries','2025-07-16 09:00:00'),(208,'DARES PLUTO','A Fateful Story of a Robot And a Dentist who must Defeat a Astronaut in New Orleans',2014,5,NULL,7,2.99,89,16.99,'PG-13','Commentaries,Behind the Scenes','2025-07-16 09:00:00'),(209,'DARKNESS WAR','A Touching Documentary of a Husband And a Hunter who must Escape a Boy in The Sahara Desert',2014,5,NULL,6,2.99,99,24.99,'NC-17','Deleted Scenes,Behind the Scenes','2025-07-16 09:00:00'),(210,'DARKO DORADO','A Stunning Reflection of a Frisbee And a Husband who must Redeem a Dog in New Orleans',2014,5,NULL,3,4.99,130,13.99,'NC-17','Trailers,Commentaries,Deleted Scenes,Behind the Scenes','2025-07-16 09:00:00'),(211,'DARLING BREAKING','A Brilliant Documentary of a Astronaut And a Squirrel who must Succumb a Student in The Gulf of Mexico',2014,5,NULL,7,4.99,165,20.99,'PG-13','Commentaries,Behind the Scenes','2025-07-16 09:00:00'),(212,'DARN FORRESTER','A Fateful Story of a A Shark And a Explorer who must Succumb a Technical Writer in A Jet Boat',2014,5,NULL,7,4.99,185,14.99,'G','Deleted Scenes','2025-07-16 09:00:00'),(213,'DATE SPEED','A Touching Saga of a Composer And a Moose who must Discover a Dentist in A MySQL Convention',2014,5,NULL,4,0.99,104,19.99,'R','Commentaries','2025-07-16 09:00:00'),(214,'DAUGHTER MADIGAN','A Beautiful Tale of a Hunter And a Mad Scientist who must Confront a Squirrel in The First Manned Space Station',2014,5,NULL,3,4.99,59,13.99,'PG-13','Trailers','2025-07-16 09:00:00'),(215,'DAWN POND','A Thoughtful Documentary of a Dentist And a Forensic Psychologist who must Defeat a Waitress in Berlin',2014,5,NULL,4,4.99,57,27.99,'PG','Trailers,Deleted Scenes,Behind the Scenes','2025-07-16 09:00:00'),(216,'DAY UNFAITHFUL','A Stunning Documentary of a Composer And a Mad Scientist who must Find a Technical Writer in A U-Boat',2014,5,NULL,3,4.99,113,16.99,'G','Trailers,Commentaries,Deleted Scenes,Behind the Scenes','2025-07-16 09:00:00'),(217,'DAZED PUNK','A Action-Packed Story of a Pioneer And a Technical Writer who must Discover a Forensic Psychologist in An Abandoned Amusement Park',2014,5,NULL,6,4.99,120,20.99,'G','Commentaries,Deleted Scenes','2025-07-16 09:00:00'),(218,'DECEIVER BETRAYED','A Taut Story of a Moose And a Squirrel who must Build a Husband in Ancient India',2014,5,NULL,7,0.99,122,22.99,'NC-17','Trailers,Commentaries,Deleted Scenes,Behind the Scenes','2025-07-16 09:00:00'),(219,'DEEP CRUSADE','A Amazing Tale of a Crocodile And a Squirrel who must Discover a Composer in Australia',2004,5,NULL,6,4.99,51,20.99,'PG-13','Commentaries,Behind the Scenes','2025-07-16 09:00:00'),(220,'DEER VIRGINIAN','A Thoughtful Story of a Mad Cow And a Womanizer who must Overcome a Mad Scientist in Soviet Georgia',2004,5,NULL,7,2.99,106,13.99,'NC-17','Deleted Scenes','2025-07-16 09:00:00'),(221,'DELIVERANCE MULHOLLAND','A Astounding Saga of a Monkey And a Moose who must Conquer a Butler in A Shark Tank',2004,5,NULL,4,0.99,100,9.99,'R','Deleted Scenes','2025-07-16 09:00:00'),(222,'DESERT POSEIDON','A Brilliant Documentary of a Butler And a Frisbee who must Build a Astronaut in New Orleans',2004,5,NULL,4,4.99,64,27.99,'R','Trailers,Behind the Scenes','2025-07-16 09:00:00'),(223,'DESIRE ALIEN','A Fast-Paced Tale of a Dog And a Forensic Psychologist who must Meet a Astronaut in The First Manned Space Station',2004,5,NULL,7,2.99,76,24.99,'NC-17','Deleted Scenes','2025-07-16 09:00:00'),(224,'DESPERATE TRAINSPOTTING','A Epic Yarn of a Forensic Psychologist And a Teacher who must Face a Lumberjack in California',2004,5,NULL,7,4.99,81,29.99,'G','Deleted Scenes','2025-07-16 09:00:00'),(225,'DESTINATION JERK','A Beautiful Yarn of a Teacher And a Cat who must Build a Car in A U-Boat',2004,5,NULL,3,0.99,76,19.99,'PG-13','Trailers,Commentaries,Behind the Scenes','2025-07-16 09:00:00'),(226,'DESTINY SATURDAY','A Touching Drama of a Crocodile And a Crocodile who must Conquer a Explorer in Soviet Georgia',2004,5,NULL,4,4.99,56,20.99,'G','Trailers,Commentaries,Behind the Scenes','2025-07-16 09:00:00'),(227,'DETAILS PACKER','A Epic Saga of a Waitress And a Composer who must Face a Boat in A U-Boat',2004,5,NULL,4,4.99,88,17.99,'R','Commentaries,Deleted Scenes','2025-07-16 09:00:00'),(228,'DETECTIVE VISION','A Fanciful Documentary of a Pioneer And a Woman who must Redeem a Hunter in Ancient Japan',2004,5,NULL,4,0.99,143,16.99,'PG-13','Trailers,Commentaries,Behind the Scenes','2025-07-16 09:00:00'),(229,'DEVIL DESIRE','A Beautiful Reflection of a Monkey And a Dentist who must Face a Database Administrator in Ancient Japan',2004,5,NULL,6,4.99,87,12.99,'R','Trailers,Behind the Scenes','2025-07-16 09:00:00'),(230,'DIARY PANIC','A Thoughtful Character Study of a Frisbee And a Mad Cow who must Outgun a Man in Ancient India',2004,5,NULL,7,2.99,107,20.99,'G','Commentaries,Behind the Scenes','2025-07-16 09:00:00'),(231,'DINOSAUR SECRETARY','A Action-Packed Drama of a Feminist And a Girl who must Reach a Robot in The Canadian Rockies',2004,5,NULL,7,2.99,63,27.99,'R','Trailers,Behind the Scenes','2025-07-16 09:00:00'),(232,'DIRTY ACE','A Action-Packed Character Study of a Forensic Psychologist And a Girl who must Build a Dentist in The Outback',2004,5,NULL,7,2.99,147,29.99,'NC-17','Commentaries,Deleted Scenes,Behind the Scenes','2025-07-16 09:00:00'),(233,'DISCIPLE MOTHER','A Touching Reflection of a Mad Scientist And a Boat who must Face a Moose in A Shark Tank',2004,5,NULL,3,0.99,141,17.99,'PG','Trailers,Deleted Scenes,Behind the Scenes','2025-07-16 09:00:00'),(234,'DISTURBING SCARFACE','A Lacklusture Display of a Crocodile And a Butler who must Overcome a Monkey in A U-Boat',2004,5,NULL,6,2.99,94,27.99,'R','Trailers,Behind the Scenes','2025-07-16 09:00:00'),(235,'DIVIDE MONSTER','A Intrepid Saga of a Man And a Forensic Psychologist who must Reach a Squirrel in A Monastery',2004,5,NULL,6,2.99,68,13.99,'PG-13','Trailers,Commentaries','2025-07-16 09:00:00'),(236,'DIVINE RESURRECTION','A Boring Character Study of a Man And a Womanizer who must Succumb a Teacher in An Abandoned Amusement Park',2004,5,NULL,4,2.99,100,19.99,'R','Trailers,Commentaries','2025-07-16 09:00:00'),(237,'DIVORCE SHINING','A Unbelieveable Saga of a Crocodile And a Student who must Discover a Cat in Ancient India',2004,5,NULL,3,2.99,47,21.99,'G','Trailers,Commentaries,Deleted Scenes','2025-07-16 09:00:00'),(238,'DOCTOR GRAIL','A Insightful Drama of a Womanizer And a Waitress who must Reach a Forensic Psychologist in The Outback',2004,5,NULL,4,2.99,57,29.99,'G','Trailers,Commentaries,Behind the Scenes','2025-07-16 09:00:00'),(239,'DOGMA FAMILY','A Brilliant Character Study of a Database Administrator And a Monkey who must Succumb a Astronaut in New Orleans',2004,5,NULL,5,4.99,122,16.99,'G','Commentaries','2025-07-16 09:00:00'),(240,'DOLLS RAGE','A Thrilling Display of a Pioneer And a Frisbee who must Escape a Teacher in The Outback',2004,5,NULL,7,2.99,120,10.99,'PG-13','Commentaries,Deleted Scenes','2025-07-16 09:00:00'),(241,'DONNIE ALLEY','A Awe-Inspiring Tale of a Butler And a Frisbee who must Vanquish a Teacher in Ancient Japan',2004,5,NULL,4,0.99,125,20.99,'NC-17','Trailers,Commentaries,Behind the Scenes','2025-07-16 09:00:00'),(242,'DOOM DANCING','A Astounding Panorama of a Car And a Mad Scientist who must Battle a Lumberjack in A MySQL Convention',2004,5,NULL,4,0.99,68,13.99,'R','Trailers,Commentaries','2025-07-16 09:00:00'),(243,'DOORS PRESIDENT','A Awe-Inspiring Display of a Squirrel And a Woman who must Overcome a Boy in The Gulf of Mexico',2004,5,NULL,3,4.99,49,22.99,'NC-17','Trailers,Commentaries,Deleted Scenes,Behind the Scenes','2025-07-16 09:00:00'),(244,'DORADO NOTTING','A Action-Packed Tale of a Sumo Wrestler And a A Shark who must Meet a Frisbee in California',2004,5,NULL,5,4.99,139,26.99,'NC-17','Commentaries','2025-07-16 09:00:00'),(245,'DOUBLE WRATH','A Thoughtful Yarn of a Womanizer And a Dog who must Challenge a Madman in The Gulf of Mexico',2004,5,NULL,4,0.99,177,28.99,'R','Trailers,Deleted Scenes,Behind the Scenes','2025-07-16 09:00:00'),(246,'DOUBTFIRE LABYRINTH','A Intrepid Panorama of a Butler And a Composer who must Meet a Mad Cow in The Sahara Desert',2004,5,NULL,5,4.99,154,16.99,'R','Deleted Scenes,Behind the Scenes','2025-07-16 09:00:00'),(247,'DOWNHILL ENOUGH','A Emotional Tale of a Pastry Chef And a Forensic Psychologist who must Succumb a Monkey in The Sahara Desert',2004,5,NULL,3,0.99,47,19.99,'G','Trailers,Commentaries,Deleted Scenes','2025-07-16 09:00:00'),(248,'DOZEN LION','A Taut Drama of a Cat And a Girl who must Defeat a Frisbee in The Canadian Rockies',2004,5,NULL,6,4.99,177,20.99,'NC-17','Commentaries,Deleted Scenes,Behind the Scenes','2025-07-16 09:00:00'),(249,'DRACULA CRYSTAL','A Thrilling Reflection of a Feminist And a Cat who must Find a Frisbee in An Abandoned Fun House',2004,5,NULL,7,0.99,176,26.99,'G','Commentaries','2025-07-16 09:00:00'),(250,'DRAGON SQUAD','A Taut Reflection of a Boy And a Waitress who must Outgun a Teacher in Ancient China',2004,5,NULL,4,0.99,170,26.99,'NC-17','Deleted Scenes,Behind the Scenes','2025-07-16 09:00:00'),(251,'DRAGONFLY STRANGERS','A Boring Documentary of a Pioneer And a Man who must Vanquish a Man in Nigeria',2004,5,NULL,6,4.99,133,19.99,'NC-17','Trailers,Behind the Scenes','2025-07-16 09:00:00'),(252,'DREAM PICKUP','A Epic Display of a Car And a Composer who must Overcome a Forensic Psychologist in The Gulf of Mexico',2004,5,NULL,6,2.99,135,18.99,'PG','Trailers,Commentaries,Behind the Scenes','2025-07-16 09:00:00'),(253,'DRIFTER COMMANDMENTS','A Epic Reflection of a Womanizer And a Squirrel who must Discover a Husband in A Jet Boat',2004,5,NULL,5,4.99,61,18.99,'PG-13','Trailers,Behind the Scenes','2025-07-16 09:00:00'),(254,'DRIVER ANNIE','A Lacklusture Character Study of a Butler And a Car who must Redeem a Boat in An Abandoned Fun House',2004,5,NULL,4,2.99,159,11.99,'PG-13','Trailers,Deleted Scenes,Behind the Scenes','2025-07-16 09:00:00'),(255,'DRIVING POLISH','A Action-Packed Yarn of a Feminist And a Technical Writer who must Sink a Boat in An Abandoned Mine Shaft',2004,5,NULL,6,4.99,175,21.99,'NC-17','Trailers,Deleted Scenes','2025-07-16 09:00:00'),(256,'DROP WATERFRONT','A Fanciful Documentary of a Husband And a Explorer who must Reach a Madman in Ancient China',2004,5,NULL,6,4.99,178,20.99,'R','Trailers,Commentaries','2025-07-16 09:00:00'),(257,'DRUMLINE CYCLONE','A Insightful Panorama of a Monkey And a Sumo Wrestler who must Outrace a Mad Scientist in The Canadian Rockies',2004,5,NULL,3,0.99,110,14.99,'G','Commentaries,Deleted Scenes,Behind the Scenes','2025-07-16 09:00:00'),(258,'DRUMS DYNAMITE','A Epic Display of a Crocodile And a Crocodile who must Confront a Dog in An Abandoned Amusement Park',2004,5,NULL,6,0.99,96,11.99,'PG','Trailers','2025-07-16 09:00:00'),(259,'DUCK RACER','A Lacklusture Yarn of a Teacher And a Squirrel who must Overcome a Dog in A Shark Tank',2004,5,NULL,4,2.99,116,15.99,'NC-17','Behind the Scenes','2025-07-16 09:00:00'),(260,'DUDE BLINDNESS','A Stunning Reflection of a Husband And a Lumberjack who must Face a Frisbee in An Abandoned Fun House',2007,5,NULL,3,4.99,132,9.99,'G','Trailers,Deleted Scenes','2025-07-16 09:00:00'),(261,'DUFFEL APOCALYPSE','A Emotional Display of a Boat And a Explorer who must Challenge a Madman in A MySQL Convention',2007,5,NULL,5,0.99,171,13.99,'G','Commentaries','2025-07-16 09:00:00'),(262,'DUMBO LUST','A Touching Display of a Feminist And a Dentist who must Conquer a Husband in The Gulf of Mexico',2007,5,NULL,5,0.99,119,17.99,'NC-17','Behind the Scenes','2025-07-16 09:00:00'),(263,'DURHAM PANKY','A Brilliant Panorama of a Girl And a Boy who must Face a Mad Scientist in An Abandoned Mine Shaft',2007,5,NULL,6,4.99,154,14.99,'R','Trailers,Commentaries','2025-07-16 09:00:00'),(264,'DWARFS ALTER','A Emotional Yarn of a Girl And a Dog who must Challenge a Composer in Ancient Japan',2007,5,NULL,6,2.99,101,13.99,'G','Commentaries,Deleted Scenes','2025-07-16 09:00:00'),(265,'DYING MAKER','A Intrepid Tale of a Boat And a Monkey who must Kill a Cat in California',2007,5,NULL,5,4.99,168,28.99,'PG','Behind the Scenes','2025-07-16 09:00:00'),(266,'DYNAMITE TARZAN','A Intrepid Documentary of a Forensic Psychologist And a Mad Scientist who must Face a Explorer in A U-Boat',2007,5,NULL,4,0.99,141,27.99,'PG-13','Deleted Scenes','2025-07-16 09:00:00'),(267,'EAGLES PANKY','A Thoughtful Story of a Car And a Boy who must Find a A Shark in The Sahara Desert',2007,5,NULL,4,4.99,140,14.99,'NC-17','Trailers,Commentaries,Behind the Scenes','2025-07-16 09:00:00'),(268,'EARLY HOME','A Amazing Panorama of a Mad Scientist And a Husband who must Meet a Woman in The Outback',2007,5,NULL,6,4.99,96,27.99,'NC-17','Trailers,Commentaries,Behind the Scenes','2025-07-16 09:00:00'),(269,'EARRING INSTINCT','A Stunning Character Study of a Dentist And a Mad Cow who must Find a Teacher in Nigeria',2007,5,NULL,3,0.99,98,22.99,'R','Behind the Scenes','2025-07-16 09:00:00'),(270,'EARTH VISION','A Stunning Drama of a Butler And a Madman who must Outrace a Womanizer in Ancient India',2007,5,NULL,7,0.99,85,29.99,'NC-17','Trailers,Commentaries,Deleted Scenes','2025-07-16 09:00:00'),(271,'EASY GLADIATOR','A Fateful Story of a Monkey And a Girl who must Overcome a Pastry Chef in Ancient India',2007,5,NULL,5,4.99,148,12.99,'G','Trailers,Commentaries,Behind the Scenes','2025-07-16 09:00:00'),(272,'EDGE KISSING','A Beautiful Yarn of a Composer And a Mad Cow who must Redeem a Mad Scientist in A Jet Boat',2007,5,NULL,5,4.99,153,9.99,'NC-17','Deleted Scenes','2025-07-16 09:00:00'),(273,'EFFECT GLADIATOR','A Beautiful Display of a Pastry Chef And a Pastry Chef who must Outgun a Forensic Psychologist in A Manhattan Penthouse',2007,5,NULL,6,0.99,107,14.99,'PG','Commentaries','2025-07-16 09:00:00'),(274,'EGG IGBY','A Beautiful Documentary of a Boat And a Sumo Wrestler who must Succumb a Database Administrator in The First Manned Space Station',2007,5,NULL,4,2.99,67,20.99,'PG','Commentaries,Behind the Scenes','2025-07-16 09:00:00'),(275,'EGYPT TENENBAUMS','A Intrepid Story of a Madman And a Secret Agent who must Outrace a Astronaut in An Abandoned Amusement Park',2007,5,NULL,3,0.99,85,11.99,'PG','Commentaries,Deleted Scenes,Behind the Scenes','2025-07-16 09:00:00'),(276,'ELEMENT FREDDY','A Awe-Inspiring Reflection of a Waitress And a Squirrel who must Kill a Mad Cow in A Jet Boat',2007,5,NULL,6,4.99,115,28.99,'NC-17','Commentaries,Behind the Scenes','2025-07-16 09:00:00'),(277,'ELEPHANT TROJAN','A Beautiful Panorama of a Lumberjack And a Forensic Psychologist who must Overcome a Frisbee in A Baloon',2007,5,NULL,4,4.99,126,24.99,'PG-13','Behind the Scenes','2025-07-16 09:00:00'),(278,'ELF MURDER','A Action-Packed Story of a Frisbee And a Woman who must Reach a Girl in An Abandoned Mine Shaft',2007,5,NULL,4,4.99,155,19.99,'NC-17','Trailers,Commentaries,Behind the Scenes','2025-07-16 09:00:00'),(279,'ELIZABETH SHANE','A Lacklusture Display of a Womanizer And a Dog who must Face a Sumo Wrestler in Ancient Japan',2007,5,NULL,7,4.99,152,11.99,'NC-17','Trailers,Deleted Scenes,Behind the Scenes','2025-07-16 09:00:00'),(280,'EMPIRE MALKOVICH','A Amazing Story of a Feminist And a Cat who must Face a Car in An Abandoned Fun House',2007,5,NULL,7,0.99,177,26.99,'G','Deleted Scenes','2025-07-16 09:00:00'),(281,'ENCINO ELF','A Astounding Drama of a Feminist And a Teacher who must Confront a Husband in A Baloon',2007,5,NULL,6,0.99,143,9.99,'G','Trailers,Behind the Scenes','2025-07-16 09:00:00'),(282,'ENCOUNTERS CURTAIN','A Insightful Epistle of a Pastry Chef And a Womanizer who must Build a Boat in New Orleans',2007,5,NULL,5,0.99,92,20.99,'NC-17','Trailers','2025-07-16 09:00:00'),(283,'ENDING CROWDS','A Unbelieveable Display of a Dentist And a Madman who must Vanquish a Squirrel in Berlin',2007,5,NULL,6,0.99,85,10.99,'NC-17','Commentaries,Behind the Scenes','2025-07-16 09:00:00'),(284,'ENEMY ODDS','A Fanciful Panorama of a Mad Scientist And a Woman who must Pursue a Astronaut in Ancient India',2007,5,NULL,5,4.99,77,23.99,'NC-17','Trailers','2025-07-16 09:00:00'),(285,'ENGLISH BULWORTH','A Intrepid Epistle of a Pastry Chef And a Pastry Chef who must Pursue a Crocodile in Ancient China',2007,5,NULL,3,0.99,51,18.99,'PG-13','Deleted Scenes','2025-07-16 09:00:00'),(286,'ENOUGH RAGING','A Astounding Character Study of a Boat And a Secret Agent who must Find a Mad Cow in The Sahara Desert',2007,5,NULL,7,2.99,158,16.99,'NC-17','Commentaries','2025-07-16 09:00:00'),(287,'ENTRAPMENT SATISFACTION','A Thoughtful Panorama of a Hunter And a Teacher who must Reach a Mad Cow in A U-Boat',2007,5,NULL,5,0.99,176,19.99,'R','Commentaries,Deleted Scenes,Behind the Scenes','2025-07-16 09:00:00'),(288,'ESCAPE METROPOLIS','A Taut Yarn of a Astronaut And a Technical Writer who must Outgun a Boat in New Orleans',2007,5,NULL,7,2.99,167,20.99,'R','Trailers','2025-07-16 09:00:00'),(289,'EVE RESURRECTION','A Awe-Inspiring Yarn of a Pastry Chef And a Database Administrator who must Challenge a Teacher in A Baloon',2007,5,NULL,5,4.99,66,25.99,'G','Trailers,Commentaries,Deleted Scenes','2025-07-16 09:00:00'),(290,'EVERYONE CRAFT','A Fateful Display of a Waitress And a Dentist who must Reach a Butler in Nigeria',2007,5,NULL,4,0.99,163,29.99,'PG','Trailers,Commentaries','2025-07-16 09:00:00'),(291,'EVOLUTION ALTER','A Fanciful Character Study of a Feminist And a Madman who must Find a Explorer in A Baloon Factory',2007,5,NULL,5,0.99,174,10.99,'PG-13','Behind the Scenes','2025-07-16 09:00:00'),(292,'EXCITEMENT EVE','A Brilliant Documentary of a Monkey And a Car who must Conquer a Crocodile in A Shark Tank',2007,5,NULL,3,0.99,51,20.99,'G','Commentaries','2025-07-16 09:00:00'),(293,'EXORCIST STING','A Touching Drama of a Dog And a Sumo Wrestler who must Conquer a Mad Scientist in Berlin',2007,5,NULL,6,2.99,167,17.99,'G','Commentaries,Deleted Scenes,Behind the Scenes','2025-07-16 09:00:00'),(294,'EXPECATIONS NATURAL','A Amazing Drama of a Butler And a Husband who must Reach a A Shark in A U-Boat',2002,5,NULL,5,4.99,138,26.99,'PG-13','Deleted Scenes','2025-07-16 09:00:00'),(295,'EXPENDABLE STALLION','A Amazing Character Study of a Mad Cow And a Squirrel who must Discover a Hunter in A U-Boat',2002,5,NULL,3,0.99,97,14.99,'PG','Trailers,Behind the Scenes','2025-07-16 09:00:00'),(296,'EXPRESS LONELY','A Boring Drama of a Astronaut And a Boat who must Face a Boat in California',2002,5,NULL,5,2.99,178,23.99,'R','Trailers','2025-07-16 09:00:00'),(297,'EXTRAORDINARY CONQUERER','A Stunning Story of a Dog And a Feminist who must Face a Forensic Psychologist in Berlin',2002,5,NULL,6,2.99,122,29.99,'G','Trailers,Commentaries,Deleted Scenes','2025-07-16 09:00:00'),(298,'EYES DRIVING','A Thrilling Story of a Cat And a Waitress who must Fight a Explorer in The Outback',2002,5,NULL,4,2.99,172,13.99,'PG-13','Trailers,Commentaries','2025-07-16 09:00:00'),(299,'FACTORY DRAGON','A Action-Packed Saga of a Teacher And a Frisbee who must Escape a Lumberjack in The Sahara Desert',2002,5,NULL,4,0.99,144,9.99,'PG-13','Trailers,Commentaries,Deleted Scenes','2025-07-16 09:00:00'),(300,'FALCON VOLUME','A Fateful Saga of a Sumo Wrestler And a Hunter who must Redeem a A Shark in New Orleans',2002,5,NULL,5,4.99,102,21.99,'PG-13','Commentaries,Behind the Scenes','2025-07-16 09:00:00'),(301,'FAMILY SWEET','A Epic Documentary of a Teacher And a Boy who must Escape a Woman in Berlin',2002,5,NULL,4,0.99,155,24.99,'R','Trailers','2025-07-16 09:00:00'),(302,'FANTASIA PARK','A Thoughtful Documentary of a Mad Scientist And a A Shark who must Outrace a Feminist in Australia',2002,5,NULL,5,2.99,131,29.99,'G','Commentaries','2025-07-16 09:00:00'),(303,'FANTASY TROOPERS','A Touching Saga of a Teacher And a Monkey who must Overcome a Secret Agent in A MySQL Convention',2002,5,NULL,6,0.99,58,27.99,'PG-13','Behind the Scenes','2025-07-16 09:00:00'),(304,'FARGO GANDHI','A Thrilling Reflection of a Pastry Chef And a Crocodile who must Reach a Teacher in The Outback',2002,5,NULL,3,2.99,130,28.99,'G','Deleted Scenes','2025-07-16 09:00:00'),(305,'FATAL HAUNTED','A Beautiful Drama of a Student And a Secret Agent who must Confront a Dentist in Ancient Japan',2002,5,NULL,6,2.99,91,24.99,'PG','Trailers,Behind the Scenes','2025-07-16 09:00:00'),(306,'FEATHERS METAL','A Thoughtful Yarn of a Monkey And a Teacher who must Find a Dog in Australia',2002,5,NULL,3,0.99,104,12.99,'PG-13','Trailers,Deleted Scenes','2025-07-16 09:00:00'),(307,'FELLOWSHIP AUTUMN','A Lacklusture Reflection of a Dentist And a Hunter who must Meet a Teacher in A Baloon',2002,5,NULL,6,4.99,77,9.99,'NC-17','Deleted Scenes,Behind the Scenes','2025-07-16 09:00:00'),(308,'FERRIS MOTHER','A Touching Display of a Frisbee And a Frisbee who must Kill a Girl in The Gulf of Mexico',2002,5,NULL,3,2.99,142,13.99,'PG','Trailers,Deleted Scenes,Behind the Scenes','2025-07-16 09:00:00'),(309,'FEUD FROGMEN','A Brilliant Reflection of a Database Administrator And a Mad Cow who must Chase a Woman in The Canadian Rockies',2002,5,NULL,6,0.99,98,29.99,'R','Trailers,Commentaries,Deleted Scenes,Behind the Scenes','2025-07-16 09:00:00'),(310,'FEVER EMPIRE','A Insightful Panorama of a Cat And a Boat who must Defeat a Boat in The Gulf of Mexico',2002,5,NULL,5,4.99,158,20.99,'R','Commentaries,Deleted Scenes','2025-07-16 09:00:00'),(311,'FICTION CHRISTMAS','A Emotional Yarn of a A Shark And a Student who must Battle a Robot in An Abandoned Mine Shaft',2002,5,NULL,4,0.99,72,14.99,'PG','Trailers,Commentaries,Deleted Scenes,Behind the Scenes','2025-07-16 09:00:00'),(312,'FIDDLER LOST','A Boring Tale of a Squirrel And a Dog who must Challenge a Madman in The Gulf of Mexico',2002,5,NULL,4,4.99,75,20.99,'R','Deleted Scenes,Behind the Scenes','2025-07-16 09:00:00'),(313,'FIDELITY DEVIL','A Awe-Inspiring Drama of a Technical Writer And a Composer who must Reach a Pastry Chef in A U-Boat',2002,5,NULL,5,4.99,118,11.99,'G','Trailers,Deleted Scenes,Behind the Scenes','2025-07-16 09:00:00'),(314,'FIGHT JAWBREAKER','A Intrepid Panorama of a Womanizer And a Girl who must Escape a Girl in A Manhattan Penthouse',2002,5,NULL,3,0.99,91,13.99,'R','Trailers,Commentaries,Deleted Scenes,Behind the Scenes','2025-07-16 09:00:00'),(315,'FINDING ANACONDA','A Fateful Tale of a Database Administrator And a Girl who must Battle a Squirrel in New Orleans',2002,5,NULL,4,0.99,156,10.99,'R','Trailers,Commentaries','2025-07-16 09:00:00'),(316,'FIRE WOLVES','A Intrepid Documentary of a Frisbee And a Dog who must Outrace a Lumberjack in Nigeria',2002,5,NULL,5,4.99,173,18.99,'R','Trailers','2025-07-16 09:00:00'),(317,'FIREBALL PHILADELPHIA','A Amazing Yarn of a Dentist And a A Shark who must Vanquish a Madman in An Abandoned Mine Shaft',2002,5,NULL,4,0.99,148,25.99,'PG','Trailers,Commentaries,Behind the Scenes','2025-07-16 09:00:00'),(318,'FIREHOUSE VIETNAM','A Awe-Inspiring Character Study of a Boat And a Boy who must Kill a Pastry Chef in The Sahara Desert',2002,5,NULL,7,0.99,103,14.99,'G','Commentaries,Deleted Scenes','2025-07-16 09:00:00'),(319,'FISH OPUS','A Touching Display of a Feminist And a Girl who must Confront a Astronaut in Australia',2002,5,NULL,4,2.99,125,22.99,'R','Trailers,Deleted Scenes,Behind the Scenes','2025-07-16 09:00:00'),(320,'FLAMINGOS CONNECTICUT','A Fast-Paced Reflection of a Composer And a Composer who must Meet a Cat in The Sahara Desert',2002,5,NULL,4,4.99,80,28.99,'PG-13','Trailers','2025-07-16 09:00:00'),(321,'FLASH WARS','A Astounding Saga of a Moose And a Pastry Chef who must Chase a Student in The Gulf of Mexico',2002,5,NULL,3,4.99,123,21.99,'NC-17','Trailers,Commentaries,Behind the Scenes','2025-07-16 09:00:00'),(322,'FLATLINERS KILLER','A Taut Display of a Secret Agent And a Waitress who must Sink a Robot in An Abandoned Mine Shaft',2002,5,NULL,5,2.99,100,29.99,'G','Trailers,Commentaries,Deleted Scenes','2025-07-16 09:00:00'),(323,'FLIGHT LIES','A Stunning Character Study of a Crocodile And a Pioneer who must Pursue a Teacher in New Orleans',2002,5,NULL,7,4.99,179,22.99,'R','Trailers','2025-07-16 09:00:00'),(324,'FLINTSTONES HAPPINESS','A Fateful Story of a Husband And a Moose who must Vanquish a Boy in California',2002,5,NULL,3,4.99,148,11.99,'PG-13','Trailers,Commentaries,Deleted Scenes,Behind the Scenes','2025-07-16 09:00:00'),(325,'FLOATS GARDEN','A Action-Packed Epistle of a Robot And a Car who must Chase a Boat in Ancient Japan',2002,5,NULL,6,2.99,145,29.99,'PG-13','Trailers,Commentaries,Behind the Scenes','2025-07-16 09:00:00'),(326,'FLYING HOOK','A Thrilling Display of a Mad Cow And a Dog who must Challenge a Frisbee in Nigeria',2002,5,NULL,6,2.99,69,18.99,'NC-17','Trailers,Commentaries,Behind the Scenes','2025-07-16 09:00:00'),(327,'FOOL MOCKINGBIRD','A Lacklusture Tale of a Crocodile And a Composer who must Defeat a Madman in A U-Boat',2002,5,NULL,3,4.99,158,24.99,'PG','Trailers,Commentaries','2025-07-16 09:00:00'),(328,'FOREVER CANDIDATE','A Unbelieveable Panorama of a Technical Writer And a Man who must Pursue a Frisbee in A U-Boat',2002,5,NULL,7,2.99,131,28.99,'NC-17','Commentaries,Deleted Scenes,Behind the Scenes','2025-07-16 09:00:00'),(329,'FORREST SONS','A Thrilling Documentary of a Forensic Psychologist And a Butler who must Defeat a Explorer in A Jet Boat',2002,5,NULL,4,2.99,63,15.99,'R','Commentaries','2025-07-16 09:00:00'),(330,'FORRESTER COMANCHEROS','A Fateful Tale of a Squirrel And a Forensic Psychologist who must Redeem a Man in Nigeria',2002,5,NULL,7,4.99,112,22.99,'NC-17','Trailers,Behind the Scenes','2025-07-16 09:00:00'),(331,'FORWARD TEMPLE','A Astounding Display of a Forensic Psychologist And a Mad Scientist who must Challenge a Girl in New Orleans',2002,5,NULL,6,2.99,90,25.99,'NC-17','Trailers,Commentaries,Behind the Scenes','2025-07-16 09:00:00'),(332,'FRANKENSTEIN STRANGER','A Insightful Character Study of a Feminist And a Pioneer who must Pursue a Pastry Chef in Nigeria',2002,5,NULL,7,0.99,159,16.99,'NC-17','Deleted Scenes,Behind the Scenes','2025-07-16 09:00:00'),(333,'FREAKY POCUS','A Fast-Paced Documentary of a Pastry Chef And a Crocodile who must Chase a Squirrel in The Gulf of Mexico',2002,5,NULL,7,2.99,126,16.99,'R','Trailers,Behind the Scenes','2025-07-16 09:00:00'),(334,'FREDDY STORM','A Intrepid Saga of a Man And a Lumberjack who must Vanquish a Husband in The Outback',2002,5,NULL,6,4.99,65,21.99,'NC-17','Trailers,Commentaries,Behind the Scenes','2025-07-16 09:00:00'),(335,'FREEDOM CLEOPATRA','A Emotional Reflection of a Dentist And a Mad Cow who must Face a Squirrel in A Baloon',2002,5,NULL,5,0.99,133,23.99,'PG-13','Trailers,Commentaries,Behind the Scenes','2025-07-16 09:00:00'),(336,'FRENCH HOLIDAY','A Thrilling Epistle of a Dog And a Feminist who must Kill a Madman in Berlin',2002,5,NULL,5,4.99,99,22.99,'PG','Behind the Scenes','2025-07-16 09:00:00'),(337,'FRIDA SLIPPER','A Fateful Story of a Lumberjack And a Car who must Escape a Boat in An Abandoned Mine Shaft',2002,5,NULL,6,2.99,73,11.99,'R','Trailers,Deleted Scenes','2025-07-16 09:00:00'),(338,'FRISCO FORREST','A Beautiful Documentary of a Woman And a Pioneer who must Pursue a Mad Scientist in A Shark Tank',2002,5,NULL,6,4.99,51,23.99,'PG','Commentaries,Deleted Scenes,Behind the Scenes','2025-07-16 09:00:00'),(339,'FROGMEN BREAKING','A Unbelieveable Yarn of a Mad Scientist And a Cat who must Chase a Lumberjack in Australia',2002,5,NULL,5,0.99,111,17.99,'R','Trailers,Deleted Scenes,Behind the Scenes','2025-07-16 09:00:00'),(340,'FRONTIER CABIN','A Emotional Story of a Madman And a Waitress who must Battle a Teacher in An Abandoned Fun House',2002,5,NULL,6,4.99,183,14.99,'PG-13','Commentaries,Deleted Scenes','2025-07-16 09:00:00'),(341,'FROST HEAD','A Amazing Reflection of a Lumberjack And a Cat who must Discover a Husband in A MySQL Convention',2002,5,NULL,5,0.99,82,13.99,'PG','Trailers,Deleted Scenes','2025-07-16 09:00:00'),(342,'FUGITIVE MAGUIRE','A Taut Epistle of a Feminist And a Sumo Wrestler who must Battle a Crocodile in Australia',2002,5,NULL,7,4.99,83,28.99,'R','Trailers,Commentaries,Deleted Scenes','2025-07-16 09:00:00'),(343,'FULL FLATLINERS','A Beautiful Documentary of a Astronaut And a Moose who must Pursue a Monkey in A Shark Tank',2002,5,NULL,6,2.99,94,14.99,'PG','Trailers,Deleted Scenes','2025-07-16 09:00:00'),(344,'FURY MURDER','A Lacklusture Reflection of a Boat And a Forensic Psychologist who must Fight a Waitress in A Monastery',2002,5,NULL,3,0.99,178,28.99,'PG-13','Deleted Scenes','2025-07-16 09:00:00'),(345,'GABLES METROPOLIS','A Fateful Display of a Cat And a Pioneer who must Challenge a Pastry Chef in A Baloon Factory',2013,5,NULL,3,0.99,161,17.99,'PG','Trailers,Commentaries','2025-07-16 09:00:00'),(346,'GALAXY SWEETHEARTS','A Emotional Reflection of a Womanizer And a Pioneer who must Face a Squirrel in Berlin',2013,5,NULL,4,4.99,128,13.99,'R','Deleted Scenes','2025-07-16 09:00:00'),(347,'GAMES BOWFINGER','A Astounding Documentary of a Butler And a Explorer who must Challenge a Butler in A Monastery',2013,5,NULL,7,4.99,119,17.99,'PG-13','Behind the Scenes','2025-07-16 09:00:00'),(348,'GANDHI KWAI','A Thoughtful Display of a Mad Scientist And a Secret Agent who must Chase a Boat in Berlin',2013,5,NULL,7,0.99,86,9.99,'PG-13','Trailers','2025-07-16 09:00:00'),(349,'GANGS PRIDE','A Taut Character Study of a Woman And a A Shark who must Confront a Frisbee in Berlin',2013,5,NULL,4,2.99,185,27.99,'PG-13','Behind the Scenes','2025-07-16 09:00:00'),(350,'GARDEN ISLAND','A Unbelieveable Character Study of a Womanizer And a Madman who must Reach a Man in The Outback',2013,5,NULL,3,4.99,80,21.99,'G','Trailers,Behind the Scenes','2025-07-16 09:00:00'),(351,'GASLIGHT CRUSADE','A Amazing Epistle of a Boy And a Astronaut who must Redeem a Man in The Gulf of Mexico',2013,5,NULL,4,2.99,106,10.99,'PG','Trailers,Deleted Scenes','2025-07-16 09:00:00'),(352,'GATHERING CALENDAR','A Intrepid Tale of a Pioneer And a Moose who must Conquer a Frisbee in A MySQL Convention',2013,5,NULL,4,0.99,176,22.99,'PG-13','Commentaries,Behind the Scenes','2025-07-16 09:00:00'),(353,'GENTLEMEN STAGE','A Awe-Inspiring Reflection of a Monkey And a Student who must Overcome a Dentist in The First Manned Space Station',2013,5,NULL,6,2.99,125,22.99,'NC-17','Commentaries,Deleted Scenes','2025-07-16 09:00:00'),(354,'GHOST GROUNDHOG','A Brilliant Panorama of a Madman And a Composer who must Succumb a Car in Ancient India',2013,5,NULL,6,4.99,85,18.99,'G','Trailers,Commentaries,Deleted Scenes,Behind the Scenes','2025-07-16 09:00:00'),(355,'GHOSTBUSTERS ELF','A Thoughtful Epistle of a Dog And a Feminist who must Chase a Composer in Berlin',2013,5,NULL,7,0.99,101,18.99,'R','Trailers,Deleted Scenes,Behind the Scenes','2025-07-16 09:00:00'),(356,'GIANT TROOPERS','A Fateful Display of a Feminist And a Monkey who must Vanquish a Monkey in The Canadian Rockies',2013,5,NULL,5,2.99,102,10.99,'R','Trailers,Commentaries','2025-07-16 09:00:00'),(357,'GILBERT PELICAN','A Fateful Tale of a Man And a Feminist who must Conquer a Crocodile in A Manhattan Penthouse',2013,5,NULL,7,0.99,114,13.99,'G','Trailers,Commentaries','2025-07-16 09:00:00'),(358,'GILMORE BOILED','A Unbelieveable Documentary of a Boat And a Husband who must Succumb a Student in A U-Boat',2013,5,NULL,5,0.99,163,29.99,'R','Trailers,Behind the Scenes','2025-07-16 09:00:00'),(359,'GLADIATOR WESTWARD','A Astounding Reflection of a Squirrel And a Sumo Wrestler who must Sink a Dentist in Ancient Japan',2013,5,NULL,6,4.99,173,20.99,'PG','Commentaries,Deleted Scenes','2025-07-16 09:00:00'),(360,'GLASS DYING','A Astounding Drama of a Frisbee And a Astronaut who must Fight a Dog in Ancient Japan',2013,5,NULL,4,0.99,103,24.99,'G','Trailers','2025-07-16 09:00:00'),(361,'GLEAMING JAWBREAKER','A Amazing Display of a Composer And a Forensic Psychologist who must Discover a Car in The Canadian Rockies',2013,5,NULL,5,2.99,89,25.99,'NC-17','Trailers,Commentaries','2025-07-16 09:00:00'),(362,'GLORY TRACY','A Amazing Saga of a Woman And a Womanizer who must Discover a Cat in The First Manned Space Station',2013,5,NULL,7,2.99,115,13.99,'PG-13','Trailers,Commentaries,Behind the Scenes','2025-07-16 09:00:00'),(363,'GO PURPLE','A Fast-Paced Display of a Car And a Database Administrator who must Battle a Woman in A Baloon',2013,5,NULL,3,0.99,54,12.99,'R','Trailers','2025-07-16 09:00:00'),(364,'GODFATHER DIARY','A Stunning Saga of a Lumberjack And a Squirrel who must Chase a Car in The Outback',2013,5,NULL,3,2.99,73,14.99,'NC-17','Trailers','2025-07-16 09:00:00'),(365,'GOLD RIVER','A Taut Documentary of a Database Administrator And a Waitress who must Reach a Mad Scientist in A Baloon Factory',2013,5,NULL,4,4.99,154,21.99,'R','Trailers,Commentaries,Deleted Scenes,Behind the Scenes','2025-07-16 09:00:00'),(366,'GOLDFINGER SENSIBILITY','A Insightful Drama of a Mad Scientist And a Hunter who must Defeat a Pastry Chef in New Orleans',2013,5,NULL,3,0.99,93,29.99,'G','Trailers,Commentaries,Behind the Scenes','2025-07-16 09:00:00'),(367,'GOLDMINE TYCOON','A Brilliant Epistle of a Composer And a Frisbee who must Conquer a Husband in The Outback',2013,5,NULL,6,0.99,153,20.99,'R','Trailers,Behind the Scenes','2025-07-16 09:00:00'),(368,'GONE TROUBLE','A Insightful Character Study of a Mad Cow And a Forensic Psychologist who must Conquer a A Shark in A Manhattan Penthouse',2013,5,NULL,7,2.99,84,20.99,'R','Deleted Scenes,Behind the Scenes','2025-07-16 09:00:00'),(369,'GOODFELLAS SALUTE','A Unbelieveable Tale of a Dog And a Explorer who must Sink a Mad Cow in A Baloon Factory',2013,5,NULL,4,4.99,56,22.99,'PG','Deleted Scenes','2025-07-16 09:00:00'),(370,'GORGEOUS BINGO','A Action-Packed Display of a Sumo Wrestler And a Car who must Overcome a Waitress in A Baloon Factory',2013,5,NULL,4,2.99,108,26.99,'R','Deleted Scenes,Behind the Scenes','2025-07-16 09:00:00'),(371,'GOSFORD DONNIE','A Epic Panorama of a Mad Scientist And a Monkey who must Redeem a Secret Agent in Berlin',2013,5,NULL,5,4.99,129,17.99,'G','Commentaries','2025-07-16 09:00:00'),(372,'GRACELAND DYNAMITE','A Taut Display of a Cat And a Girl who must Overcome a Database Administrator in New Orleans',2013,5,NULL,5,4.99,140,26.99,'R','Trailers,Commentaries','2025-07-16 09:00:00'),(373,'GRADUATE LORD','A Lacklusture Epistle of a Girl And a A Shark who must Meet a Mad Scientist in Ancient China',2013,5,NULL,7,2.99,156,14.99,'G','Trailers,Behind the Scenes','2025-07-16 09:00:00'),(374,'GRAFFITI LOVE','A Unbelieveable Epistle of a Sumo Wrestler And a Hunter who must Build a Composer in Berlin',2013,5,NULL,3,0.99,117,29.99,'PG','Trailers,Deleted Scenes','2025-07-16 09:00:00'),(375,'GRAIL FRANKENSTEIN','A Unbelieveable Saga of a Teacher And a Monkey who must Fight a Girl in An Abandoned Mine Shaft',2013,5,NULL,4,2.99,85,17.99,'NC-17','Commentaries,Deleted Scenes,Behind the Scenes','2025-07-16 09:00:00'),(376,'GRAPES FURY','A Boring Yarn of a Mad Cow And a Sumo Wrestler who must Meet a Robot in Australia',2013,5,NULL,4,0.99,155,20.99,'G','Commentaries,Behind the Scenes','2025-07-16 09:00:00'),(377,'GREASE YOUTH','A Emotional Panorama of a Secret Agent And a Waitress who must Escape a Composer in Soviet Georgia',2013,5,NULL,7,0.99,135,20.99,'G','Trailers,Deleted Scenes','2025-07-16 09:00:00'),(378,'GREATEST NORTH','A Astounding Character Study of a Secret Agent And a Robot who must Build a A Shark in Berlin',2013,5,NULL,5,2.99,93,24.99,'NC-17','Trailers,Commentaries,Behind the Scenes','2025-07-16 09:00:00'),(379,'GREEDY ROOTS','A Amazing Reflection of a A Shark And a Butler who must Chase a Hunter in The Canadian Rockies',2013,5,NULL,7,0.99,166,14.99,'R','Trailers,Commentaries,Deleted Scenes','2025-07-16 09:00:00'),(380,'GREEK EVERYONE','A Stunning Display of a Butler And a Teacher who must Confront a A Shark in The First Manned Space Station',2013,5,NULL,7,2.99,176,11.99,'PG','Trailers,Deleted Scenes','2025-07-16 09:00:00'),(381,'GRINCH MASSAGE','A Intrepid Display of a Madman And a Feminist who must Pursue a Pioneer in The First Manned Space Station',2013,5,NULL,7,4.99,150,25.99,'R','Trailers','2025-07-16 09:00:00'),(382,'GRIT CLOCKWORK','A Thoughtful Display of a Dentist And a Squirrel who must Confront a Lumberjack in A Shark Tank',2019,5,NULL,3,0.99,137,21.99,'PG','Trailers,Deleted Scenes','2025-07-16 09:00:00'),(383,'GROOVE FICTION','A Unbelieveable Reflection of a Moose And a A Shark who must Defeat a Lumberjack in An Abandoned Mine Shaft',2019,5,NULL,6,0.99,111,13.99,'NC-17','Behind the Scenes','2025-07-16 09:00:00'),(384,'GROSSE WONDERFUL','A Epic Drama of a Cat And a Explorer who must Redeem a Moose in Australia',2019,5,NULL,5,4.99,49,19.99,'R','Behind the Scenes','2025-07-16 09:00:00'),(385,'GROUNDHOG UNCUT','A Brilliant Panorama of a Astronaut And a Technical Writer who must Discover a Butler in A Manhattan Penthouse',2019,6,NULL,6,4.99,139,26.99,'PG-13','Trailers,Commentaries,Deleted Scenes,Behind the Scenes','2025-07-16 09:00:00'),(386,'GUMP DATE','A Intrepid Yarn of a Explorer And a Student who must Kill a Husband in An Abandoned Mine Shaft',2019,6,NULL,3,4.99,53,12.99,'NC-17','Deleted Scenes','2025-07-16 09:00:00'),(387,'GUN BONNIE','A Boring Display of a Sumo Wrestler And a Husband who must Build a Waitress in The Gulf of Mexico',2019,6,NULL,7,0.99,100,27.99,'G','Behind the Scenes','2025-07-16 09:00:00'),(388,'GUNFIGHT MOON','A Epic Reflection of a Pastry Chef And a Explorer who must Reach a Dentist in The Sahara Desert',2019,6,NULL,5,0.99,70,16.99,'NC-17','Deleted Scenes,Behind the Scenes','2025-07-16 09:00:00'),(389,'GUNFIGHTER MUSSOLINI','A Touching Saga of a Robot And a Boy who must Kill a Man in Ancient Japan',2019,6,NULL,3,2.99,127,9.99,'PG-13','Trailers,Commentaries','2025-07-16 09:00:00'),(390,'GUYS FALCON','A Boring Story of a Woman And a Feminist who must Redeem a Squirrel in A U-Boat',2019,6,NULL,4,4.99,84,20.99,'R','Trailers,Commentaries,Behind the Scenes','2025-07-16 09:00:00'),(391,'HALF OUTFIELD','A Epic Epistle of a Database Administrator And a Crocodile who must Face a Madman in A Jet Boat',2019,6,NULL,6,2.99,146,25.99,'PG-13','Trailers,Commentaries,Deleted Scenes,Behind the Scenes','2025-07-16 09:00:00'),(392,'HALL CASSIDY','A Beautiful Panorama of a Pastry Chef And a A Shark who must Battle a Pioneer in Soviet Georgia',2019,6,NULL,5,4.99,51,13.99,'NC-17','Commentaries,Behind the Scenes','2025-07-16 09:00:00'),(393,'HALLOWEEN NUTS','A Amazing Panorama of a Forensic Psychologist And a Technical Writer who must Fight a Dentist in A U-Boat',2019,6,NULL,6,2.99,47,19.99,'PG-13','Deleted Scenes','2025-07-16 09:00:00'),(394,'HAMLET WISDOM','A Touching Reflection of a Man And a Man who must Sink a Robot in The Outback',2019,6,NULL,7,2.99,146,21.99,'R','Trailers,Deleted Scenes','2025-07-16 09:00:00'),(395,'HANDICAP BOONDOCK','A Beautiful Display of a Pioneer And a Squirrel who must Vanquish a Sumo Wrestler in Soviet Georgia',2019,6,NULL,4,0.99,108,28.99,'R','Commentaries,Deleted Scenes,Behind the Scenes','2025-07-16 09:00:00'),(396,'HANGING DEEP','A Action-Packed Yarn of a Boat And a Crocodile who must Build a Monkey in Berlin',2019,6,NULL,5,4.99,62,18.99,'G','Trailers,Commentaries,Deleted Scenes','2025-07-16 09:00:00'),(397,'HANKY OCTOBER','A Boring Epistle of a Database Administrator And a Explorer who must Pursue a Madman in Soviet Georgia',2019,6,NULL,5,2.99,107,26.99,'NC-17','Trailers,Commentaries,Deleted Scenes','2025-07-16 09:00:00'),(398,'HANOVER GALAXY','A Stunning Reflection of a Girl And a Secret Agent who must Succumb a Boy in A MySQL Convention',2019,6,NULL,5,4.99,47,21.99,'NC-17','Commentaries,Deleted Scenes,Behind the Scenes','2025-07-16 09:00:00'),(399,'HAPPINESS UNITED','A Action-Packed Panorama of a Husband And a Feminist who must Meet a Forensic Psychologist in Ancient Japan',2019,6,NULL,6,2.99,100,23.99,'G','Deleted Scenes','2025-07-16 09:00:00'),(400,'HARDLY ROBBERS','A Emotional Character Study of a Hunter And a Car who must Kill a Woman in Berlin',2019,6,NULL,7,2.99,72,15.99,'R','Trailers,Behind the Scenes','2025-07-16 09:00:00'),(401,'HAROLD FRENCH','A Stunning Saga of a Sumo Wrestler And a Student who must Outrace a Moose in The Sahara Desert',2019,6,NULL,6,0.99,168,10.99,'NC-17','Commentaries,Deleted Scenes,Behind the Scenes','2025-07-16 09:00:00'),(402,'HARPER DYING','A Awe-Inspiring Reflection of a Woman And a Cat who must Confront a Feminist in The Sahara Desert',2019,6,NULL,3,0.99,52,15.99,'G','Trailers','2025-07-16 09:00:00'),(403,'HARRY IDAHO','A Taut Yarn of a Technical Writer And a Feminist who must Outrace a Dog in California',2019,6,NULL,5,4.99,121,18.99,'PG-13','Commentaries,Deleted Scenes','2025-07-16 09:00:00'),(404,'HATE HANDICAP','A Intrepid Reflection of a Mad Scientist And a Pioneer who must Overcome a Hunter in The First Manned Space Station',2019,6,NULL,4,0.99,107,26.99,'PG','Trailers,Commentaries,Behind the Scenes','2025-07-16 09:00:00'),(405,'HAUNTED ANTITRUST','A Amazing Saga of a Man And a Dentist who must Reach a Technical Writer in Ancient India',2019,6,NULL,6,4.99,76,13.99,'NC-17','Trailers,Deleted Scenes','2025-07-16 09:00:00'),(406,'HAUNTING PIANIST','A Fast-Paced Story of a Database Administrator And a Composer who must Defeat a Squirrel in An Abandoned Amusement Park',2019,6,NULL,5,0.99,181,22.99,'R','Behind the Scenes','2025-07-16 09:00:00'),(407,'HAWK CHILL','A Action-Packed Drama of a Mad Scientist And a Composer who must Outgun a Car in Australia',2019,6,NULL,5,0.99,47,12.99,'PG-13','Behind the Scenes','2025-07-16 09:00:00'),(408,'HEAD STRANGER','A Thoughtful Saga of a Hunter And a Crocodile who must Confront a Dog in The Gulf of Mexico',2019,6,NULL,4,4.99,69,28.99,'R','Trailers,Commentaries','2025-07-16 09:00:00'),(409,'HEARTBREAKERS BRIGHT','A Awe-Inspiring Documentary of a A Shark And a Dentist who must Outrace a Pastry Chef in The Canadian Rockies',2019,6,NULL,3,4.99,59,9.99,'G','Trailers,Deleted Scenes','2025-07-16 09:00:00'),(410,'HEAVEN FREEDOM','A Intrepid Story of a Butler And a Car who must Vanquish a Man in New Orleans',2019,6,NULL,7,2.99,48,19.99,'PG','Commentaries','2025-07-16 09:00:00'),(411,'HEAVENLY GUN','A Beautiful Yarn of a Forensic Psychologist And a Frisbee who must Battle a Moose in A Jet Boat',2019,6,NULL,5,4.99,49,13.99,'NC-17','Behind the Scenes','2025-07-16 09:00:00'),(412,'HEAVYWEIGHTS BEAST','A Unbelieveable Story of a Composer And a Dog who must Overcome a Womanizer in An Abandoned Amusement Park',2019,6,NULL,6,4.99,102,25.99,'G','Deleted Scenes','2025-07-16 09:00:00'),(413,'HEDWIG ALTER','A Action-Packed Yarn of a Womanizer And a Lumberjack who must Chase a Sumo Wrestler in A Monastery',2019,6,NULL,7,2.99,169,16.99,'NC-17','Trailers,Commentaries,Behind the Scenes','2025-07-16 09:00:00'),(414,'HELLFIGHTERS SIERRA','A Taut Reflection of a A Shark And a Dentist who must Battle a Boat in Soviet Georgia',2019,6,NULL,3,2.99,75,23.99,'PG','Deleted Scenes,Behind the Scenes','2025-07-16 09:00:00'),(415,'HIGH ENCINO','A Fateful Saga of a Waitress And a Hunter who must Outrace a Sumo Wrestler in Australia',2019,6,NULL,3,2.99,84,23.99,'R','Trailers,Commentaries,Behind the Scenes','2025-07-16 09:00:00'),(416,'HIGHBALL POTTER','A Action-Packed Saga of a Husband And a Dog who must Redeem a Database Administrator in The Sahara Desert',2019,6,NULL,6,0.99,110,10.99,'R','Deleted Scenes','2025-07-16 09:00:00'),(417,'HILLS NEIGHBORS','A Epic Display of a Hunter And a Feminist who must Sink a Car in A U-Boat',2020,6,NULL,5,0.99,93,29.99,'G','Trailers,Commentaries,Deleted Scenes,Behind the Scenes','2025-07-16 09:00:00'),(418,'HOBBIT ALIEN','A Emotional Drama of a Husband And a Girl who must Outgun a Composer in The First Manned Space Station',2020,6,NULL,5,0.99,157,27.99,'PG-13','Commentaries','2025-07-16 09:00:00'),(419,'HOCUS FRIDA','A Awe-Inspiring Tale of a Girl And a Madman who must Outgun a Student in A Shark Tank',2020,6,NULL,4,2.99,141,19.99,'G','Trailers,Deleted Scenes,Behind the Scenes','2025-07-16 09:00:00'),(420,'HOLES BRANNIGAN','A Fast-Paced Reflection of a Technical Writer And a Student who must Fight a Boy in The Canadian Rockies',2020,6,NULL,7,4.99,128,27.99,'PG','Commentaries,Behind the Scenes','2025-07-16 09:00:00'),(421,'HOLIDAY GAMES','A Insightful Reflection of a Waitress And a Madman who must Pursue a Boy in Ancient Japan',2020,6,NULL,7,4.99,78,10.99,'PG-13','Trailers,Commentaries,Behind the Scenes','2025-07-16 09:00:00'),(422,'HOLLOW JEOPARDY','A Beautiful Character Study of a Robot And a Astronaut who must Overcome a Boat in A Monastery',2020,6,NULL,7,4.99,136,25.99,'NC-17','Behind the Scenes','2025-07-16 09:00:00'),(423,'HOLLYWOOD ANONYMOUS','A Fast-Paced Epistle of a Boy And a Explorer who must Escape a Dog in A U-Boat',2020,6,NULL,7,0.99,69,29.99,'PG','Trailers,Behind the Scenes','2025-07-16 09:00:00'),(424,'HOLOCAUST HIGHBALL','A Awe-Inspiring Yarn of a Composer And a Man who must Find a Robot in Soviet Georgia',2020,6,NULL,6,0.99,149,12.99,'R','Deleted Scenes','2025-07-16 09:00:00'),(425,'HOLY TADPOLE','A Action-Packed Display of a Feminist And a Pioneer who must Pursue a Dog in A Baloon Factory',2020,6,NULL,6,0.99,88,20.99,'R','Behind the Scenes','2025-07-16 09:00:00'),(426,'HOME PITY','A Touching Panorama of a Man And a Secret Agent who must Challenge a Teacher in A MySQL Convention',2020,6,NULL,7,4.99,185,15.99,'R','Trailers,Commentaries,Behind the Scenes','2025-07-16 09:00:00'),(427,'HOMEWARD CIDER','A Taut Reflection of a Astronaut And a Squirrel who must Fight a Squirrel in A Manhattan Penthouse',2020,6,NULL,5,0.99,103,19.99,'R','Trailers','2025-07-16 09:00:00'),(428,'HOMICIDE PEACH','A Astounding Documentary of a Hunter And a Boy who must Confront a Boy in A MySQL Convention',2020,6,NULL,6,2.99,141,21.99,'PG-13','Commentaries','2025-07-16 09:00:00'),(429,'HONEY TIES','A Taut Story of a Waitress And a Crocodile who must Outrace a Lumberjack in A Shark Tank',2020,6,NULL,3,0.99,84,29.99,'R','Trailers,Commentaries,Deleted Scenes','2025-07-16 09:00:00'),(430,'HOOK CHARIOTS','A Insightful Story of a Boy And a Dog who must Redeem a Boy in Australia',2020,6,NULL,7,0.99,49,23.99,'G','Trailers,Commentaries,Behind the Scenes','2025-07-16 09:00:00'),(431,'HOOSIERS BIRDCAGE','A Astounding Display of a Explorer And a Boat who must Vanquish a Car in The First Manned Space Station',2020,6,NULL,3,2.99,176,12.99,'G','Trailers,Commentaries,Deleted Scenes','2025-07-16 09:00:00'),(432,'HOPE TOOTSIE','A Amazing Documentary of a Student And a Sumo Wrestler who must Outgun a A Shark in A Shark Tank',2020,6,NULL,4,2.99,139,22.99,'NC-17','Trailers,Deleted Scenes,Behind the Scenes','2025-07-16 09:00:00'),(433,'HORN WORKING','A Stunning Display of a Mad Scientist And a Technical Writer who must Succumb a Monkey in A Shark Tank',2020,6,NULL,4,2.99,95,23.99,'PG','Trailers','2025-07-16 09:00:00'),(434,'HORROR REIGN','A Touching Documentary of a A Shark And a Car who must Build a Husband in Nigeria',2020,6,NULL,3,0.99,139,25.99,'R','Deleted Scenes,Behind the Scenes','2025-07-16 09:00:00'),(435,'HOTEL HAPPINESS','A Thrilling Yarn of a Pastry Chef And a A Shark who must Challenge a Mad Scientist in The Outback',2020,6,NULL,6,4.99,181,28.99,'PG-13','Behind the Scenes','2025-07-16 09:00:00'),(436,'HOURS RAGE','A Fateful Story of a Explorer And a Feminist who must Meet a Technical Writer in Soviet Georgia',2020,6,NULL,4,0.99,122,14.99,'NC-17','Trailers,Deleted Scenes','2025-07-16 09:00:00'),(437,'HOUSE DYNAMITE','A Taut Story of a Pioneer And a Squirrel who must Battle a Student in Soviet Georgia',2020,6,NULL,7,2.99,109,13.99,'R','Commentaries,Deleted Scenes,Behind the Scenes','2025-07-16 09:00:00'),(438,'HUMAN GRAFFITI','A Beautiful Reflection of a Womanizer And a Sumo Wrestler who must Chase a Database Administrator in The Gulf of Mexico',2020,6,NULL,3,2.99,68,22.99,'NC-17','Trailers,Behind the Scenes','2025-07-16 09:00:00'),(439,'HUNCHBACK IMPOSSIBLE','A Touching Yarn of a Frisbee And a Dentist who must Fight a Composer in Ancient Japan',2020,6,NULL,4,4.99,151,28.99,'PG-13','Trailers,Deleted Scenes','2025-07-16 09:00:00'),(440,'HUNGER ROOF','A Unbelieveable Yarn of a Student And a Database Administrator who must Outgun a Husband in An Abandoned Mine Shaft',2020,6,NULL,6,0.99,105,21.99,'G','Deleted Scenes,Behind the Scenes','2025-07-16 09:00:00'),(441,'HUNTER ALTER','A Emotional Drama of a Mad Cow And a Boat who must Redeem a Secret Agent in A Shark Tank',2020,6,NULL,5,2.99,125,21.99,'PG-13','Commentaries,Deleted Scenes,Behind the Scenes','2025-07-16 09:00:00'),(442,'HUNTING MUSKETEERS','A Thrilling Reflection of a Pioneer And a Dentist who must Outrace a Womanizer in An Abandoned Mine Shaft',2020,6,NULL,6,2.99,65,24.99,'NC-17','Trailers,Deleted Scenes','2025-07-16 09:00:00'),(443,'HURRICANE AFFAIR','A Lacklusture Epistle of a Database Administrator And a Woman who must Meet a Hunter in An Abandoned Mine Shaft',2020,6,NULL,6,2.99,49,11.99,'PG','Trailers,Commentaries,Behind the Scenes','2025-07-16 09:00:00'),(444,'HUSTLER PARTY','A Emotional Reflection of a Sumo Wrestler And a Monkey who must Conquer a Robot in The Sahara Desert',2020,6,NULL,3,4.99,83,22.99,'NC-17','Trailers,Commentaries,Behind the Scenes','2025-07-16 09:00:00'),(445,'HYDE DOCTOR','A Fanciful Documentary of a Boy And a Woman who must Redeem a Womanizer in A Jet Boat',2020,6,NULL,5,2.99,100,11.99,'G','Trailers,Deleted Scenes','2025-07-16 09:00:00'),(446,'HYSTERICAL GRAIL','A Amazing Saga of a Madman And a Dentist who must Build a Car in A Manhattan Penthouse',2020,6,NULL,5,4.99,150,19.99,'PG','Trailers,Commentaries,Deleted Scenes','2025-07-16 09:00:00'),(447,'ICE CROSSING','A Fast-Paced Tale of a Butler And a Moose who must Overcome a Pioneer in A Manhattan Penthouse',2020,6,NULL,5,2.99,131,28.99,'R','Deleted Scenes','2025-07-16 09:00:00'),(448,'IDAHO LOVE','A Fast-Paced Drama of a Student And a Crocodile who must Meet a Database Administrator in The Outback',2016,6,NULL,3,2.99,172,25.99,'PG-13','Trailers,Commentaries,Deleted Scenes,Behind the Scenes','2025-07-16 09:00:00'),(449,'IDENTITY LOVER','A Boring Tale of a Composer And a Mad Cow who must Defeat a Car in The Outback',2016,6,NULL,4,2.99,119,12.99,'PG-13','Deleted Scenes','2025-07-16 09:00:00'),(450,'IDOLS SNATCHERS','A Insightful Drama of a Car And a Composer who must Fight a Man in A Monastery',2016,6,NULL,5,2.99,84,29.99,'NC-17','Trailers','2025-07-16 09:00:00'),(451,'IGBY MAKER','A Epic Documentary of a Hunter And a Dog who must Outgun a Dog in A Baloon Factory',2016,6,NULL,7,4.99,160,12.99,'NC-17','Trailers,Behind the Scenes','2025-07-16 09:00:00'),(452,'ILLUSION AMELIE','A Emotional Epistle of a Boat And a Mad Scientist who must Outrace a Robot in An Abandoned Mine Shaft',2016,6,NULL,4,0.99,122,15.99,'R','Commentaries,Behind the Scenes','2025-07-16 09:00:00'),(453,'IMAGE PRINCESS','A Lacklusture Panorama of a Secret Agent And a Crocodile who must Discover a Madman in The Canadian Rockies',2016,6,NULL,3,2.99,178,17.99,'PG-13','Trailers,Commentaries,Deleted Scenes','2025-07-16 09:00:00'),(454,'IMPACT ALADDIN','A Epic Character Study of a Frisbee And a Moose who must Outgun a Technical Writer in A Shark Tank',2016,6,NULL,6,0.99,180,20.99,'PG-13','Trailers,Deleted Scenes','2025-07-16 09:00:00'),(455,'IMPOSSIBLE PREJUDICE','A Awe-Inspiring Yarn of a Monkey And a Hunter who must Chase a Teacher in Ancient China',2016,6,NULL,7,4.99,103,11.99,'NC-17','Deleted Scenes','2025-07-16 09:00:00'),(456,'INCH JET','A Fateful Saga of a Womanizer And a Student who must Defeat a Butler in A Monastery',2016,6,NULL,6,4.99,167,18.99,'NC-17','Deleted Scenes','2025-07-16 09:00:00'),(457,'INDEPENDENCE HOTEL','A Thrilling Tale of a Technical Writer And a Boy who must Face a Pioneer in A Monastery',2016,6,NULL,5,0.99,157,21.99,'NC-17','Trailers,Behind the Scenes','2025-07-16 09:00:00'),(458,'INDIAN LOVE','A Insightful Saga of a Mad Scientist And a Mad Scientist who must Kill a Astronaut in An Abandoned Fun House',2016,6,NULL,4,0.99,135,26.99,'NC-17','Trailers,Commentaries,Deleted Scenes,Behind the Scenes','2025-07-16 09:00:00'),(459,'INFORMER DOUBLE','A Action-Packed Display of a Woman And a Dentist who must Redeem a Forensic Psychologist in The Canadian Rockies',2016,6,NULL,4,4.99,74,23.99,'NC-17','Trailers,Commentaries','2025-07-16 09:00:00'),(460,'INNOCENT USUAL','A Beautiful Drama of a Pioneer And a Crocodile who must Challenge a Student in The Outback',2016,6,NULL,3,4.99,178,26.99,'PG-13','Trailers,Deleted Scenes,Behind the Scenes','2025-07-16 09:00:00'),(461,'INSECTS STONE','A Epic Display of a Butler And a Dog who must Vanquish a Crocodile in A Manhattan Penthouse',2016,6,NULL,3,0.99,123,14.99,'NC-17','Trailers,Commentaries,Behind the Scenes','2025-07-16 09:00:00'),(462,'INSIDER ARIZONA','A Astounding Saga of a Mad Scientist And a Hunter who must Pursue a Robot in A Baloon Factory',2016,6,NULL,5,2.99,78,17.99,'NC-17','Commentaries','2025-07-16 09:00:00'),(463,'INSTINCT AIRPORT','A Touching Documentary of a Mad Cow And a Explorer who must Confront a Butler in A Manhattan Penthouse',2016,6,NULL,4,2.99,116,21.99,'PG','Commentaries,Deleted Scenes','2025-07-16 09:00:00'),(464,'INTENTIONS EMPIRE','A Astounding Epistle of a Cat And a Cat who must Conquer a Mad Cow in A U-Boat',2016,6,NULL,3,2.99,107,13.99,'PG-13','Trailers,Behind the Scenes','2025-07-16 09:00:00'),(465,'INTERVIEW LIAISONS','A Action-Packed Reflection of a Student And a Butler who must Discover a Database Administrator in A Manhattan Penthouse',2016,6,NULL,4,4.99,59,17.99,'R','Commentaries,Behind the Scenes','2025-07-16 09:00:00'),(466,'INTOLERABLE INTENTIONS','A Awe-Inspiring Story of a Monkey And a Pastry Chef who must Succumb a Womanizer in A MySQL Convention',2016,6,NULL,6,4.99,63,20.99,'PG-13','Commentaries,Behind the Scenes','2025-07-16 09:00:00'),(467,'INTRIGUE WORST','A Fanciful Character Study of a Explorer And a Mad Scientist who must Vanquish a Squirrel in A Jet Boat',2016,6,NULL,6,0.99,181,10.99,'G','Deleted Scenes','2025-07-16 09:00:00'),(468,'INVASION CYCLONE','A Lacklusture Character Study of a Mad Scientist And a Womanizer who must Outrace a Explorer in A Monastery',2016,6,NULL,5,2.99,97,12.99,'PG','Trailers,Deleted Scenes','2025-07-16 09:00:00'),(469,'IRON MOON','A Fast-Paced Documentary of a Mad Cow And a Boy who must Pursue a Dentist in A Baloon',2016,6,NULL,7,4.99,46,27.99,'PG','Commentaries,Behind the Scenes','2025-07-16 09:00:00'),(470,'ISHTAR ROCKETEER','A Astounding Saga of a Dog And a Squirrel who must Conquer a Dog in An Abandoned Fun House',2016,6,NULL,4,4.99,79,24.99,'R','Trailers,Commentaries,Deleted Scenes','2025-07-16 09:00:00'),(471,'ISLAND EXORCIST','A Fanciful Panorama of a Technical Writer And a Boy who must Find a Dentist in An Abandoned Fun House',2016,6,NULL,7,2.99,84,23.99,'NC-17','Trailers,Commentaries','2025-07-16 09:00:00'),(472,'ITALIAN AFRICAN','A Astounding Character Study of a Monkey And a Moose who must Outgun a Cat in A U-Boat',2016,6,NULL,3,4.99,174,24.99,'G','Trailers,Commentaries,Deleted Scenes','2025-07-16 09:00:00'),(473,'JACKET FRISCO','A Insightful Reflection of a Womanizer And a Husband who must Conquer a Pastry Chef in A Baloon',2016,6,NULL,5,2.99,181,16.99,'PG-13','Trailers,Deleted Scenes,Behind the Scenes','2025-07-16 09:00:00'),(474,'JADE BUNCH','A Insightful Panorama of a Squirrel And a Mad Cow who must Confront a Student in The First Manned Space Station',2016,6,NULL,6,2.99,174,21.99,'NC-17','Trailers,Commentaries,Behind the Scenes','2025-07-16 09:00:00'),(475,'JAPANESE RUN','A Awe-Inspiring Epistle of a Feminist And a Girl who must Sink a Girl in The Outback',2016,6,NULL,6,0.99,135,29.99,'G','Deleted Scenes','2025-07-16 09:00:00'),(476,'JASON TRAP','A Thoughtful Tale of a Woman And a A Shark who must Conquer a Dog in A Monastery',2016,6,NULL,5,2.99,130,9.99,'NC-17','Trailers,Deleted Scenes,Behind the Scenes','2025-07-16 09:00:00'),(477,'JAWBREAKER BROOKLYN','A Stunning Reflection of a Boat And a Pastry Chef who must Succumb a A Shark in A Jet Boat',2016,6,NULL,5,0.99,118,15.99,'PG','Trailers,Behind the Scenes','2025-07-16 09:00:00'),(478,'JAWS HARRY','A Thrilling Display of a Database Administrator And a Monkey who must Overcome a Dog in An Abandoned Fun House',2016,6,NULL,4,2.99,112,10.99,'G','Deleted Scenes','2025-07-16 09:00:00'),(479,'JEDI BENEATH','A Astounding Reflection of a Explorer And a Dentist who must Pursue a Student in Nigeria',2016,6,NULL,7,0.99,128,12.99,'PG','Trailers,Commentaries,Deleted Scenes','2025-07-16 09:00:00'),(480,'JEEPERS WEDDING','A Astounding Display of a Composer And a Dog who must Kill a Pastry Chef in Soviet Georgia',2016,6,NULL,3,2.99,84,29.99,'R','Trailers,Commentaries,Deleted Scenes','2025-07-16 09:00:00'),(481,'JEKYLL FROGMEN','A Fanciful Epistle of a Student And a Astronaut who must Kill a Waitress in A Shark Tank',2016,6,NULL,4,2.99,58,22.99,'PG','Commentaries,Deleted Scenes,Behind the Scenes','2025-07-16 09:00:00'),(482,'JEOPARDY ENCINO','A Boring Panorama of a Man And a Mad Cow who must Face a Explorer in Ancient India',2016,6,NULL,3,0.99,102,12.99,'R','Trailers,Commentaries','2025-07-16 09:00:00'),(483,'JERICHO MULAN','A Amazing Yarn of a Hunter And a Butler who must Defeat a Boy in A Jet Boat',2016,6,NULL,3,2.99,171,29.99,'NC-17','Commentaries','2025-07-16 09:00:00'),(484,'JERK PAYCHECK','A Touching Character Study of a Pastry Chef And a Database Administrator who must Reach a A Shark in Ancient Japan',2016,6,NULL,3,2.99,172,13.99,'NC-17','Trailers,Commentaries,Deleted Scenes,Behind the Scenes','2025-07-16 09:00:00'),(485,'JERSEY SASSY','A Lacklusture Documentary of a Madman And a Mad Cow who must Find a Feminist in Ancient Japan',2016,6,NULL,6,4.99,60,16.99,'PG','Deleted Scenes,Behind the Scenes','2025-07-16 09:00:00'),(486,'JET NEIGHBORS','A Amazing Display of a Lumberjack And a Teacher who must Outrace a Woman in A U-Boat',2016,6,NULL,7,4.99,59,14.99,'R','Trailers,Commentaries,Behind the Scenes','2025-07-16 09:00:00'),(487,'JINGLE SAGEBRUSH','A Epic Character Study of a Feminist And a Student who must Meet a Woman in A Baloon',2016,6,NULL,6,4.99,124,29.99,'PG-13','Trailers,Commentaries','2025-07-16 09:00:00'),(488,'JOON NORTHWEST','A Thrilling Panorama of a Technical Writer And a Car who must Discover a Forensic Psychologist in A Shark Tank',2016,6,NULL,3,0.99,105,23.99,'NC-17','Trailers,Commentaries,Behind the Scenes','2025-07-16 09:00:00'),(489,'JUGGLER HARDLY','A Epic Story of a Mad Cow And a Astronaut who must Challenge a Car in California',2016,6,NULL,4,0.99,54,14.99,'PG-13','Trailers,Commentaries','2025-07-16 09:00:00'),(490,'JUMANJI BLADE','A Intrepid Yarn of a Husband And a Womanizer who must Pursue a Mad Scientist in New Orleans',2016,6,NULL,4,2.99,121,13.99,'G','Commentaries,Behind the Scenes','2025-07-16 09:00:00'),(491,'JUMPING WRATH','A Touching Epistle of a Monkey And a Feminist who must Discover a Boat in Berlin',2016,6,NULL,4,0.99,74,18.99,'NC-17','Commentaries,Behind the Scenes','2025-07-16 09:00:00'),(492,'JUNGLE CLOSER','A Boring Character Study of a Boy And a Woman who must Battle a Astronaut in Australia',2017,6,NULL,6,0.99,134,11.99,'NC-17','Trailers,Commentaries,Deleted Scenes','2025-07-16 09:00:00'),(493,'KANE EXORCIST','A Epic Documentary of a Composer And a Robot who must Overcome a Car in Berlin',2017,6,NULL,5,0.99,92,18.99,'R','Trailers,Commentaries','2025-07-16 09:00:00'),(494,'KARATE MOON','A Astounding Yarn of a Womanizer And a Dog who must Reach a Waitress in A MySQL Convention',2017,6,NULL,4,0.99,120,21.99,'PG-13','Behind the Scenes','2025-07-16 09:00:00'),(495,'KENTUCKIAN GIANT','A Stunning Yarn of a Woman And a Frisbee who must Escape a Waitress in A U-Boat',2017,6,NULL,5,2.99,169,10.99,'PG','Trailers,Commentaries,Deleted Scenes,Behind the Scenes','2025-07-16 09:00:00'),(496,'KICK SAVANNAH','A Emotional Drama of a Monkey And a Robot who must Defeat a Monkey in New Orleans',2017,6,NULL,3,0.99,179,10.99,'PG-13','Trailers,Commentaries,Deleted Scenes','2025-07-16 09:00:00'),(497,'KILL BROTHERHOOD','A Touching Display of a Hunter And a Secret Agent who must Redeem a Husband in The Outback',2017,6,NULL,4,0.99,54,15.99,'G','Trailers,Commentaries','2025-07-16 09:00:00'),(498,'KILLER INNOCENT','A Fanciful Character Study of a Student And a Explorer who must Succumb a Composer in An Abandoned Mine Shaft',2017,6,NULL,7,2.99,161,11.99,'R','Trailers,Commentaries,Deleted Scenes','2025-07-16 09:00:00'),(499,'KING EVOLUTION','A Action-Packed Tale of a Boy And a Lumberjack who must Chase a Madman in A Baloon',2017,6,NULL,3,4.99,184,24.99,'NC-17','Trailers,Deleted Scenes,Behind the Scenes','2025-07-16 09:00:00'),(500,'KISS GLORY','A Lacklusture Reflection of a Girl And a Husband who must Find a Robot in The Canadian Rockies',2017,6,NULL,5,4.99,163,11.99,'PG-13','Trailers,Commentaries,Behind the Scenes','2025-07-16 09:00:00'),(501,'KISSING DOLLS','A Insightful Reflection of a Pioneer And a Teacher who must Build a Composer in The First Manned Space Station',2017,6,NULL,3,4.99,141,9.99,'R','Trailers','2025-07-16 09:00:00'),(502,'KNOCK WARLOCK','A Unbelieveable Story of a Teacher And a Boat who must Confront a Moose in A Baloon',2017,6,NULL,4,2.99,71,21.99,'PG-13','Trailers','2025-07-16 09:00:00'),(503,'KRAMER CHOCOLATE','A Amazing Yarn of a Robot And a Pastry Chef who must Redeem a Mad Scientist in The Outback',2017,6,NULL,3,2.99,171,24.99,'R','Trailers','2025-07-16 09:00:00'),(504,'KWAI HOMEWARD','A Amazing Drama of a Car And a Squirrel who must Pursue a Car in Soviet Georgia',2017,6,NULL,5,0.99,46,25.99,'PG-13','Trailers,Commentaries','2025-07-16 09:00:00'),(505,'LABYRINTH LEAGUE','A Awe-Inspiring Saga of a Composer And a Frisbee who must Succumb a Pioneer in The Sahara Desert',2017,6,NULL,6,2.99,46,24.99,'PG-13','Commentaries,Behind the Scenes','2025-07-16 09:00:00'),(506,'LADY STAGE','A Beautiful Character Study of a Woman And a Man who must Pursue a Explorer in A U-Boat',2017,6,NULL,4,4.99,67,14.99,'PG','Trailers,Deleted Scenes,Behind the Scenes','2025-07-16 09:00:00'),(507,'LADYBUGS ARMAGEDDON','A Fateful Reflection of a Dog And a Mad Scientist who must Meet a Mad Scientist in New Orleans',2017,6,NULL,4,0.99,113,13.99,'NC-17','Deleted Scenes','2025-07-16 09:00:00'),(508,'LAMBS CINCINATTI','A Insightful Story of a Man And a Feminist who must Fight a Composer in Australia',2017,6,NULL,6,4.99,144,18.99,'PG-13','Trailers,Behind the Scenes','2025-07-16 09:00:00'),(509,'LANGUAGE COWBOY','A Epic Yarn of a Cat And a Madman who must Vanquish a Dentist in An Abandoned Amusement Park',2017,6,NULL,5,0.99,78,26.99,'NC-17','Trailers,Deleted Scenes','2025-07-16 09:00:00'),(510,'LAWLESS VISION','A Insightful Yarn of a Boy And a Sumo Wrestler who must Outgun a Car in The Outback',2017,6,NULL,6,4.99,181,29.99,'G','Deleted Scenes,Behind the Scenes','2025-07-16 09:00:00'),(511,'LAWRENCE LOVE','A Fanciful Yarn of a Database Administrator And a Mad Cow who must Pursue a Womanizer in Berlin',2017,6,NULL,7,0.99,175,23.99,'NC-17','Commentaries,Deleted Scenes,Behind the Scenes','2025-07-16 09:00:00'),(512,'LEAGUE HELLFIGHTERS','A Thoughtful Saga of a A Shark And a Monkey who must Outgun a Student in Ancient China',2017,6,NULL,5,4.99,110,25.99,'PG-13','Trailers','2025-07-16 09:00:00'),(513,'LEATHERNECKS DWARFS','A Fateful Reflection of a Dog And a Mad Cow who must Outrace a Teacher in An Abandoned Mine Shaft',2017,6,NULL,6,2.99,153,21.99,'PG-13','Trailers,Commentaries,Behind the Scenes','2025-07-16 09:00:00'),(514,'LEBOWSKI SOLDIERS','A Beautiful Epistle of a Secret Agent And a Pioneer who must Chase a Astronaut in Ancient China',2017,6,NULL,6,2.99,69,17.99,'PG-13','Commentaries,Deleted Scenes','2025-07-16 09:00:00'),(515,'LEGALLY SECRETARY','A Astounding Tale of a A Shark And a Moose who must Meet a Womanizer in The Sahara Desert',2017,6,NULL,7,4.99,113,14.99,'PG','Trailers,Commentaries,Behind the Scenes','2025-07-16 09:00:00'),(516,'LEGEND JEDI','A Awe-Inspiring Epistle of a Pioneer And a Student who must Outgun a Crocodile in The Outback',2017,6,NULL,7,0.99,59,18.99,'PG','Commentaries,Deleted Scenes','2025-07-16 09:00:00'),(517,'LESSON CLEOPATRA','A Emotional Display of a Man And a Explorer who must Build a Boy in A Manhattan Penthouse',2017,6,NULL,3,0.99,167,28.99,'NC-17','Deleted Scenes,Behind the Scenes','2025-07-16 09:00:00'),(518,'LIAISONS SWEET','A Boring Drama of a A Shark And a Explorer who must Redeem a Waitress in The Canadian Rockies',2017,6,NULL,5,4.99,140,15.99,'PG','Commentaries,Behind the Scenes','2025-07-16 09:00:00'),(519,'LIBERTY MAGNIFICENT','A Boring Drama of a Student And a Cat who must Sink a Technical Writer in A Baloon',2017,6,NULL,3,2.99,138,27.99,'G','Commentaries,Deleted Scenes,Behind the Scenes','2025-07-16 09:00:00'),(520,'LICENSE WEEKEND','A Insightful Story of a Man And a Husband who must Overcome a Madman in A Monastery',2017,6,NULL,7,2.99,91,28.99,'NC-17','Deleted Scenes,Behind the Scenes','2025-07-16 09:00:00'),(521,'LIES TREATMENT','A Fast-Paced Character Study of a Dentist And a Moose who must Defeat a Composer in The First Manned Space Station',2017,6,NULL,7,4.99,147,28.99,'NC-17','Commentaries,Deleted Scenes,Behind the Scenes','2025-07-16 09:00:00'),(522,'LIFE TWISTED','A Thrilling Reflection of a Teacher And a Composer who must Find a Man in The First Manned Space Station',2017,6,NULL,4,2.99,137,9.99,'NC-17','Commentaries,Deleted Scenes','2025-07-16 09:00:00'),(523,'LIGHTS DEER','A Unbelieveable Epistle of a Dog And a Woman who must Confront a Moose in The Gulf of Mexico',2017,6,NULL,7,0.99,174,21.99,'R','Commentaries','2025-07-16 09:00:00'),(524,'LION UNCUT','A Intrepid Display of a Pastry Chef And a Cat who must Kill a A Shark in Ancient China',2017,6,NULL,6,0.99,50,13.99,'PG','Trailers,Deleted Scenes','2025-07-16 09:00:00'),(525,'LOATHING LEGALLY','A Boring Epistle of a Pioneer And a Mad Scientist who must Escape a Frisbee in The Gulf of Mexico',2017,6,NULL,4,0.99,140,29.99,'R','Deleted Scenes','2025-07-16 09:00:00'),(526,'LOCK REAR','A Thoughtful Character Study of a Squirrel And a Technical Writer who must Outrace a Student in Ancient Japan',2017,6,NULL,7,2.99,120,10.99,'R','Trailers,Commentaries','2025-07-16 09:00:00'),(527,'LOLA AGENT','A Astounding Tale of a Mad Scientist And a Husband who must Redeem a Database Administrator in Ancient Japan',2017,6,NULL,4,4.99,85,24.99,'PG','Trailers,Commentaries','2025-07-16 09:00:00'),(528,'LOLITA WORLD','A Thrilling Drama of a Girl And a Robot who must Redeem a Waitress in An Abandoned Mine Shaft',2017,6,NULL,4,2.99,155,25.99,'NC-17','Trailers,Deleted Scenes','2025-07-16 09:00:00'),(529,'LONELY ELEPHANT','A Intrepid Story of a Student And a Dog who must Challenge a Explorer in Soviet Georgia',2017,6,NULL,3,2.99,67,12.99,'G','Trailers,Commentaries,Deleted Scenes,Behind the Scenes','2025-07-16 09:00:00'),(530,'LORD ARIZONA','A Action-Packed Display of a Frisbee And a Pastry Chef who must Pursue a Crocodile in A Jet Boat',2017,6,NULL,5,2.99,108,27.99,'PG-13','Trailers','2025-07-16 09:00:00'),(531,'LOSE INCH','A Stunning Reflection of a Student And a Technical Writer who must Battle a Butler in The First Manned Space Station',2017,6,NULL,3,0.99,137,18.99,'R','Trailers,Commentaries','2025-07-16 09:00:00'),(532,'LOSER HUSTLER','A Stunning Drama of a Robot And a Feminist who must Outgun a Butler in Nigeria',2017,6,NULL,5,4.99,80,28.99,'PG','Deleted Scenes,Behind the Scenes','2025-07-16 09:00:00'),(533,'LOST BIRD','A Emotional Character Study of a Robot And a A Shark who must Defeat a Technical Writer in A Manhattan Penthouse',2017,6,NULL,4,2.99,98,21.99,'PG-13','Deleted Scenes','2025-07-16 09:00:00'),(534,'LOUISIANA HARRY','A Lacklusture Drama of a Girl And a Technical Writer who must Redeem a Monkey in A Shark Tank',2017,6,NULL,5,0.99,70,18.99,'PG-13','Trailers','2025-07-16 09:00:00'),(535,'LOVE SUICIDES','A Brilliant Panorama of a Hunter And a Explorer who must Pursue a Dentist in An Abandoned Fun House',2017,6,NULL,6,0.99,181,21.99,'R','Trailers,Behind the Scenes','2025-07-16 09:00:00'),(536,'LOVELY JINGLE','A Fanciful Yarn of a Crocodile And a Forensic Psychologist who must Discover a Crocodile in The Outback',2017,6,NULL,3,2.99,65,18.99,'PG','Trailers,Behind the Scenes','2025-07-16 09:00:00'),(537,'LOVER TRUMAN','A Emotional Yarn of a Robot And a Boy who must Outgun a Technical Writer in A U-Boat',2017,6,NULL,3,2.99,75,29.99,'G','Trailers','2025-07-16 09:00:00'),(538,'LOVERBOY ATTACKS','A Boring Story of a Car And a Butler who must Build a Girl in Soviet Georgia',2017,6,NULL,7,0.99,162,19.99,'PG-13','Trailers,Behind the Scenes','2025-07-16 09:00:00'),(539,'LUCK OPUS','A Boring Display of a Moose And a Squirrel who must Outrace a Teacher in A Shark Tank',2017,6,NULL,7,2.99,152,21.99,'NC-17','Trailers,Commentaries,Behind the Scenes','2025-07-16 09:00:00'),(540,'LUCKY FLYING','A Lacklusture Character Study of a A Shark And a Man who must Find a Forensic Psychologist in A U-Boat',2017,6,NULL,7,2.99,97,10.99,'PG-13','Trailers,Commentaries,Behind the Scenes','2025-07-16 09:00:00'),(541,'LUKE MUMMY','A Taut Character Study of a Boy And a Robot who must Redeem a Mad Scientist in Ancient India',2017,6,NULL,5,2.99,74,21.99,'NC-17','Trailers,Behind the Scenes','2025-07-16 09:00:00'),(542,'LUST LOCK','A Fanciful Panorama of a Hunter And a Dentist who must Meet a Secret Agent in The Sahara Desert',2017,6,NULL,3,2.99,52,28.99,'G','Trailers,Commentaries,Behind the Scenes','2025-07-16 09:00:00'),(543,'MADIGAN DORADO','A Astounding Character Study of a A Shark And a A Shark who must Discover a Crocodile in The Outback',2017,4,NULL,5,4.99,116,20.99,'R','Deleted Scenes,Behind the Scenes','2025-07-16 09:00:00'),(544,'MADISON TRAP','A Awe-Inspiring Reflection of a Monkey And a Dentist who must Overcome a Pioneer in A U-Boat',2017,4,NULL,4,2.99,147,11.99,'R','Commentaries,Deleted Scenes,Behind the Scenes','2025-07-16 09:00:00'),(545,'MADNESS ATTACKS','A Fanciful Tale of a Squirrel And a Boat who must Defeat a Crocodile in The Gulf of Mexico',2017,4,NULL,4,0.99,178,14.99,'PG-13','Trailers','2025-07-16 09:00:00'),(546,'MADRE GABLES','A Intrepid Panorama of a Sumo Wrestler And a Forensic Psychologist who must Discover a Moose in The First Manned Space Station',2017,4,NULL,7,2.99,98,27.99,'PG-13','Trailers,Commentaries,Deleted Scenes','2025-07-16 09:00:00'),(547,'MAGIC MALLRATS','A Touching Documentary of a Pastry Chef And a Pastry Chef who must Build a Mad Scientist in California',2017,4,NULL,3,0.99,117,19.99,'PG','Trailers,Commentaries','2025-07-16 09:00:00'),(548,'MAGNIFICENT CHITTY','A Insightful Story of a Teacher And a Hunter who must Face a Mad Cow in California',2017,4,NULL,3,2.99,53,27.99,'R','Commentaries,Deleted Scenes','2025-07-16 09:00:00'),(549,'MAGNOLIA FORRESTER','A Thoughtful Documentary of a Composer And a Explorer who must Conquer a Dentist in New Orleans',2017,4,NULL,4,0.99,171,28.99,'PG-13','Trailers,Commentaries,Deleted Scenes','2025-07-16 09:00:00'),(550,'MAGUIRE APACHE','A Fast-Paced Reflection of a Waitress And a Hunter who must Defeat a Forensic Psychologist in A Baloon',2017,4,NULL,6,2.99,74,22.99,'NC-17','Trailers,Commentaries','2025-07-16 09:00:00'),(551,'MAIDEN HOME','A Lacklusture Saga of a Moose And a Teacher who must Kill a Forensic Psychologist in A MySQL Convention',2017,4,NULL,3,4.99,138,9.99,'PG','Behind the Scenes','2025-07-16 09:00:00'),(552,'MAJESTIC FLOATS','A Thrilling Character Study of a Moose And a Student who must Escape a Butler in The First Manned Space Station',2017,4,NULL,5,0.99,130,15.99,'PG','Trailers','2025-07-16 09:00:00'),(553,'MAKER GABLES','A Stunning Display of a Moose And a Database Administrator who must Pursue a Composer in A Jet Boat',2017,4,NULL,4,0.99,136,12.99,'PG-13','Deleted Scenes,Behind the Scenes','2025-07-16 09:00:00'),(554,'MALKOVICH PET','A Intrepid Reflection of a Waitress And a A Shark who must Kill a Squirrel in The Outback',2017,4,NULL,6,2.99,159,22.99,'G','Behind the Scenes','2025-07-16 09:00:00'),(555,'MALLRATS UNITED','A Thrilling Yarn of a Waitress And a Dentist who must Find a Hunter in A Monastery',2017,4,NULL,4,0.99,133,25.99,'PG','Trailers,Commentaries,Deleted Scenes','2025-07-16 09:00:00'),(556,'MALTESE HOPE','A Fast-Paced Documentary of a Crocodile And a Sumo Wrestler who must Conquer a Explorer in California',2017,4,NULL,6,4.99,127,26.99,'PG-13','Behind the Scenes','2025-07-16 09:00:00'),(557,'MANCHURIAN CURTAIN','A Stunning Tale of a Mad Cow And a Boy who must Battle a Boy in Berlin',2017,4,NULL,5,2.99,177,27.99,'PG','Trailers,Commentaries','2025-07-16 09:00:00'),(558,'MANNEQUIN WORST','A Astounding Saga of a Mad Cow And a Pastry Chef who must Discover a Husband in Ancient India',2017,4,NULL,3,2.99,71,18.99,'PG-13','Trailers,Commentaries,Deleted Scenes','2025-07-16 09:00:00'),(559,'MARRIED GO','A Fanciful Story of a Womanizer And a Dog who must Face a Forensic Psychologist in The Sahara Desert',2017,4,NULL,7,2.99,114,22.99,'G','Behind the Scenes','2025-07-16 09:00:00'),(560,'MARS ROMAN','A Boring Drama of a Car And a Dog who must Succumb a Madman in Soviet Georgia',2017,4,NULL,6,0.99,62,21.99,'NC-17','Commentaries,Deleted Scenes','2025-07-16 09:00:00'),(561,'MASK PEACH','A Boring Character Study of a Student And a Robot who must Meet a Woman in California',2017,4,NULL,6,2.99,123,26.99,'NC-17','Commentaries,Deleted Scenes','2025-07-16 09:00:00'),(562,'MASKED BUBBLE','A Fanciful Documentary of a Pioneer And a Boat who must Pursue a Pioneer in An Abandoned Mine Shaft',2017,4,NULL,6,0.99,151,12.99,'PG-13','Commentaries,Behind the Scenes','2025-07-16 09:00:00'),(563,'MASSACRE USUAL','A Fateful Reflection of a Waitress And a Crocodile who must Challenge a Forensic Psychologist in California',2017,4,NULL,6,4.99,165,16.99,'R','Commentaries','2025-07-16 09:00:00'),(564,'MASSAGE IMAGE','A Fateful Drama of a Frisbee And a Crocodile who must Vanquish a Dog in The First Manned Space Station',2017,4,NULL,4,2.99,161,11.99,'PG','Commentaries,Behind the Scenes','2025-07-16 09:00:00'),(565,'MATRIX SNOWMAN','A Action-Packed Saga of a Womanizer And a Woman who must Overcome a Student in California',2017,4,NULL,6,4.99,56,9.99,'PG-13','Commentaries,Deleted Scenes,Behind the Scenes','2025-07-16 09:00:00'),(566,'MAUDE MOD','A Beautiful Documentary of a Forensic Psychologist And a Cat who must Reach a Astronaut in Nigeria',2017,4,NULL,6,0.99,72,20.99,'R','Trailers,Behind the Scenes','2025-07-16 09:00:00'),(567,'MEET CHOCOLATE','A Boring Documentary of a Dentist And a Butler who must Confront a Monkey in A MySQL Convention',2017,4,NULL,3,2.99,80,26.99,'G','Trailers','2025-07-16 09:00:00'),(568,'MEMENTO ZOOLANDER','A Touching Epistle of a Squirrel And a Explorer who must Redeem a Pastry Chef in The Sahara Desert',2017,4,NULL,4,4.99,77,11.99,'NC-17','Behind the Scenes','2025-07-16 09:00:00'),(569,'MENAGERIE RUSHMORE','A Unbelieveable Panorama of a Composer And a Butler who must Overcome a Database Administrator in The First Manned Space Station',2017,4,NULL,7,2.99,147,18.99,'G','Trailers,Commentaries,Deleted Scenes','2025-07-16 09:00:00'),(570,'MERMAID INSECTS','A Lacklusture Drama of a Waitress And a Husband who must Fight a Husband in California',2017,4,NULL,5,4.99,104,20.99,'NC-17','Trailers,Behind the Scenes','2025-07-16 09:00:00'),(571,'METAL ARMAGEDDON','A Thrilling Display of a Lumberjack And a Crocodile who must Meet a Monkey in A Baloon Factory',2017,4,NULL,6,2.99,161,26.99,'PG-13','Trailers,Commentaries,Deleted Scenes','2025-07-16 09:00:00'),(572,'METROPOLIS COMA','A Emotional Saga of a Database Administrator And a Pastry Chef who must Confront a Teacher in A Baloon Factory',2017,4,NULL,4,2.99,64,9.99,'PG-13','Trailers,Commentaries,Behind the Scenes','2025-07-16 09:00:00'),(573,'MICROCOSMOS PARADISE','A Touching Character Study of a Boat And a Student who must Sink a A Shark in Nigeria',2017,4,NULL,6,2.99,105,22.99,'PG-13','Commentaries','2025-07-16 09:00:00'),(574,'MIDNIGHT WESTWARD','A Taut Reflection of a Husband And a A Shark who must Redeem a Pastry Chef in A Monastery',2017,4,NULL,3,0.99,86,19.99,'G','Trailers,Deleted Scenes','2025-07-16 09:00:00'),(575,'MIDSUMMER GROUNDHOG','A Fateful Panorama of a Moose And a Dog who must Chase a Crocodile in Ancient Japan',2017,4,NULL,3,4.99,48,27.99,'G','Trailers,Deleted Scenes','2025-07-16 09:00:00'),(576,'MIGHTY LUCK','A Astounding Epistle of a Mad Scientist And a Pioneer who must Escape a Database Administrator in A MySQL Convention',2017,4,NULL,7,2.99,122,13.99,'PG','Behind the Scenes','2025-07-16 09:00:00'),(577,'MILE MULAN','A Lacklusture Epistle of a Cat And a Husband who must Confront a Boy in A MySQL Convention',2017,4,NULL,4,0.99,64,10.99,'PG','Deleted Scenes,Behind the Scenes','2025-07-16 09:00:00'),(578,'MILLION ACE','A Brilliant Documentary of a Womanizer And a Squirrel who must Find a Technical Writer in The Sahara Desert',2017,4,NULL,4,4.99,142,16.99,'PG-13','Deleted Scenes','2025-07-16 09:00:00'),(579,'MINDS TRUMAN','A Taut Yarn of a Mad Scientist And a Crocodile who must Outgun a Database Administrator in A Monastery',2017,4,NULL,3,4.99,149,22.99,'PG-13','Deleted Scenes,Behind the Scenes','2025-07-16 09:00:00'),(580,'MINE TITANS','A Amazing Yarn of a Robot And a Womanizer who must Discover a Forensic Psychologist in Berlin',2017,4,NULL,3,4.99,166,12.99,'PG-13','Trailers,Deleted Scenes','2025-07-16 09:00:00'),(581,'MINORITY KISS','A Insightful Display of a Lumberjack And a Sumo Wrestler who must Meet a Man in The Outback',2017,4,NULL,4,0.99,59,16.99,'G','Trailers','2025-07-16 09:00:00'),(582,'MIRACLE VIRTUAL','A Touching Epistle of a Butler And a Boy who must Find a Mad Scientist in The Sahara Desert',2017,4,NULL,3,2.99,162,19.99,'PG-13','Trailers,Deleted Scenes','2025-07-16 09:00:00'),(583,'MISSION ZOOLANDER','A Intrepid Story of a Sumo Wrestler And a Teacher who must Meet a A Shark in An Abandoned Fun House',2017,4,NULL,3,4.99,164,26.99,'PG-13','Behind the Scenes','2025-07-16 09:00:00'),(584,'MIXED DOORS','A Taut Drama of a Womanizer And a Lumberjack who must Succumb a Pioneer in Ancient India',2017,4,NULL,6,2.99,180,26.99,'PG-13','Behind the Scenes','2025-07-16 09:00:00'),(585,'MOB DUFFEL','A Unbelieveable Documentary of a Frisbee And a Boat who must Meet a Boy in The Canadian Rockies',2017,4,NULL,4,0.99,105,25.99,'G','Trailers','2025-07-16 09:00:00'),(586,'MOCKINGBIRD HOLLYWOOD','A Thoughtful Panorama of a Man And a Car who must Sink a Composer in Berlin',2017,4,NULL,4,0.99,60,27.99,'PG','Behind the Scenes','2025-07-16 09:00:00'),(587,'MOD SECRETARY','A Boring Documentary of a Mad Cow And a Cat who must Build a Lumberjack in New Orleans',2017,4,NULL,6,4.99,77,20.99,'NC-17','Commentaries,Behind the Scenes','2025-07-16 09:00:00'),(588,'MODEL FISH','A Beautiful Panorama of a Boat And a Crocodile who must Outrace a Dog in Australia',2017,4,NULL,4,4.99,175,11.99,'NC-17','Trailers,Commentaries,Behind the Scenes','2025-07-16 09:00:00'),(589,'MODERN DORADO','A Awe-Inspiring Story of a Butler And a Sumo Wrestler who must Redeem a Boy in New Orleans',2003,4,NULL,3,0.99,74,20.99,'PG','Trailers,Commentaries,Deleted Scenes','2025-07-16 09:00:00'),(590,'MONEY HAROLD','A Touching Tale of a Explorer And a Boat who must Defeat a Robot in Australia',2003,4,NULL,3,2.99,135,17.99,'PG','Trailers,Commentaries','2025-07-16 09:00:00'),(591,'MONSOON CAUSE','A Astounding Tale of a Crocodile And a Car who must Outrace a Squirrel in A U-Boat',2003,4,NULL,6,4.99,182,20.99,'PG','Commentaries,Behind the Scenes','2025-07-16 09:00:00'),(592,'MONSTER SPARTACUS','A Fast-Paced Story of a Waitress And a Cat who must Fight a Girl in Australia',2003,4,NULL,6,2.99,107,28.99,'PG','Commentaries,Behind the Scenes','2025-07-16 09:00:00'),(593,'MONTEREY LABYRINTH','A Awe-Inspiring Drama of a Monkey And a Composer who must Escape a Feminist in A U-Boat',2003,4,NULL,6,0.99,158,13.99,'G','Trailers,Commentaries','2025-07-16 09:00:00'),(594,'MONTEZUMA COMMAND','A Thrilling Reflection of a Waitress And a Butler who must Battle a Butler in A Jet Boat',2003,4,NULL,6,0.99,126,22.99,'NC-17','Trailers','2025-07-16 09:00:00'),(595,'MOON BUNCH','A Beautiful Tale of a Astronaut And a Mad Cow who must Challenge a Cat in A Baloon Factory',2003,4,NULL,7,0.99,83,20.99,'PG','Deleted Scenes,Behind the Scenes','2025-07-16 09:00:00'),(596,'MOONSHINE CABIN','A Thoughtful Display of a Astronaut And a Feminist who must Chase a Frisbee in A Jet Boat',2003,4,NULL,4,4.99,171,25.99,'PG-13','Behind the Scenes','2025-07-16 09:00:00'),(597,'MOONWALKER FOOL','A Epic Drama of a Feminist And a Pioneer who must Sink a Composer in New Orleans',2003,4,NULL,5,4.99,184,12.99,'G','Trailers,Deleted Scenes','2025-07-16 09:00:00'),(598,'MOSQUITO ARMAGEDDON','A Thoughtful Character Study of a Waitress And a Feminist who must Build a Teacher in Ancient Japan',2003,4,NULL,6,0.99,57,22.99,'G','Trailers','2025-07-16 09:00:00'),(599,'MOTHER OLEANDER','A Boring Tale of a Husband And a Boy who must Fight a Squirrel in Ancient China',2003,4,NULL,3,0.99,103,20.99,'R','Trailers,Commentaries','2025-07-16 09:00:00'),(600,'MOTIONS DETAILS','A Awe-Inspiring Reflection of a Dog And a Student who must Kill a Car in An Abandoned Fun House',2003,4,NULL,5,0.99,166,16.99,'PG','Trailers,Commentaries,Behind the Scenes','2025-07-16 09:00:00'),(601,'MOULIN WAKE','A Astounding Story of a Forensic Psychologist And a Cat who must Battle a Teacher in An Abandoned Mine Shaft',2003,4,NULL,4,0.99,79,20.99,'PG-13','Trailers','2025-07-16 09:00:00'),(602,'MOURNING PURPLE','A Lacklusture Display of a Waitress And a Lumberjack who must Chase a Pioneer in New Orleans',2003,4,NULL,5,0.99,146,14.99,'PG','Trailers,Commentaries,Deleted Scenes,Behind the Scenes','2025-07-16 09:00:00'),(603,'MOVIE SHAKESPEARE','A Insightful Display of a Database Administrator And a Student who must Build a Hunter in Berlin',2003,4,NULL,6,4.99,53,27.99,'PG','Commentaries,Deleted Scenes,Behind the Scenes','2025-07-16 09:00:00'),(604,'MULAN MOON','A Emotional Saga of a Womanizer And a Pioneer who must Overcome a Dentist in A Baloon',2003,4,NULL,4,0.99,160,10.99,'G','Behind the Scenes','2025-07-16 09:00:00'),(605,'MULHOLLAND BEAST','A Awe-Inspiring Display of a Husband And a Squirrel who must Battle a Sumo Wrestler in A Jet Boat',2003,4,NULL,7,2.99,157,13.99,'PG','Trailers,Deleted Scenes,Behind the Scenes','2025-07-16 09:00:00'),(606,'MUMMY CREATURES','A Fateful Character Study of a Crocodile And a Monkey who must Meet a Dentist in Australia',2003,4,NULL,3,0.99,160,15.99,'NC-17','Trailers,Behind the Scenes','2025-07-16 09:00:00'),(607,'MUPPET MILE','A Lacklusture Story of a Madman And a Teacher who must Kill a Frisbee in The Gulf of Mexico',2003,4,NULL,5,4.99,50,18.99,'PG','Trailers,Deleted Scenes','2025-07-16 09:00:00'),(608,'MURDER ANTITRUST','A Brilliant Yarn of a Car And a Database Administrator who must Escape a Boy in A MySQL Convention',2003,4,NULL,6,2.99,166,11.99,'PG','Trailers,Deleted Scenes,Behind the Scenes','2025-07-16 09:00:00'),(609,'MUSCLE BRIGHT','A Stunning Panorama of a Sumo Wrestler And a Husband who must Redeem a Madman in Ancient India',2003,4,NULL,7,2.99,185,23.99,'G','Deleted Scenes','2025-07-16 09:00:00'),(610,'MUSIC BOONDOCK','A Thrilling Tale of a Butler And a Astronaut who must Battle a Explorer in The First Manned Space Station',2003,4,NULL,7,0.99,129,17.99,'R','Trailers,Commentaries,Behind the Scenes','2025-07-16 09:00:00'),(611,'MUSKETEERS WAIT','A Touching Yarn of a Student And a Moose who must Fight a Mad Cow in Australia',2003,4,NULL,7,4.99,73,17.99,'PG','Deleted Scenes,Behind the Scenes','2025-07-16 09:00:00'),(612,'MUSSOLINI SPOILERS','A Thrilling Display of a Boat And a Monkey who must Meet a Composer in Ancient China',2003,4,NULL,6,2.99,180,10.99,'G','Deleted Scenes,Behind the Scenes','2025-07-16 09:00:00'),(613,'MYSTIC TRUMAN','A Epic Yarn of a Teacher And a Hunter who must Outgun a Explorer in Soviet Georgia',2003,4,NULL,5,0.99,92,19.99,'NC-17','Commentaries,Behind the Scenes','2025-07-16 09:00:00'),(614,'NAME DETECTIVE','A Touching Saga of a Sumo Wrestler And a Cat who must Pursue a Mad Scientist in Nigeria',2003,4,NULL,5,4.99,178,11.99,'PG-13','Trailers,Commentaries,Behind the Scenes','2025-07-16 09:00:00'),(615,'NASH CHOCOLAT','A Epic Reflection of a Monkey And a Mad Cow who must Kill a Forensic Psychologist in An Abandoned Mine Shaft',2003,4,NULL,6,2.99,180,21.99,'PG-13','Commentaries,Behind the Scenes','2025-07-16 09:00:00'),(616,'NATIONAL STORY','A Taut Epistle of a Mad Scientist And a Girl who must Escape a Monkey in California',2003,4,NULL,4,2.99,92,19.99,'NC-17','Trailers','2025-07-16 09:00:00'),(617,'NATURAL STOCK','A Fast-Paced Story of a Sumo Wrestler And a Girl who must Defeat a Car in A Baloon Factory',2003,4,NULL,4,0.99,50,24.99,'PG-13','Commentaries,Deleted Scenes','2025-07-16 09:00:00'),(618,'NECKLACE OUTBREAK','A Astounding Epistle of a Database Administrator And a Mad Scientist who must Pursue a Cat in California',2003,4,NULL,3,0.99,132,21.99,'PG','Trailers,Commentaries,Behind the Scenes','2025-07-16 09:00:00'),(619,'NEIGHBORS CHARADE','A Fanciful Reflection of a Crocodile And a Astronaut who must Outrace a Feminist in An Abandoned Amusement Park',2003,4,NULL,3,0.99,161,20.99,'R','Trailers,Commentaries,Deleted Scenes','2025-07-16 09:00:00'),(620,'NEMO CAMPUS','A Lacklusture Reflection of a Monkey And a Squirrel who must Outrace a Womanizer in A Manhattan Penthouse',2003,4,NULL,5,2.99,131,23.99,'NC-17','Trailers','2025-07-16 09:00:00'),(621,'NETWORK PEAK','A Unbelieveable Reflection of a Butler And a Boat who must Outgun a Mad Scientist in California',2003,4,NULL,5,2.99,75,23.99,'PG-13','Commentaries,Deleted Scenes,Behind the Scenes','2025-07-16 09:00:00'),(622,'NEWSIES STORY','A Action-Packed Character Study of a Dog And a Lumberjack who must Outrace a Moose in The Gulf of Mexico',2003,4,NULL,4,0.99,159,25.99,'G','Trailers,Deleted Scenes','2025-07-16 09:00:00'),(623,'NEWTON LABYRINTH','A Intrepid Character Study of a Moose And a Waitress who must Find a A Shark in Ancient India',2003,4,NULL,4,0.99,75,9.99,'PG','Trailers,Commentaries,Deleted Scenes,Behind the Scenes','2025-07-16 09:00:00'),(624,'NIGHTMARE CHILL','A Brilliant Display of a Robot And a Butler who must Fight a Waitress in An Abandoned Mine Shaft',2003,4,NULL,3,4.99,149,25.99,'PG','Trailers,Deleted Scenes,Behind the Scenes','2025-07-16 09:00:00'),(625,'NONE SPIKING','A Boring Reflection of a Secret Agent And a Astronaut who must Face a Composer in A Manhattan Penthouse',2003,4,NULL,3,0.99,83,18.99,'NC-17','Trailers,Commentaries','2025-07-16 09:00:00'),(626,'NOON PAPI','A Unbelieveable Character Study of a Mad Scientist And a Astronaut who must Find a Pioneer in A Manhattan Penthouse',2003,4,NULL,5,2.99,57,12.99,'G','Behind the Scenes','2025-07-16 09:00:00'),(627,'NORTH TEQUILA','A Beautiful Character Study of a Mad Cow And a Robot who must Reach a Womanizer in New Orleans',2003,4,NULL,4,4.99,67,9.99,'NC-17','Commentaries,Deleted Scenes,Behind the Scenes','2025-07-16 09:00:00'),(628,'NORTHWEST POLISH','A Boring Character Study of a Boy And a A Shark who must Outrace a Womanizer in The Outback',2003,4,NULL,5,2.99,172,24.99,'PG','Trailers','2025-07-16 09:00:00'),(629,'NOTORIOUS REUNION','A Amazing Epistle of a Woman And a Squirrel who must Fight a Hunter in A Baloon',2003,4,NULL,7,0.99,128,9.99,'NC-17','Trailers,Commentaries,Deleted Scenes','2025-07-16 09:00:00'),(630,'NOTTING SPEAKEASY','A Thoughtful Display of a Butler And a Womanizer who must Find a Waitress in The Canadian Rockies',2003,4,NULL,7,0.99,48,19.99,'PG-13','Trailers,Commentaries','2025-07-16 09:00:00'),(631,'NOVOCAINE FLIGHT','A Fanciful Display of a Student And a Teacher who must Outgun a Crocodile in Nigeria',2003,4,NULL,4,0.99,64,11.99,'G','Trailers,Commentaries,Deleted Scenes','2025-07-16 09:00:00'),(632,'NUTS TIES','A Thoughtful Drama of a Explorer And a Womanizer who must Meet a Teacher in California',2003,4,NULL,5,4.99,145,10.99,'NC-17','Trailers,Behind the Scenes','2025-07-16 09:00:00'),(633,'OCTOBER SUBMARINE','A Taut Epistle of a Monkey And a Boy who must Confront a Husband in A Jet Boat',2003,4,NULL,6,4.99,54,10.99,'PG-13','Trailers,Commentaries,Behind the Scenes','2025-07-16 09:00:00'),(634,'ODDS BOOGIE','A Thrilling Yarn of a Feminist And a Madman who must Battle a Hunter in Berlin',2007,4,NULL,6,0.99,48,14.99,'NC-17','Trailers,Commentaries,Behind the Scenes','2025-07-16 09:00:00'),(635,'OKLAHOMA JUMANJI','A Thoughtful Drama of a Dentist And a Womanizer who must Meet a Husband in The Sahara Desert',2007,4,NULL,7,0.99,58,15.99,'PG','Behind the Scenes','2025-07-16 09:00:00'),(636,'OLEANDER CLUE','A Boring Story of a Teacher And a Monkey who must Succumb a Forensic Psychologist in A Jet Boat',2007,4,NULL,5,0.99,161,12.99,'PG','Commentaries,Deleted Scenes','2025-07-16 09:00:00'),(637,'OPEN AFRICAN','A Lacklusture Drama of a Secret Agent And a Explorer who must Discover a Car in A U-Boat',2007,4,NULL,7,4.99,131,16.99,'PG','Trailers,Commentaries','2025-07-16 09:00:00'),(638,'OPERATION OPERATION','A Intrepid Character Study of a Man And a Frisbee who must Overcome a Madman in Ancient China',2007,4,NULL,7,2.99,156,23.99,'G','Trailers,Commentaries,Deleted Scenes,Behind the Scenes','2025-07-16 09:00:00'),(639,'OPPOSITE NECKLACE','A Fateful Epistle of a Crocodile And a Moose who must Kill a Explorer in Nigeria',2007,4,NULL,7,4.99,92,9.99,'PG','Deleted Scenes','2025-07-16 09:00:00'),(640,'OPUS ICE','A Fast-Paced Drama of a Hunter And a Boy who must Discover a Feminist in The Sahara Desert',2007,4,NULL,5,4.99,102,21.99,'R','Commentaries,Deleted Scenes','2025-07-16 09:00:00'),(641,'ORANGE GRAPES','A Astounding Documentary of a Butler And a Womanizer who must Face a Dog in A U-Boat',2007,4,NULL,4,0.99,76,21.99,'PG-13','Trailers,Commentaries','2025-07-16 09:00:00'),(642,'ORDER BETRAYED','A Amazing Saga of a Dog And a A Shark who must Challenge a Cat in The Sahara Desert',2007,4,NULL,7,2.99,120,13.99,'PG-13','Deleted Scenes,Behind the Scenes','2025-07-16 09:00:00'),(643,'ORIENT CLOSER','A Astounding Epistle of a Technical Writer And a Teacher who must Fight a Squirrel in The Sahara Desert',2007,4,NULL,3,2.99,118,22.99,'R','Commentaries,Deleted Scenes','2025-07-16 09:00:00'),(644,'OSCAR GOLD','A Insightful Tale of a Database Administrator And a Dog who must Face a Madman in Soviet Georgia',2007,4,NULL,7,2.99,115,29.99,'PG','Behind the Scenes','2025-07-16 09:00:00'),(645,'OTHERS SOUP','A Lacklusture Documentary of a Mad Cow And a Madman who must Sink a Moose in The Gulf of Mexico',2007,4,NULL,7,2.99,118,18.99,'PG','Deleted Scenes','2025-07-16 09:00:00'),(646,'OUTBREAK DIVINE','A Unbelieveable Yarn of a Database Administrator And a Woman who must Succumb a A Shark in A U-Boat',2007,4,NULL,6,0.99,169,12.99,'NC-17','Trailers,Deleted Scenes,Behind the Scenes','2025-07-16 09:00:00'),(647,'OUTFIELD MASSACRE','A Thoughtful Drama of a Husband And a Secret Agent who must Pursue a Database Administrator in Ancient India',2007,4,NULL,4,0.99,129,18.99,'NC-17','Trailers,Deleted Scenes','2025-07-16 09:00:00'),(648,'OUTLAW HANKY','A Thoughtful Story of a Astronaut And a Composer who must Conquer a Dog in The Sahara Desert',2007,4,NULL,7,4.99,148,17.99,'PG-13','Trailers,Commentaries','2025-07-16 09:00:00'),(649,'OZ LIAISONS','A Epic Yarn of a Mad Scientist And a Cat who must Confront a Womanizer in A Baloon Factory',2007,4,NULL,4,2.99,85,14.99,'R','Commentaries,Deleted Scenes,Behind the Scenes','2025-07-16 09:00:00'),(650,'PACIFIC AMISTAD','A Thrilling Yarn of a Dog And a Moose who must Kill a Pastry Chef in A Manhattan Penthouse',2007,4,NULL,3,0.99,144,27.99,'G','Trailers,Commentaries,Deleted Scenes,Behind the Scenes','2025-07-16 09:00:00'),(651,'PACKER MADIGAN','A Epic Display of a Sumo Wrestler And a Forensic Psychologist who must Build a Woman in An Abandoned Amusement Park',2007,4,NULL,3,0.99,84,20.99,'PG-13','Trailers','2025-07-16 09:00:00'),(652,'PAJAMA JAWBREAKER','A Emotional Drama of a Boy And a Technical Writer who must Redeem a Sumo Wrestler in California',2007,4,NULL,3,0.99,126,14.99,'R','Trailers,Deleted Scenes','2025-07-16 09:00:00'),(653,'PANIC CLUB','A Fanciful Display of a Teacher And a Crocodile who must Succumb a Girl in A Baloon',2007,4,NULL,3,4.99,102,15.99,'G','Commentaries,Deleted Scenes','2025-07-16 09:00:00'),(654,'PANKY SUBMARINE','A Touching Documentary of a Dentist And a Sumo Wrestler who must Overcome a Boy in The Gulf of Mexico',2007,4,NULL,4,4.99,93,19.99,'G','Trailers,Commentaries,Deleted Scenes,Behind the Scenes','2025-07-16 09:00:00'),(655,'PANTHER REDS','A Brilliant Panorama of a Moose And a Man who must Reach a Teacher in The Gulf of Mexico',2007,4,NULL,5,4.99,109,22.99,'NC-17','Deleted Scenes,Behind the Scenes','2025-07-16 09:00:00'),(656,'PAPI NECKLACE','A Fanciful Display of a Car And a Monkey who must Escape a Squirrel in Ancient Japan',2007,4,NULL,3,0.99,128,9.99,'PG','Trailers,Deleted Scenes,Behind the Scenes','2025-07-16 09:00:00'),(657,'PARADISE SABRINA','A Intrepid Yarn of a Car And a Moose who must Outrace a Crocodile in A Manhattan Penthouse',2007,4,NULL,5,2.99,48,12.99,'PG-13','Commentaries,Deleted Scenes,Behind the Scenes','2025-07-16 09:00:00'),(658,'PARIS WEEKEND','A Intrepid Story of a Squirrel And a Crocodile who must Defeat a Monkey in The Outback',2007,4,NULL,7,2.99,121,19.99,'PG-13','Trailers,Commentaries,Deleted Scenes,Behind the Scenes','2025-07-16 09:00:00'),(659,'PARK CITIZEN','A Taut Epistle of a Sumo Wrestler And a Girl who must Face a Husband in Ancient Japan',2007,4,NULL,3,4.99,109,14.99,'PG-13','Trailers,Deleted Scenes','2025-07-16 09:00:00'),(660,'PARTY KNOCK','A Fateful Display of a Technical Writer And a Butler who must Battle a Sumo Wrestler in An Abandoned Mine Shaft',2007,4,NULL,7,2.99,107,11.99,'PG','Trailers,Behind the Scenes','2025-07-16 09:00:00'),(661,'PAST SUICIDES','A Intrepid Tale of a Madman And a Astronaut who must Challenge a Hunter in A Monastery',2007,4,NULL,5,4.99,157,17.99,'PG-13','Trailers,Deleted Scenes,Behind the Scenes','2025-07-16 09:00:00'),(662,'PATHS CONTROL','A Astounding Documentary of a Butler And a Cat who must Find a Frisbee in Ancient China',2007,4,NULL,3,4.99,118,9.99,'PG','Trailers,Behind the Scenes','2025-07-16 09:00:00'),(663,'PATIENT SISTER','A Emotional Epistle of a Squirrel And a Robot who must Confront a Lumberjack in Soviet Georgia',2007,4,NULL,7,0.99,99,29.99,'NC-17','Trailers,Commentaries','2025-07-16 09:00:00'),(664,'PATRIOT ROMAN','A Taut Saga of a Robot And a Database Administrator who must Challenge a Astronaut in California',2007,4,NULL,6,2.99,65,12.99,'PG','Trailers,Deleted Scenes','2025-07-16 09:00:00'),(665,'PATTON INTERVIEW','A Thrilling Documentary of a Composer And a Secret Agent who must Succumb a Cat in Berlin',2007,4,NULL,4,2.99,175,22.99,'PG','Commentaries','2025-07-16 09:00:00'),(666,'PAYCHECK WAIT','A Awe-Inspiring Reflection of a Boy And a Man who must Discover a Moose in The Sahara Desert',2007,4,NULL,4,4.99,145,27.99,'PG-13','Commentaries,Deleted Scenes','2025-07-16 09:00:00'),(667,'PEACH INNOCENT','A Action-Packed Drama of a Monkey And a Dentist who must Chase a Butler in Berlin',2007,4,NULL,3,2.99,160,20.99,'PG-13','Commentaries,Behind the Scenes','2025-07-16 09:00:00'),(668,'PEAK FOREVER','A Insightful Reflection of a Boat And a Secret Agent who must Vanquish a Astronaut in An Abandoned Mine Shaft',2007,4,NULL,7,4.99,80,25.99,'PG','Trailers,Commentaries,Deleted Scenes,Behind the Scenes','2025-07-16 09:00:00'),(669,'PEARL DESTINY','A Lacklusture Yarn of a Astronaut And a Pastry Chef who must Sink a Dog in A U-Boat',2007,4,NULL,3,2.99,74,10.99,'NC-17','Trailers','2025-07-16 09:00:00'),(670,'PELICAN COMFORTS','A Epic Documentary of a Boy And a Monkey who must Pursue a Astronaut in Berlin',2007,4,NULL,4,4.99,48,17.99,'PG','Commentaries,Deleted Scenes','2025-07-16 09:00:00'),(671,'PERDITION FARGO','A Fast-Paced Story of a Car And a Cat who must Outgun a Hunter in Berlin',2007,4,NULL,7,4.99,99,27.99,'NC-17','Trailers,Behind the Scenes','2025-07-16 09:00:00'),(672,'PERFECT GROOVE','A Thrilling Yarn of a Dog And a Dog who must Build a Husband in A Baloon',2007,4,NULL,7,2.99,82,17.99,'PG-13','Commentaries,Deleted Scenes,Behind the Scenes','2025-07-16 09:00:00'),(673,'PERSONAL LADYBUGS','A Epic Saga of a Hunter And a Technical Writer who must Conquer a Cat in Ancient Japan',2007,4,NULL,3,0.99,118,19.99,'PG-13','Deleted Scenes,Behind the Scenes','2025-07-16 09:00:00'),(674,'PET HAUNTING','A Unbelieveable Reflection of a Explorer And a Boat who must Conquer a Woman in California',2007,4,NULL,3,0.99,99,11.99,'PG','Trailers,Commentaries','2025-07-16 09:00:00'),(675,'PHANTOM GLORY','A Beautiful Documentary of a Astronaut And a Crocodile who must Discover a Madman in A Monastery',2007,4,NULL,6,2.99,60,17.99,'NC-17','Commentaries,Behind the Scenes','2025-07-16 09:00:00'),(676,'PHILADELPHIA WIFE','A Taut Yarn of a Hunter And a Astronaut who must Conquer a Database Administrator in The Sahara Desert',2007,4,NULL,7,4.99,137,16.99,'PG-13','Trailers,Commentaries,Deleted Scenes','2025-07-16 09:00:00'),(677,'PIANIST OUTFIELD','A Intrepid Story of a Boy And a Technical Writer who must Pursue a Lumberjack in A Monastery',2007,4,NULL,6,0.99,136,25.99,'NC-17','Trailers,Commentaries,Deleted Scenes','2025-07-16 09:00:00'),(678,'PICKUP DRIVING','A Touching Documentary of a Husband And a Boat who must Meet a Pastry Chef in A Baloon Factory',2007,4,NULL,3,2.99,77,23.99,'G','Trailers,Commentaries,Deleted Scenes,Behind the Scenes','2025-07-16 09:00:00'),(679,'PILOT HOOSIERS','A Awe-Inspiring Reflection of a Crocodile And a Sumo Wrestler who must Meet a Forensic Psychologist in An Abandoned Mine Shaft',2007,4,NULL,6,2.99,50,17.99,'PG','Trailers,Deleted Scenes','2025-07-16 09:00:00'),(680,'PINOCCHIO SIMON','A Action-Packed Reflection of a Mad Scientist And a A Shark who must Find a Feminist in California',2007,4,NULL,4,4.99,103,21.99,'PG','Commentaries,Behind the Scenes','2025-07-16 09:00:00'),(681,'PIRATES ROXANNE','A Stunning Drama of a Woman And a Lumberjack who must Overcome a A Shark in The Canadian Rockies',2007,4,NULL,4,0.99,100,20.99,'PG','Commentaries,Deleted Scenes','2025-07-16 09:00:00'),(682,'PITTSBURGH HUNCHBACK','A Thrilling Epistle of a Boy And a Boat who must Find a Student in Soviet Georgia',2007,4,NULL,4,4.99,134,17.99,'PG-13','Trailers,Deleted Scenes,Behind the Scenes','2025-07-16 09:00:00'),(683,'PITY BOUND','A Boring Panorama of a Feminist And a Moose who must Defeat a Database Administrator in Nigeria',2007,4,NULL,5,4.99,60,19.99,'NC-17','Commentaries','2025-07-16 09:00:00'),(684,'PIZZA JUMANJI','A Epic Saga of a Cat And a Squirrel who must Outgun a Robot in A U-Boat',2007,4,NULL,4,2.99,173,11.99,'NC-17','Commentaries','2025-07-16 09:00:00'),(685,'PLATOON INSTINCT','A Thrilling Panorama of a Man And a Woman who must Reach a Woman in Australia',2007,4,NULL,6,4.99,132,10.99,'PG-13','Trailers,Commentaries','2025-07-16 09:00:00'),(686,'PLUTO OLEANDER','A Action-Packed Reflection of a Car And a Moose who must Outgun a Car in A Shark Tank',2007,4,NULL,5,4.99,84,9.99,'R','Behind the Scenes','2025-07-16 09:00:00'),(687,'POCUS PULP','A Intrepid Yarn of a Frisbee And a Dog who must Build a Astronaut in A Baloon Factory',2007,4,NULL,6,0.99,138,15.99,'NC-17','Commentaries,Deleted Scenes,Behind the Scenes','2025-07-16 09:00:00'),(688,'POLISH BROOKLYN','A Boring Character Study of a Database Administrator And a Lumberjack who must Reach a Madman in The Outback',2007,4,NULL,6,0.99,61,12.99,'PG','Trailers,Commentaries,Deleted Scenes,Behind the Scenes','2025-07-16 09:00:00'),(689,'POLLOCK DELIVERANCE','A Intrepid Story of a Madman And a Frisbee who must Outgun a Boat in The Sahara Desert',2007,4,NULL,5,2.99,137,14.99,'PG','Commentaries','2025-07-16 09:00:00'),(690,'POND SEATTLE','A Stunning Drama of a Teacher And a Boat who must Battle a Feminist in Ancient China',2007,4,NULL,7,2.99,185,25.99,'PG-13','Trailers,Commentaries,Behind the Scenes','2025-07-16 09:00:00'),(691,'POSEIDON FOREVER','A Thoughtful Epistle of a Womanizer And a Monkey who must Vanquish a Dentist in A Monastery',2007,4,NULL,6,4.99,159,29.99,'PG-13','Commentaries','2025-07-16 09:00:00'),(692,'POTLUCK MIXED','A Beautiful Story of a Dog And a Technical Writer who must Outgun a Student in A Baloon',2007,4,NULL,3,2.99,179,10.99,'G','Behind the Scenes','2025-07-16 09:00:00'),(693,'POTTER CONNECTICUT','A Thrilling Epistle of a Frisbee And a Cat who must Fight a Technical Writer in Berlin',2007,4,NULL,5,2.99,115,16.99,'PG','Trailers,Commentaries','2025-07-16 09:00:00'),(694,'PREJUDICE OLEANDER','A Epic Saga of a Boy And a Dentist who must Outrace a Madman in A U-Boat',2007,4,NULL,6,4.99,98,15.99,'PG-13','Trailers,Commentaries,Deleted Scenes','2025-07-16 09:00:00'),(695,'PRESIDENT BANG','A Fateful Panorama of a Technical Writer And a Moose who must Battle a Robot in Soviet Georgia',2011,4,NULL,6,4.99,144,12.99,'PG','Behind the Scenes','2025-07-16 09:00:00'),(696,'PRIDE ALAMO','A Thoughtful Drama of a A Shark And a Forensic Psychologist who must Vanquish a Student in Ancient India',2011,4,NULL,6,0.99,114,20.99,'NC-17','Deleted Scenes','2025-07-16 09:00:00'),(697,'PRIMARY GLASS','A Fateful Documentary of a Pastry Chef And a Butler who must Build a Dog in The Canadian Rockies',2011,4,NULL,7,0.99,53,16.99,'G','Trailers,Deleted Scenes,Behind the Scenes','2025-07-16 09:00:00'),(698,'PRINCESS GIANT','A Thrilling Yarn of a Pastry Chef And a Monkey who must Battle a Monkey in A Shark Tank',2011,4,NULL,3,2.99,71,29.99,'NC-17','Trailers,Deleted Scenes','2025-07-16 09:00:00'),(699,'PRIVATE DROP','A Stunning Story of a Technical Writer And a Hunter who must Succumb a Secret Agent in A Baloon',2011,4,NULL,7,4.99,106,26.99,'PG','Trailers','2025-07-16 09:00:00'),(700,'PRIX UNDEFEATED','A Stunning Saga of a Mad Scientist And a Boat who must Overcome a Dentist in Ancient China',2011,4,NULL,4,2.99,115,13.99,'R','Trailers,Deleted Scenes','2025-07-16 09:00:00'),(701,'PSYCHO SHRUNK','A Amazing Panorama of a Crocodile And a Explorer who must Fight a Husband in Nigeria',2011,4,NULL,5,2.99,155,11.99,'PG-13','Behind the Scenes','2025-07-16 09:00:00'),(702,'PULP BEVERLY','A Unbelieveable Display of a Dog And a Crocodile who must Outrace a Man in Nigeria',2011,4,NULL,4,2.99,89,12.99,'G','Trailers,Behind the Scenes','2025-07-16 09:00:00'),(703,'PUNK DIVORCE','A Fast-Paced Tale of a Pastry Chef And a Boat who must Face a Frisbee in The Canadian Rockies',2011,4,NULL,6,4.99,100,18.99,'PG','Trailers,Commentaries,Deleted Scenes','2025-07-16 09:00:00'),(704,'PURE RUNNER','A Thoughtful Documentary of a Student And a Madman who must Challenge a Squirrel in A Manhattan Penthouse',2011,4,NULL,3,2.99,121,25.99,'NC-17','Trailers,Deleted Scenes','2025-07-16 09:00:00'),(705,'PURPLE MOVIE','A Boring Display of a Pastry Chef And a Sumo Wrestler who must Discover a Frisbee in An Abandoned Amusement Park',2011,4,NULL,4,2.99,88,9.99,'R','Commentaries,Deleted Scenes','2025-07-16 09:00:00'),(706,'QUEEN LUKE','A Astounding Story of a Girl And a Boy who must Challenge a Composer in New Orleans',2011,4,NULL,5,4.99,163,22.99,'PG','Commentaries,Deleted Scenes,Behind the Scenes','2025-07-16 09:00:00'),(707,'QUEST MUSSOLINI','A Fateful Drama of a Husband And a Sumo Wrestler who must Battle a Pastry Chef in A Baloon Factory',2011,4,NULL,5,2.99,177,29.99,'R','Behind the Scenes','2025-07-16 09:00:00'),(708,'QUILLS BULL','A Thoughtful Story of a Pioneer And a Woman who must Reach a Moose in Australia',2011,4,NULL,4,4.99,112,19.99,'R','Trailers,Behind the Scenes','2025-07-16 09:00:00'),(709,'RACER EGG','A Emotional Display of a Monkey And a Waitress who must Reach a Secret Agent in California',2011,4,NULL,7,2.99,147,19.99,'NC-17','Trailers,Commentaries,Deleted Scenes','2025-07-16 09:00:00'),(710,'RAGE GAMES','A Fast-Paced Saga of a Astronaut And a Secret Agent who must Escape a Hunter in An Abandoned Amusement Park',2011,4,NULL,4,4.99,120,18.99,'R','Trailers,Behind the Scenes','2025-07-16 09:00:00'),(711,'RAGING AIRPLANE','A Astounding Display of a Secret Agent And a Technical Writer who must Escape a Mad Scientist in A Jet Boat',2011,4,NULL,4,4.99,154,18.99,'R','Commentaries,Deleted Scenes','2025-07-16 09:00:00'),(712,'RAIDERS ANTITRUST','A Amazing Drama of a Teacher And a Feminist who must Meet a Woman in The First Manned Space Station',2011,4,NULL,4,0.99,82,11.99,'PG-13','Deleted Scenes','2025-07-16 09:00:00'),(713,'RAINBOW SHOCK','A Action-Packed Story of a Hunter And a Boy who must Discover a Lumberjack in Ancient India',2011,4,NULL,3,4.99,74,14.99,'PG','Trailers,Commentaries,Deleted Scenes,Behind the Scenes','2025-07-16 09:00:00'),(714,'RANDOM GO','A Fateful Drama of a Frisbee And a Student who must Confront a Cat in A Shark Tank',2011,4,NULL,6,2.99,73,29.99,'NC-17','Trailers','2025-07-16 09:00:00'),(715,'RANGE MOONWALKER','A Insightful Documentary of a Hunter And a Dentist who must Confront a Crocodile in A Baloon',2011,4,NULL,3,4.99,147,25.99,'PG','Trailers,Commentaries,Deleted Scenes','2025-07-16 09:00:00'),(716,'REAP UNFAITHFUL','A Thrilling Epistle of a Composer And a Sumo Wrestler who must Challenge a Mad Cow in A MySQL Convention',2011,4,NULL,6,2.99,136,26.99,'PG-13','Trailers,Commentaries','2025-07-16 09:00:00'),(717,'REAR TRADING','A Awe-Inspiring Reflection of a Forensic Psychologist And a Secret Agent who must Succumb a Pastry Chef in Soviet Georgia',2011,4,NULL,6,0.99,97,23.99,'NC-17','Trailers,Commentaries,Deleted Scenes','2025-07-16 09:00:00'),(718,'REBEL AIRPORT','A Intrepid Yarn of a Database Administrator And a Boat who must Outrace a Husband in Ancient India',2011,4,NULL,7,0.99,73,24.99,'G','Trailers,Behind the Scenes','2025-07-16 09:00:00'),(719,'RECORDS ZORRO','A Amazing Drama of a Mad Scientist And a Composer who must Build a Husband in The Outback',2011,4,NULL,7,4.99,182,11.99,'PG','Behind the Scenes','2025-07-16 09:00:00'),(720,'REDEMPTION COMFORTS','A Emotional Documentary of a Dentist And a Woman who must Battle a Mad Scientist in Ancient China',2011,4,NULL,3,2.99,179,20.99,'NC-17','Trailers,Deleted Scenes,Behind the Scenes','2025-07-16 09:00:00'),(721,'REDS POCUS','A Lacklusture Yarn of a Sumo Wrestler And a Squirrel who must Redeem a Monkey in Soviet Georgia',2011,4,NULL,7,4.99,182,23.99,'PG-13','Trailers,Behind the Scenes','2025-07-16 09:00:00'),(722,'REEF SALUTE','A Action-Packed Saga of a Teacher And a Lumberjack who must Battle a Dentist in A Baloon',2011,4,NULL,5,0.99,123,26.99,'NC-17','Behind the Scenes','2025-07-16 09:00:00'),(723,'REIGN GENTLEMEN','A Emotional Yarn of a Composer And a Man who must Escape a Butler in The Gulf of Mexico',2011,4,NULL,3,2.99,82,29.99,'PG-13','Deleted Scenes,Behind the Scenes','2025-07-16 09:00:00'),(724,'REMEMBER DIARY','A Insightful Tale of a Technical Writer And a Waitress who must Conquer a Monkey in Ancient India',2011,3,NULL,5,2.99,110,15.99,'R','Trailers,Commentaries','2025-07-16 09:00:00'),(725,'REQUIEM TYCOON','A Unbelieveable Character Study of a Cat And a Database Administrator who must Pursue a Teacher in A Monastery',2011,3,NULL,6,4.99,167,25.99,'R','Trailers,Commentaries,Behind the Scenes','2025-07-16 09:00:00'),(726,'RESERVOIR ADAPTATION','A Intrepid Drama of a Teacher And a Moose who must Kill a Car in California',2011,3,NULL,7,2.99,61,29.99,'PG-13','Commentaries','2025-07-16 09:00:00'),(727,'RESURRECTION SILVERADO','A Epic Yarn of a Robot And a Explorer who must Challenge a Girl in A MySQL Convention',2011,3,NULL,6,0.99,117,12.99,'PG','Trailers,Deleted Scenes','2025-07-16 09:00:00'),(728,'REUNION WITCHES','A Unbelieveable Documentary of a Database Administrator And a Frisbee who must Redeem a Mad Scientist in A Baloon Factory',2011,3,NULL,3,0.99,63,26.99,'R','Commentaries','2025-07-16 09:00:00'),(729,'RIDER CADDYSHACK','A Taut Reflection of a Monkey And a Womanizer who must Chase a Moose in Nigeria',2011,3,NULL,5,2.99,177,28.99,'PG','Commentaries,Behind the Scenes','2025-07-16 09:00:00'),(730,'RIDGEMONT SUBMARINE','A Unbelieveable Drama of a Waitress And a Composer who must Sink a Mad Cow in Ancient Japan',2011,3,NULL,3,0.99,46,28.99,'PG-13','Commentaries,Deleted Scenes,Behind the Scenes','2025-07-16 09:00:00'),(731,'RIGHT CRANES','A Fateful Character Study of a Boat And a Cat who must Find a Database Administrator in A Jet Boat',2011,3,NULL,7,4.99,153,29.99,'PG-13','Trailers,Commentaries,Deleted Scenes','2025-07-16 09:00:00'),(732,'RINGS HEARTBREAKERS','A Amazing Yarn of a Sumo Wrestler And a Boat who must Conquer a Waitress in New Orleans',2011,3,NULL,5,0.99,58,17.99,'G','Trailers,Commentaries,Behind the Scenes','2025-07-16 09:00:00'),(733,'RIVER OUTLAW','A Thrilling Character Study of a Squirrel And a Lumberjack who must Face a Hunter in A MySQL Convention',2011,3,NULL,4,0.99,149,29.99,'PG-13','Commentaries','2025-07-16 09:00:00'),(734,'ROAD ROXANNE','A Boring Character Study of a Waitress And a Astronaut who must Fight a Crocodile in Ancient Japan',2011,3,NULL,4,4.99,158,12.99,'R','Behind the Scenes','2025-07-16 09:00:00'),(735,'ROBBERS JOON','A Thoughtful Story of a Mad Scientist And a Waitress who must Confront a Forensic Psychologist in Soviet Georgia',2011,3,NULL,7,2.99,102,26.99,'PG-13','Commentaries','2025-07-16 09:00:00'),(736,'ROBBERY BRIGHT','A Taut Reflection of a Robot And a Squirrel who must Fight a Boat in Ancient Japan',2011,3,NULL,4,0.99,134,21.99,'R','Trailers','2025-07-16 09:00:00'),(737,'ROCK INSTINCT','A Astounding Character Study of a Robot And a Moose who must Overcome a Astronaut in Ancient India',2011,3,NULL,4,0.99,102,28.99,'G','Trailers,Commentaries,Deleted Scenes,Behind the Scenes','2025-07-16 09:00:00'),(738,'ROCKETEER MOTHER','A Awe-Inspiring Character Study of a Robot And a Sumo Wrestler who must Discover a Womanizer in A Shark Tank',2011,3,NULL,3,0.99,178,27.99,'PG-13','Deleted Scenes,Behind the Scenes','2025-07-16 09:00:00'),(739,'ROCKY WAR','A Fast-Paced Display of a Squirrel And a Explorer who must Outgun a Mad Scientist in Nigeria',2011,3,NULL,4,4.99,145,17.99,'PG-13','Trailers,Commentaries,Behind the Scenes','2025-07-16 09:00:00'),(740,'ROLLERCOASTER BRINGING','A Beautiful Drama of a Robot And a Lumberjack who must Discover a Technical Writer in A Shark Tank',2011,3,NULL,5,2.99,153,13.99,'PG-13','Trailers,Commentaries,Deleted Scenes','2025-07-16 09:00:00'),(741,'ROMAN PUNK','A Thoughtful Panorama of a Mad Cow And a Student who must Battle a Forensic Psychologist in Berlin',2011,3,NULL,7,0.99,81,28.99,'NC-17','Trailers','2025-07-16 09:00:00'),(742,'ROOF CHAMPION','A Lacklusture Reflection of a Car And a Explorer who must Find a Monkey in A Baloon',2011,3,NULL,7,0.99,101,25.99,'R','Deleted Scenes,Behind the Scenes','2025-07-16 09:00:00'),(743,'ROOM ROMAN','A Awe-Inspiring Panorama of a Composer And a Secret Agent who must Sink a Composer in A Shark Tank',2011,3,NULL,7,0.99,60,27.99,'PG','Trailers,Deleted Scenes,Behind the Scenes','2025-07-16 09:00:00'),(744,'ROOTS REMEMBER','A Brilliant Drama of a Mad Cow And a Hunter who must Escape a Hunter in Berlin',2011,3,NULL,4,0.99,89,23.99,'PG-13','Commentaries,Deleted Scenes,Behind the Scenes','2025-07-16 09:00:00'),(745,'ROSES TREASURE','A Astounding Panorama of a Monkey And a Secret Agent who must Defeat a Woman in The First Manned Space Station',2011,3,NULL,5,4.99,162,23.99,'PG-13','Commentaries,Deleted Scenes,Behind the Scenes','2025-07-16 09:00:00'),(746,'ROUGE SQUAD','A Awe-Inspiring Drama of a Astronaut And a Frisbee who must Conquer a Mad Scientist in Australia',2011,3,NULL,3,0.99,118,10.99,'NC-17','Commentaries,Deleted Scenes,Behind the Scenes','2025-07-16 09:00:00'),(747,'ROXANNE REBEL','A Astounding Story of a Pastry Chef And a Database Administrator who must Fight a Man in The Outback',2011,3,NULL,5,0.99,171,9.99,'R','Deleted Scenes,Behind the Scenes','2025-07-16 09:00:00'),(748,'RUGRATS SHAKESPEARE','A Touching Saga of a Crocodile And a Crocodile who must Discover a Technical Writer in Nigeria',2011,3,NULL,4,0.99,109,16.99,'PG-13','Trailers,Commentaries,Deleted Scenes,Behind the Scenes','2025-07-16 09:00:00'),(749,'RULES HUMAN','A Beautiful Epistle of a Astronaut And a Student who must Confront a Monkey in An Abandoned Fun House',2011,3,NULL,6,4.99,153,19.99,'R','Deleted Scenes,Behind the Scenes','2025-07-16 09:00:00'),(750,'RUN PACIFIC','A Touching Tale of a Cat And a Pastry Chef who must Conquer a Pastry Chef in A MySQL Convention',2011,3,NULL,3,0.99,145,25.99,'R','Commentaries,Deleted Scenes,Behind the Scenes','2025-07-16 09:00:00'),(751,'RUNAWAY TENENBAUMS','A Thoughtful Documentary of a Boat And a Man who must Meet a Boat in An Abandoned Fun House',2011,3,NULL,6,0.99,181,17.99,'NC-17','Commentaries','2025-07-16 09:00:00'),(752,'RUNNER MADIGAN','A Thoughtful Documentary of a Crocodile And a Robot who must Outrace a Womanizer in The Outback',2011,3,NULL,6,0.99,101,27.99,'NC-17','Commentaries,Deleted Scenes,Behind the Scenes','2025-07-16 09:00:00'),(753,'RUSH GOODFELLAS','A Emotional Display of a Man And a Dentist who must Challenge a Squirrel in Australia',2011,3,NULL,3,0.99,48,20.99,'PG','Deleted Scenes','2025-07-16 09:00:00'),(754,'RUSHMORE MERMAID','A Boring Story of a Woman And a Moose who must Reach a Husband in A Shark Tank',2011,3,NULL,6,2.99,150,17.99,'PG-13','Trailers,Commentaries,Deleted Scenes','2025-07-16 09:00:00'),(755,'SABRINA MIDNIGHT','A Emotional Story of a Squirrel And a Crocodile who must Succumb a Husband in The Sahara Desert',2011,3,NULL,5,4.99,99,11.99,'PG','Trailers,Behind the Scenes','2025-07-16 09:00:00'),(756,'SADDLE ANTITRUST','A Stunning Epistle of a Feminist And a A Shark who must Battle a Woman in An Abandoned Fun House',1999,3,NULL,7,2.99,80,10.99,'PG-13','Trailers,Deleted Scenes','2025-07-16 09:00:00'),(757,'SAGEBRUSH CLUELESS','A Insightful Story of a Lumberjack And a Hunter who must Kill a Boy in Ancient Japan',1999,3,NULL,4,2.99,106,28.99,'G','Trailers','2025-07-16 09:00:00'),(758,'SAINTS BRIDE','A Fateful Tale of a Technical Writer And a Composer who must Pursue a Explorer in The Gulf of Mexico',1999,3,NULL,5,2.99,125,11.99,'G','Deleted Scenes','2025-07-16 09:00:00'),(759,'SALUTE APOLLO','A Awe-Inspiring Character Study of a Boy And a Feminist who must Sink a Crocodile in Ancient China',1999,3,NULL,4,2.99,73,29.99,'R','Trailers,Commentaries,Deleted Scenes,Behind the Scenes','2025-07-16 09:00:00'),(760,'SAMURAI LION','A Fast-Paced Story of a Pioneer And a Astronaut who must Reach a Boat in A Baloon',1999,3,NULL,5,2.99,110,21.99,'G','Commentaries','2025-07-16 09:00:00'),(761,'SANTA PARIS','A Emotional Documentary of a Moose And a Car who must Redeem a Mad Cow in A Baloon Factory',1999,3,NULL,7,2.99,154,23.99,'PG','Commentaries,Behind the Scenes','2025-07-16 09:00:00'),(762,'SASSY PACKER','A Fast-Paced Documentary of a Dog And a Teacher who must Find a Moose in A Manhattan Penthouse',1999,3,NULL,6,0.99,154,29.99,'G','Deleted Scenes,Behind the Scenes','2025-07-16 09:00:00'),(763,'SATISFACTION CONFIDENTIAL','A Lacklusture Yarn of a Dentist And a Butler who must Meet a Secret Agent in Ancient China',1999,3,NULL,3,4.99,75,26.99,'G','Commentaries,Deleted Scenes,Behind the Scenes','2025-07-16 09:00:00'),(764,'SATURDAY LAMBS','A Thoughtful Reflection of a Mad Scientist And a Moose who must Kill a Husband in A Baloon',1999,3,NULL,3,4.99,150,28.99,'G','Commentaries,Deleted Scenes','2025-07-16 09:00:00'),(765,'SATURN NAME','A Fateful Epistle of a Butler And a Boy who must Redeem a Teacher in Berlin',1999,3,NULL,7,4.99,182,18.99,'R','Trailers,Commentaries,Deleted Scenes,Behind the Scenes','2025-07-16 09:00:00'),(766,'SAVANNAH TOWN','A Awe-Inspiring Tale of a Astronaut And a Database Administrator who must Chase a Secret Agent in The Gulf of Mexico',1999,3,NULL,5,0.99,84,25.99,'PG-13','Commentaries,Deleted Scenes,Behind the Scenes','2025-07-16 09:00:00'),(767,'SCALAWAG DUCK','A Fateful Reflection of a Car And a Teacher who must Confront a Waitress in A Monastery',1999,3,NULL,6,4.99,183,13.99,'NC-17','Commentaries,Behind the Scenes','2025-07-16 09:00:00'),(768,'SCARFACE BANG','A Emotional Yarn of a Teacher And a Girl who must Find a Teacher in A Baloon Factory',1999,3,NULL,3,4.99,102,11.99,'PG-13','Commentaries,Deleted Scenes','2025-07-16 09:00:00'),(769,'SCHOOL JACKET','A Intrepid Yarn of a Monkey And a Boy who must Fight a Composer in A Manhattan Penthouse',1999,3,NULL,5,4.99,151,21.99,'PG-13','Trailers','2025-07-16 09:00:00'),(770,'SCISSORHANDS SLUMS','A Awe-Inspiring Drama of a Girl And a Technical Writer who must Meet a Feminist in The Canadian Rockies',1999,3,NULL,5,2.99,147,13.99,'G','Commentaries,Deleted Scenes,Behind the Scenes','2025-07-16 09:00:00'),(771,'SCORPION APOLLO','A Awe-Inspiring Documentary of a Technical Writer And a Husband who must Meet a Monkey in An Abandoned Fun House',1999,3,NULL,3,4.99,137,23.99,'NC-17','Commentaries,Deleted Scenes','2025-07-16 09:00:00'),(772,'SEA VIRGIN','A Fast-Paced Documentary of a Technical Writer And a Pastry Chef who must Escape a Moose in A U-Boat',1999,3,NULL,4,2.99,80,24.99,'PG','Deleted Scenes','2025-07-16 09:00:00'),(773,'SEABISCUIT PUNK','A Insightful Saga of a Man And a Forensic Psychologist who must Discover a Mad Cow in A MySQL Convention',1999,3,NULL,6,2.99,112,28.99,'NC-17','Commentaries,Deleted Scenes,Behind the Scenes','2025-07-16 09:00:00'),(774,'SEARCHERS WAIT','A Fast-Paced Tale of a Car And a Mad Scientist who must Kill a Womanizer in Ancient Japan',1999,3,NULL,3,2.99,182,22.99,'NC-17','Trailers,Commentaries,Deleted Scenes,Behind the Scenes','2025-07-16 09:00:00'),(775,'SEATTLE EXPECATIONS','A Insightful Reflection of a Crocodile And a Sumo Wrestler who must Meet a Technical Writer in The Sahara Desert',1999,3,NULL,4,4.99,110,18.99,'PG-13','Trailers','2025-07-16 09:00:00'),(776,'SECRET GROUNDHOG','A Astounding Story of a Cat And a Database Administrator who must Build a Technical Writer in New Orleans',1999,3,NULL,6,4.99,90,11.99,'PG','Commentaries,Deleted Scenes','2025-07-16 09:00:00'),(777,'SECRETARY ROUGE','A Action-Packed Panorama of a Mad Cow And a Composer who must Discover a Robot in A Baloon Factory',1999,3,NULL,5,4.99,158,10.99,'PG','Commentaries,Behind the Scenes','2025-07-16 09:00:00'),(778,'SECRETS PARADISE','A Fateful Saga of a Cat And a Frisbee who must Kill a Girl in A Manhattan Penthouse',1999,3,NULL,3,4.99,109,24.99,'G','Trailers,Commentaries','2025-07-16 09:00:00'),(779,'SENSE GREEK','A Taut Saga of a Lumberjack And a Pastry Chef who must Escape a Sumo Wrestler in An Abandoned Fun House',1999,3,NULL,4,4.99,54,23.99,'R','Deleted Scenes,Behind the Scenes','2025-07-16 09:00:00'),(780,'SENSIBILITY REAR','A Emotional Tale of a Robot And a Sumo Wrestler who must Redeem a Pastry Chef in A Baloon Factory',1999,3,NULL,7,4.99,98,15.99,'PG','Behind the Scenes','2025-07-16 09:00:00'),(781,'SEVEN SWARM','A Unbelieveable Character Study of a Dog And a Mad Cow who must Kill a Monkey in Berlin',1999,3,NULL,4,4.99,127,15.99,'R','Deleted Scenes','2025-07-16 09:00:00'),(782,'SHAKESPEARE SADDLE','A Fast-Paced Panorama of a Lumberjack And a Database Administrator who must Defeat a Madman in A MySQL Convention',1999,3,NULL,6,2.99,60,26.99,'PG-13','Commentaries,Behind the Scenes','2025-07-16 09:00:00'),(783,'SHANE DARKNESS','A Action-Packed Saga of a Moose And a Lumberjack who must Find a Woman in Berlin',1999,3,NULL,5,2.99,93,22.99,'PG','Commentaries,Deleted Scenes','2025-07-16 09:00:00'),(784,'SHANGHAI TYCOON','A Fast-Paced Character Study of a Crocodile And a Lumberjack who must Build a Husband in An Abandoned Fun House',1999,3,NULL,7,2.99,47,20.99,'PG','Commentaries,Deleted Scenes,Behind the Scenes','2025-07-16 09:00:00'),(785,'SHAWSHANK BUBBLE','A Lacklusture Story of a Moose And a Monkey who must Confront a Butler in An Abandoned Amusement Park',1999,3,NULL,6,4.99,80,20.99,'PG','Commentaries,Deleted Scenes','2025-07-16 09:00:00'),(786,'SHEPHERD MIDSUMMER','A Thoughtful Drama of a Robot And a Womanizer who must Kill a Lumberjack in A Baloon',1999,3,NULL,7,0.99,113,14.99,'R','Deleted Scenes','2025-07-16 09:00:00'),(787,'SHINING ROSES','A Awe-Inspiring Character Study of a Astronaut And a Forensic Psychologist who must Challenge a Madman in Ancient India',1999,3,NULL,4,0.99,125,12.99,'G','Trailers,Commentaries,Deleted Scenes,Behind the Scenes','2025-07-16 09:00:00'),(788,'SHIP WONDERLAND','A Thrilling Saga of a Monkey And a Frisbee who must Escape a Explorer in The Outback',1999,3,NULL,5,2.99,104,15.99,'R','Commentaries','2025-07-16 09:00:00'),(789,'SHOCK CABIN','A Fateful Tale of a Mad Cow And a Crocodile who must Meet a Husband in New Orleans',1999,3,NULL,7,2.99,79,15.99,'PG-13','Trailers,Commentaries,Behind the Scenes','2025-07-16 09:00:00'),(790,'SHOOTIST SUPERFLY','A Fast-Paced Story of a Crocodile And a A Shark who must Sink a Pioneer in Berlin',1999,3,NULL,6,0.99,67,22.99,'PG-13','Trailers','2025-07-16 09:00:00'),(791,'SHOW LORD','A Fanciful Saga of a Student And a Girl who must Find a Butler in Ancient Japan',1999,3,NULL,3,4.99,167,24.99,'PG-13','Deleted Scenes','2025-07-16 09:00:00'),(792,'SHREK LICENSE','A Fateful Yarn of a Secret Agent And a Feminist who must Find a Feminist in A Jet Boat',1999,3,NULL,7,2.99,154,15.99,'PG-13','Commentaries','2025-07-16 09:00:00'),(793,'SHRUNK DIVINE','A Fateful Character Study of a Waitress And a Technical Writer who must Battle a Hunter in A Baloon',1999,3,NULL,6,2.99,139,14.99,'R','Trailers,Deleted Scenes,Behind the Scenes','2025-07-16 09:00:00'),(794,'SIDE ARK','A Stunning Panorama of a Crocodile And a Womanizer who must Meet a Feminist in The Canadian Rockies',1999,3,NULL,5,0.99,52,28.99,'G','Deleted Scenes,Behind the Scenes','2025-07-16 09:00:00'),(795,'SIEGE MADRE','A Boring Tale of a Frisbee And a Crocodile who must Vanquish a Moose in An Abandoned Mine Shaft',1999,3,NULL,7,0.99,111,23.99,'R','Trailers,Deleted Scenes','2025-07-16 09:00:00'),(796,'SIERRA DIVIDE','A Emotional Character Study of a Frisbee And a Mad Scientist who must Build a Madman in California',1999,3,NULL,3,0.99,135,12.99,'NC-17','Commentaries,Deleted Scenes','2025-07-16 09:00:00'),(797,'SILENCE KANE','A Emotional Drama of a Sumo Wrestler And a Dentist who must Confront a Sumo Wrestler in A Baloon',1999,3,NULL,7,0.99,67,23.99,'R','Trailers,Deleted Scenes,Behind the Scenes','2025-07-16 09:00:00'),(798,'SILVERADO GOLDFINGER','A Stunning Epistle of a Sumo Wrestler And a Man who must Challenge a Waitress in Ancient India',1999,3,NULL,4,4.99,74,11.99,'PG','Trailers,Commentaries','2025-07-16 09:00:00'),(799,'SIMON NORTH','A Thrilling Documentary of a Technical Writer And a A Shark who must Face a Pioneer in A Shark Tank',2000,3,NULL,3,0.99,51,26.99,'NC-17','Trailers,Commentaries','2025-07-16 09:00:00'),(800,'SINNERS ATLANTIS','A Epic Display of a Dog And a Boat who must Succumb a Mad Scientist in An Abandoned Mine Shaft',2000,3,NULL,7,2.99,126,19.99,'PG-13','Trailers,Commentaries,Deleted Scenes','2025-07-16 09:00:00'),(801,'SISTER FREDDY','A Stunning Saga of a Butler And a Woman who must Pursue a Explorer in Australia',2000,3,NULL,5,4.99,152,19.99,'PG-13','Trailers,Behind the Scenes','2025-07-16 09:00:00'),(802,'SKY MIRACLE','A Epic Drama of a Mad Scientist And a Explorer who must Succumb a Waitress in An Abandoned Fun House',2000,3,NULL,7,2.99,132,15.99,'PG','Trailers,Commentaries,Deleted Scenes','2025-07-16 09:00:00'),(803,'SLACKER LIAISONS','A Fast-Paced Tale of a A Shark And a Student who must Meet a Crocodile in Ancient China',2000,3,NULL,7,4.99,179,29.99,'R','Trailers,Commentaries,Behind the Scenes','2025-07-16 09:00:00'),(804,'SLEEPING SUSPECTS','A Stunning Reflection of a Sumo Wrestler And a Explorer who must Sink a Frisbee in A MySQL Convention',2000,3,NULL,7,4.99,129,13.99,'PG-13','Trailers,Commentaries','2025-07-16 09:00:00'),(805,'SLEEPLESS MONSOON','A Amazing Saga of a Moose And a Pastry Chef who must Escape a Butler in Australia',2000,3,NULL,5,4.99,64,12.99,'G','Trailers,Deleted Scenes,Behind the Scenes','2025-07-16 09:00:00'),(806,'SLEEPY JAPANESE','A Emotional Epistle of a Moose And a Composer who must Fight a Technical Writer in The Outback',2000,3,NULL,4,2.99,137,25.99,'PG','Trailers,Commentaries,Deleted Scenes','2025-07-16 09:00:00'),(807,'SLEUTH ORIENT','A Fateful Character Study of a Husband And a Dog who must Find a Feminist in Ancient India',2000,3,NULL,4,0.99,87,25.99,'NC-17','Deleted Scenes,Behind the Scenes','2025-07-16 09:00:00'),(808,'SLING LUKE','A Intrepid Character Study of a Robot And a Monkey who must Reach a Secret Agent in An Abandoned Amusement Park',2000,3,NULL,5,0.99,84,10.99,'R','Behind the Scenes','2025-07-16 09:00:00'),(809,'SLIPPER FIDELITY','A Taut Reflection of a Secret Agent And a Man who must Redeem a Explorer in A MySQL Convention',2000,3,NULL,5,0.99,156,14.99,'PG-13','Trailers,Deleted Scenes','2025-07-16 09:00:00'),(810,'SLUMS DUCK','A Amazing Character Study of a Teacher And a Database Administrator who must Defeat a Waitress in A Jet Boat',2000,3,NULL,5,0.99,147,21.99,'PG','Commentaries,Deleted Scenes,Behind the Scenes','2025-07-16 09:00:00'),(811,'SMILE EARRING','A Intrepid Drama of a Teacher And a Butler who must Build a Pastry Chef in Berlin',2000,3,NULL,4,2.99,60,29.99,'G','Commentaries,Behind the Scenes','2025-07-16 09:00:00'),(812,'SMOKING BARBARELLA','A Lacklusture Saga of a Mad Cow And a Mad Scientist who must Sink a Cat in A MySQL Convention',2000,3,NULL,7,0.99,50,13.99,'PG-13','Behind the Scenes','2025-07-16 09:00:00'),(813,'SMOOCHY CONTROL','A Thrilling Documentary of a Husband And a Feminist who must Face a Mad Scientist in Ancient China',2000,3,NULL,7,0.99,184,18.99,'R','Behind the Scenes','2025-07-16 09:00:00'),(814,'SNATCH SLIPPER','A Insightful Panorama of a Woman And a Feminist who must Defeat a Forensic Psychologist in Berlin',2000,3,NULL,6,4.99,110,15.99,'PG','Commentaries','2025-07-16 09:00:00'),(815,'SNATCHERS MONTEZUMA','A Boring Epistle of a Sumo Wrestler And a Woman who must Escape a Man in The Canadian Rockies',2000,3,NULL,4,2.99,74,14.99,'PG-13','Commentaries','2025-07-16 09:00:00'),(816,'SNOWMAN ROLLERCOASTER','A Fateful Display of a Lumberjack And a Girl who must Succumb a Mad Cow in A Manhattan Penthouse',2000,3,NULL,3,0.99,62,27.99,'G','Trailers','2025-07-16 09:00:00'),(817,'SOLDIERS EVOLUTION','A Lacklusture Panorama of a A Shark And a Pioneer who must Confront a Student in The First Manned Space Station',2000,3,NULL,7,4.99,185,27.99,'R','Trailers,Commentaries,Deleted Scenes,Behind the Scenes','2025-07-16 09:00:00'),(818,'SOMETHING DUCK','A Boring Character Study of a Car And a Husband who must Outgun a Frisbee in The First Manned Space Station',2000,3,NULL,4,4.99,180,17.99,'NC-17','Commentaries,Behind the Scenes','2025-07-16 09:00:00'),(819,'SONG HEDWIG','A Amazing Documentary of a Man And a Husband who must Confront a Squirrel in A MySQL Convention',2000,3,NULL,3,0.99,165,29.99,'PG-13','Trailers,Deleted Scenes','2025-07-16 09:00:00'),(820,'SONS INTERVIEW','A Taut Character Study of a Explorer And a Mad Cow who must Battle a Hunter in Ancient China',2000,3,NULL,3,2.99,184,11.99,'NC-17','Commentaries,Behind the Scenes','2025-07-16 09:00:00'),(821,'SORORITY QUEEN','A Fast-Paced Display of a Squirrel And a Composer who must Fight a Forensic Psychologist in A Jet Boat',2000,3,NULL,6,0.99,184,17.99,'NC-17','Trailers,Deleted Scenes','2025-07-16 09:00:00'),(822,'SOUP WISDOM','A Fast-Paced Display of a Robot And a Butler who must Defeat a Butler in A MySQL Convention',2000,3,NULL,6,0.99,169,12.99,'R','Behind the Scenes','2025-07-16 09:00:00'),(823,'SOUTH WAIT','A Amazing Documentary of a Car And a Robot who must Escape a Lumberjack in An Abandoned Amusement Park',2000,3,NULL,4,2.99,143,21.99,'R','Commentaries,Behind the Scenes','2025-07-16 09:00:00'),(824,'SPARTACUS CHEAPER','A Thrilling Panorama of a Pastry Chef And a Secret Agent who must Overcome a Student in A Manhattan Penthouse',2000,3,NULL,4,4.99,52,19.99,'NC-17','Deleted Scenes,Behind the Scenes','2025-07-16 09:00:00'),(825,'SPEAKEASY DATE','A Lacklusture Drama of a Forensic Psychologist And a Car who must Redeem a Man in A Manhattan Penthouse',2000,3,NULL,6,2.99,165,22.99,'PG-13','Deleted Scenes,Behind the Scenes','2025-07-16 09:00:00'),(826,'SPEED SUIT','A Brilliant Display of a Frisbee And a Mad Scientist who must Succumb a Robot in Ancient China',2000,3,NULL,7,4.99,124,19.99,'PG-13','Commentaries,Behind the Scenes','2025-07-16 09:00:00'),(827,'SPICE SORORITY','A Fateful Display of a Pioneer And a Hunter who must Defeat a Husband in An Abandoned Mine Shaft',2000,3,NULL,5,4.99,141,22.99,'NC-17','Trailers,Commentaries,Deleted Scenes,Behind the Scenes','2025-07-16 09:00:00'),(828,'SPIKING ELEMENT','A Lacklusture Epistle of a Dentist And a Technical Writer who must Find a Dog in A Monastery',2000,3,NULL,7,2.99,79,12.99,'G','Trailers,Deleted Scenes,Behind the Scenes','2025-07-16 09:00:00'),(829,'SPINAL ROCKY','A Lacklusture Epistle of a Sumo Wrestler And a Squirrel who must Defeat a Explorer in California',2000,3,NULL,7,2.99,138,12.99,'PG-13','Commentaries,Deleted Scenes','2025-07-16 09:00:00'),(830,'SPIRIT FLINTSTONES','A Brilliant Yarn of a Cat And a Car who must Confront a Explorer in Ancient Japan',2000,3,NULL,7,0.99,149,23.99,'R','Commentaries,Deleted Scenes','2025-07-16 09:00:00'),(831,'SPIRITED CASUALTIES','A Taut Story of a Waitress And a Man who must Face a Car in A Baloon Factory',2000,3,NULL,5,0.99,138,20.99,'PG-13','Commentaries,Behind the Scenes','2025-07-16 09:00:00'),(832,'SPLASH GUMP','A Taut Saga of a Crocodile And a Boat who must Conquer a Hunter in A Shark Tank',2000,3,NULL,5,0.99,175,16.99,'PG','Trailers,Commentaries,Deleted Scenes,Behind the Scenes','2025-07-16 09:00:00'),(833,'SPLENDOR PATTON','A Taut Story of a Dog And a Explorer who must Find a Astronaut in Berlin',2000,3,NULL,5,0.99,134,20.99,'R','Trailers,Commentaries,Deleted Scenes,Behind the Scenes','2025-07-16 09:00:00'),(834,'SPOILERS HELLFIGHTERS','A Fanciful Story of a Technical Writer And a Squirrel who must Defeat a Dog in The Gulf of Mexico',2000,3,NULL,4,0.99,151,26.99,'G','Trailers,Commentaries,Deleted Scenes,Behind the Scenes','2025-07-16 09:00:00'),(835,'SPY MILE','A Thrilling Documentary of a Feminist And a Feminist who must Confront a Feminist in A Baloon',2000,3,NULL,6,2.99,112,13.99,'PG-13','Trailers,Commentaries,Deleted Scenes,Behind the Scenes','2025-07-16 09:00:00'),(836,'SQUAD FISH','A Fast-Paced Display of a Pastry Chef And a Dog who must Kill a Teacher in Berlin',2000,3,NULL,3,2.99,136,14.99,'PG','Commentaries,Deleted Scenes,Behind the Scenes','2025-07-16 09:00:00'),(837,'STAGE WORLD','A Lacklusture Panorama of a Woman And a Frisbee who must Chase a Crocodile in A Jet Boat',2000,3,NULL,4,2.99,85,19.99,'PG','Commentaries,Behind the Scenes','2025-07-16 09:00:00'),(838,'STAGECOACH ARMAGEDDON','A Touching Display of a Pioneer And a Butler who must Chase a Car in California',2000,3,NULL,5,4.99,112,25.99,'R','Trailers,Deleted Scenes','2025-07-16 09:00:00'),(839,'STALLION SUNDANCE','A Fast-Paced Tale of a Car And a Dog who must Outgun a A Shark in Australia',2000,3,NULL,5,0.99,130,23.99,'PG-13','Deleted Scenes,Behind the Scenes','2025-07-16 09:00:00'),(840,'STAMPEDE DISTURBING','A Unbelieveable Tale of a Woman And a Lumberjack who must Fight a Frisbee in A U-Boat',2000,3,NULL,5,0.99,75,26.99,'R','Commentaries,Deleted Scenes,Behind the Scenes','2025-07-16 09:00:00'),(841,'STAR OPERATION','A Insightful Character Study of a Girl And a Car who must Pursue a Mad Cow in A Shark Tank',2000,3,NULL,5,2.99,181,9.99,'PG','Commentaries','2025-07-16 09:00:00'),(842,'STATE WASTELAND','A Beautiful Display of a Cat And a Pastry Chef who must Outrace a Mad Cow in A Jet Boat',2000,3,NULL,4,2.99,113,13.99,'NC-17','Trailers,Commentaries,Deleted Scenes,Behind the Scenes','2025-07-16 09:00:00'),(843,'STEEL SANTA','A Fast-Paced Yarn of a Composer And a Frisbee who must Face a Moose in Nigeria',2000,3,NULL,4,4.99,143,15.99,'NC-17','Commentaries,Deleted Scenes','2025-07-16 09:00:00'),(844,'STEERS ARMAGEDDON','A Stunning Character Study of a Car And a Girl who must Succumb a Car in A MySQL Convention',2000,3,NULL,6,4.99,140,16.99,'PG','Trailers,Commentaries,Deleted Scenes,Behind the Scenes','2025-07-16 09:00:00'),(845,'STEPMOM DREAM','A Touching Epistle of a Crocodile And a Teacher who must Build a Forensic Psychologist in A MySQL Convention',2000,3,NULL,7,4.99,48,9.99,'NC-17','Deleted Scenes,Behind the Scenes','2025-07-16 09:00:00'),(846,'STING PERSONAL','A Fanciful Drama of a Frisbee And a Dog who must Fight a Madman in A Jet Boat',2000,3,NULL,3,4.99,93,9.99,'NC-17','Commentaries,Deleted Scenes,Behind the Scenes','2025-07-16 09:00:00'),(847,'STOCK GLASS','A Boring Epistle of a Crocodile And a Lumberjack who must Outgun a Moose in Ancient China',2000,3,NULL,7,2.99,160,10.99,'PG','Commentaries','2025-07-16 09:00:00'),(848,'STONE FIRE','A Intrepid Drama of a Astronaut And a Crocodile who must Find a Boat in Soviet Georgia',2000,2,NULL,3,0.99,94,19.99,'G','Trailers','2025-07-16 09:00:00'),(849,'STORM HAPPINESS','A Insightful Drama of a Feminist And a A Shark who must Vanquish a Boat in A Shark Tank',2000,2,NULL,6,0.99,57,28.99,'NC-17','Trailers,Commentaries,Behind the Scenes','2025-07-16 09:00:00'),(850,'STORY SIDE','A Lacklusture Saga of a Boy And a Cat who must Sink a Dentist in An Abandoned Mine Shaft',2000,2,NULL,7,0.99,163,27.99,'R','Trailers,Behind the Scenes','2025-07-16 09:00:00'),(851,'STRAIGHT HOURS','A Boring Panorama of a Secret Agent And a Girl who must Sink a Waitress in The Outback',2000,2,NULL,3,0.99,151,19.99,'R','Commentaries,Behind the Scenes','2025-07-16 09:00:00'),(852,'STRANGELOVE DESIRE','A Awe-Inspiring Panorama of a Lumberjack And a Waitress who must Defeat a Crocodile in An Abandoned Amusement Park',2000,2,NULL,4,0.99,103,27.99,'NC-17','Trailers,Commentaries,Deleted Scenes','2025-07-16 09:00:00'),(853,'STRANGER STRANGERS','A Awe-Inspiring Yarn of a Womanizer And a Explorer who must Fight a Woman in The First Manned Space Station',2000,2,NULL,3,4.99,139,12.99,'G','Commentaries,Deleted Scenes','2025-07-16 09:00:00'),(854,'STRANGERS GRAFFITI','A Brilliant Character Study of a Secret Agent And a Man who must Find a Cat in The Gulf of Mexico',2000,2,NULL,4,4.99,119,22.99,'R','Trailers,Behind the Scenes','2025-07-16 09:00:00'),(855,'STREAK RIDGEMONT','A Astounding Character Study of a Hunter And a Waitress who must Sink a Man in New Orleans',1996,2,NULL,7,0.99,132,28.99,'PG-13','Trailers,Behind the Scenes','2025-07-16 09:00:00'),(856,'STREETCAR INTENTIONS','A Insightful Character Study of a Waitress And a Crocodile who must Sink a Waitress in The Gulf of Mexico',1996,2,NULL,5,4.99,73,11.99,'R','Commentaries','2025-07-16 09:00:00'),(857,'STRICTLY SCARFACE','A Touching Reflection of a Crocodile And a Dog who must Chase a Hunter in An Abandoned Fun House',1996,2,NULL,3,2.99,144,24.99,'PG-13','Commentaries,Deleted Scenes,Behind the Scenes','2025-07-16 09:00:00'),(858,'SUBMARINE BED','A Amazing Display of a Car And a Monkey who must Fight a Teacher in Soviet Georgia',1996,2,NULL,5,4.99,127,21.99,'R','Trailers','2025-07-16 09:00:00'),(859,'SUGAR WONKA','A Touching Story of a Dentist And a Database Administrator who must Conquer a Astronaut in An Abandoned Amusement Park',1996,2,NULL,3,4.99,114,20.99,'PG','Trailers,Commentaries,Behind the Scenes','2025-07-16 09:00:00'),(860,'SUICIDES SILENCE','A Emotional Character Study of a Car And a Girl who must Face a Composer in A U-Boat',1996,2,NULL,4,4.99,93,13.99,'G','Deleted Scenes','2025-07-16 09:00:00'),(861,'SUIT WALLS','A Touching Panorama of a Lumberjack And a Frisbee who must Build a Dog in Australia',1996,2,NULL,3,4.99,111,12.99,'R','Commentaries','2025-07-16 09:00:00'),(862,'SUMMER SCARFACE','A Emotional Panorama of a Lumberjack And a Hunter who must Meet a Girl in A Shark Tank',1996,2,NULL,5,0.99,53,25.99,'G','Deleted Scenes,Behind the Scenes','2025-07-16 09:00:00'),(863,'SUN CONFESSIONS','A Beautiful Display of a Mad Cow And a Dog who must Redeem a Waitress in An Abandoned Amusement Park',1996,2,NULL,5,0.99,141,9.99,'R','Trailers,Behind the Scenes','2025-07-16 09:00:00'),(864,'SUNDANCE INVASION','A Epic Drama of a Lumberjack And a Explorer who must Confront a Hunter in A Baloon Factory',1996,2,NULL,5,0.99,92,21.99,'NC-17','Commentaries,Behind the Scenes','2025-07-16 09:00:00'),(865,'SUNRISE LEAGUE','A Beautiful Epistle of a Madman And a Butler who must Face a Crocodile in A Manhattan Penthouse',1996,2,NULL,3,4.99,135,19.99,'PG-13','Behind the Scenes','2025-07-16 09:00:00'),(866,'SUNSET RACER','A Awe-Inspiring Reflection of a Astronaut And a A Shark who must Defeat a Forensic Psychologist in California',1996,2,NULL,6,0.99,48,28.99,'NC-17','Commentaries,Behind the Scenes','2025-07-16 09:00:00'),(867,'SUPER WYOMING','A Action-Packed Saga of a Pastry Chef And a Explorer who must Discover a A Shark in The Outback',1996,2,NULL,5,4.99,58,10.99,'PG','Trailers,Commentaries,Behind the Scenes','2025-07-16 09:00:00'),(868,'SUPERFLY TRIP','A Beautiful Saga of a Lumberjack And a Teacher who must Build a Technical Writer in An Abandoned Fun House',1996,2,NULL,5,0.99,114,27.99,'PG','Commentaries,Behind the Scenes','2025-07-16 09:00:00'),(869,'SUSPECTS QUILLS','A Emotional Epistle of a Pioneer And a Crocodile who must Battle a Man in A Manhattan Penthouse',1996,2,NULL,4,2.99,47,22.99,'PG','Trailers','2025-07-16 09:00:00'),(870,'SWARM GOLD','A Insightful Panorama of a Crocodile And a Boat who must Conquer a Sumo Wrestler in A MySQL Convention',1996,2,NULL,4,0.99,123,12.99,'PG-13','Trailers,Commentaries','2025-07-16 09:00:00'),(871,'SWEDEN SHINING','A Taut Documentary of a Car And a Robot who must Conquer a Boy in The Canadian Rockies',1996,2,NULL,6,4.99,176,19.99,'PG','Deleted Scenes,Behind the Scenes','2025-07-16 09:00:00'),(872,'SWEET BROTHERHOOD','A Unbelieveable Epistle of a Sumo Wrestler And a Hunter who must Chase a Forensic Psychologist in A Baloon',1996,2,NULL,3,2.99,185,27.99,'R','Deleted Scenes','2025-07-16 09:00:00'),(873,'SWEETHEARTS SUSPECTS','A Brilliant Character Study of a Frisbee And a Sumo Wrestler who must Confront a Woman in The Gulf of Mexico',1996,2,NULL,3,0.99,108,13.99,'G','Trailers,Commentaries,Deleted Scenes,Behind the Scenes','2025-07-16 09:00:00'),(874,'TADPOLE PARK','A Beautiful Tale of a Frisbee And a Moose who must Vanquish a Dog in An Abandoned Amusement Park',1996,2,NULL,6,2.99,155,13.99,'PG','Trailers,Commentaries','2025-07-16 09:00:00'),(875,'TALENTED HOMICIDE','A Lacklusture Panorama of a Dentist And a Forensic Psychologist who must Outrace a Pioneer in A U-Boat',1996,2,NULL,6,0.99,173,9.99,'PG','Commentaries,Deleted Scenes,Behind the Scenes','2025-07-16 09:00:00'),(876,'TARZAN VIDEOTAPE','A Fast-Paced Display of a Lumberjack And a Mad Scientist who must Succumb a Sumo Wrestler in The Sahara Desert',1996,2,NULL,3,2.99,91,11.99,'PG-13','Trailers','2025-07-16 09:00:00'),(877,'TAXI KICK','A Amazing Epistle of a Girl And a Woman who must Outrace a Waitress in Soviet Georgia',1996,2,NULL,4,0.99,64,23.99,'PG-13','Commentaries,Deleted Scenes','2025-07-16 09:00:00'),(878,'TEEN APOLLO','A Awe-Inspiring Drama of a Dog And a Man who must Escape a Robot in A Shark Tank',1996,2,NULL,3,4.99,74,25.99,'G','Trailers,Deleted Scenes,Behind the Scenes','2025-07-16 09:00:00'),(879,'TELEGRAPH VOYAGE','A Fateful Yarn of a Husband And a Dog who must Battle a Waitress in A Jet Boat',1998,2,NULL,3,4.99,148,20.99,'PG','Commentaries','2025-07-16 09:00:00'),(880,'TELEMARK HEARTBREAKERS','A Action-Packed Panorama of a Technical Writer And a Man who must Build a Forensic Psychologist in A Manhattan Penthouse',1998,2,NULL,6,2.99,152,9.99,'PG-13','Trailers,Commentaries,Deleted Scenes,Behind the Scenes','2025-07-16 09:00:00'),(881,'TEMPLE ATTRACTION','A Action-Packed Saga of a Forensic Psychologist And a Woman who must Battle a Womanizer in Soviet Georgia',1998,2,NULL,5,4.99,71,13.99,'PG','Commentaries,Deleted Scenes','2025-07-16 09:00:00'),(882,'TENENBAUMS COMMAND','A Taut Display of a Pioneer And a Man who must Reach a Girl in The Gulf of Mexico',1998,2,NULL,4,0.99,99,24.99,'PG-13','Trailers,Commentaries','2025-07-16 09:00:00'),(883,'TEQUILA PAST','A Action-Packed Panorama of a Mad Scientist And a Robot who must Challenge a Student in Nigeria',1998,2,NULL,6,4.99,53,17.99,'PG','Commentaries,Behind the Scenes','2025-07-16 09:00:00'),(884,'TERMINATOR CLUB','A Touching Story of a Crocodile And a Girl who must Sink a Man in The Gulf of Mexico',1998,2,NULL,5,4.99,88,11.99,'R','Trailers,Deleted Scenes,Behind the Scenes','2025-07-16 09:00:00'),(885,'TEXAS WATCH','A Awe-Inspiring Yarn of a Student And a Teacher who must Fight a Teacher in An Abandoned Amusement Park',1998,2,NULL,7,0.99,179,22.99,'NC-17','Trailers','2025-07-16 09:00:00'),(886,'THEORY MERMAID','A Fateful Yarn of a Composer And a Monkey who must Vanquish a Womanizer in The First Manned Space Station',1998,2,NULL,5,0.99,184,9.99,'PG-13','Deleted Scenes,Behind the Scenes','2025-07-16 09:00:00'),(887,'THIEF PELICAN','A Touching Documentary of a Madman And a Mad Scientist who must Outrace a Feminist in An Abandoned Mine Shaft',1998,2,NULL,5,4.99,135,28.99,'PG-13','Deleted Scenes,Behind the Scenes','2025-07-16 09:00:00'),(888,'THIN SAGEBRUSH','A Emotional Drama of a Husband And a Lumberjack who must Build a Cat in Ancient India',1998,2,NULL,5,4.99,53,9.99,'PG-13','Behind the Scenes','2025-07-16 09:00:00'),(889,'TIES HUNGER','A Insightful Saga of a Astronaut And a Explorer who must Pursue a Mad Scientist in A U-Boat',1998,2,NULL,3,4.99,111,28.99,'R','Deleted Scenes','2025-07-16 09:00:00'),(890,'TIGHTS DAWN','A Thrilling Epistle of a Boat And a Secret Agent who must Face a Boy in A Baloon',1998,2,NULL,5,0.99,172,14.99,'R','Trailers,Behind the Scenes','2025-07-16 09:00:00'),(891,'TIMBERLAND SKY','A Boring Display of a Man And a Dog who must Redeem a Girl in A U-Boat',1998,2,NULL,3,0.99,69,13.99,'G','Commentaries','2025-07-16 09:00:00'),(892,'TITANIC BOONDOCK','A Brilliant Reflection of a Feminist And a Dog who must Fight a Boy in A Baloon Factory',1998,2,NULL,3,4.99,104,18.99,'R','Trailers,Commentaries,Deleted Scenes,Behind the Scenes','2025-07-16 09:00:00'),(893,'TITANS JERK','A Unbelieveable Panorama of a Feminist And a Sumo Wrestler who must Challenge a Technical Writer in Ancient China',1998,2,NULL,4,4.99,91,11.99,'PG','Behind the Scenes','2025-07-16 09:00:00'),(894,'TOMATOES HELLFIGHTERS','A Thoughtful Epistle of a Madman And a Astronaut who must Overcome a Monkey in A Shark Tank',1998,2,NULL,6,0.99,68,23.99,'PG','Behind the Scenes','2025-07-16 09:00:00'),(895,'TOMORROW HUSTLER','A Thoughtful Story of a Moose And a Husband who must Face a Secret Agent in The Sahara Desert',1998,2,NULL,3,2.99,142,21.99,'R','Commentaries','2025-07-16 09:00:00'),(896,'TOOTSIE PILOT','A Awe-Inspiring Documentary of a Womanizer And a Pastry Chef who must Kill a Lumberjack in Berlin',1998,2,NULL,3,0.99,157,10.99,'PG','Commentaries,Deleted Scenes,Behind the Scenes','2025-07-16 09:00:00'),(897,'TORQUE BOUND','A Emotional Display of a Crocodile And a Husband who must Reach a Man in Ancient Japan',1998,2,NULL,3,4.99,179,27.99,'G','Trailers,Commentaries','2025-07-16 09:00:00'),(898,'TOURIST PELICAN','A Boring Story of a Butler And a Astronaut who must Outrace a Pioneer in Australia',1998,2,NULL,4,4.99,152,18.99,'PG-13','Deleted Scenes','2025-07-16 09:00:00'),(899,'TOWERS HURRICANE','A Fateful Display of a Monkey And a Car who must Sink a Husband in A MySQL Convention',1998,2,NULL,7,0.99,144,14.99,'NC-17','Commentaries,Behind the Scenes','2025-07-16 09:00:00'),(900,'TOWN ARK','A Awe-Inspiring Documentary of a Moose And a Madman who must Meet a Dog in An Abandoned Mine Shaft',1998,2,NULL,6,2.99,136,17.99,'R','Behind the Scenes','2025-07-16 09:00:00'),(901,'TRACY CIDER','A Touching Reflection of a Database Administrator And a Madman who must Build a Lumberjack in Nigeria',1998,2,NULL,3,0.99,142,29.99,'G','Trailers,Commentaries,Behind the Scenes','2025-07-16 09:00:00'),(902,'TRADING PINOCCHIO','A Emotional Character Study of a Student And a Explorer who must Discover a Frisbee in The First Manned Space Station',1998,2,NULL,6,4.99,170,22.99,'PG','Trailers,Deleted Scenes,Behind the Scenes','2025-07-16 09:00:00'),(903,'TRAFFIC HOBBIT','A Amazing Epistle of a Squirrel And a Lumberjack who must Succumb a Database Administrator in A U-Boat',1998,2,NULL,5,4.99,139,13.99,'G','Trailers,Commentaries','2025-07-16 09:00:00'),(904,'TRAIN BUNCH','A Thrilling Character Study of a Robot And a Squirrel who must Face a Dog in Ancient India',1998,2,NULL,3,4.99,71,26.99,'R','Trailers,Deleted Scenes','2025-07-16 09:00:00'),(905,'TRAINSPOTTING STRANGERS','A Fast-Paced Drama of a Pioneer And a Mad Cow who must Challenge a Madman in Ancient Japan',1998,2,NULL,7,4.99,132,10.99,'PG-13','Trailers','2025-07-16 09:00:00'),(906,'TRAMP OTHERS','A Brilliant Display of a Composer And a Cat who must Succumb a A Shark in Ancient India',1998,2,NULL,4,0.99,171,27.99,'PG','Deleted Scenes','2025-07-16 09:00:00'),(907,'TRANSLATION SUMMER','A Touching Reflection of a Man And a Monkey who must Pursue a Womanizer in A MySQL Convention',1998,2,NULL,4,0.99,168,10.99,'PG-13','Trailers','2025-07-16 09:00:00'),(908,'TRAP GUYS','A Unbelieveable Story of a Boy And a Mad Cow who must Challenge a Database Administrator in The Sahara Desert',1998,2,NULL,3,4.99,110,11.99,'G','Commentaries,Behind the Scenes','2025-07-16 09:00:00'),(909,'TREASURE COMMAND','A Emotional Saga of a Car And a Madman who must Discover a Pioneer in California',1998,2,NULL,3,0.99,102,28.99,'PG-13','Trailers,Commentaries,Deleted Scenes,Behind the Scenes','2025-07-16 09:00:00'),(910,'TREATMENT JEKYLL','A Boring Story of a Teacher And a Student who must Outgun a Cat in An Abandoned Mine Shaft',1998,2,NULL,3,0.99,87,19.99,'PG','Trailers,Deleted Scenes,Behind the Scenes','2025-07-16 09:00:00'),(911,'TRIP NEWTON','A Fanciful Character Study of a Lumberjack And a Car who must Discover a Cat in An Abandoned Amusement Park',1998,2,NULL,7,4.99,64,14.99,'PG-13','Commentaries,Deleted Scenes','2025-07-16 09:00:00'),(912,'TROJAN TOMORROW','A Astounding Panorama of a Husband And a Sumo Wrestler who must Pursue a Boat in Ancient India',1998,2,NULL,3,2.99,52,9.99,'PG','Commentaries,Deleted Scenes','2025-07-16 09:00:00'),(913,'TROOPERS METAL','A Fanciful Drama of a Monkey And a Feminist who must Sink a Man in Berlin',1998,2,NULL,3,0.99,115,20.99,'R','Deleted Scenes,Behind the Scenes','2025-07-16 09:00:00'),(914,'TROUBLE DATE','A Lacklusture Panorama of a Forensic Psychologist And a Woman who must Kill a Explorer in Ancient Japan',1998,2,NULL,6,2.99,61,13.99,'PG','Trailers,Commentaries,Behind the Scenes','2025-07-16 09:00:00'),(915,'TRUMAN CRAZY','A Thrilling Epistle of a Moose And a Boy who must Meet a Database Administrator in A Monastery',1998,2,NULL,7,4.99,92,9.99,'G','Trailers,Commentaries','2025-07-16 09:00:00'),(916,'TURN STAR','A Stunning Tale of a Man And a Monkey who must Chase a Student in New Orleans',1998,2,NULL,3,2.99,80,10.99,'G','Commentaries,Behind the Scenes','2025-07-16 09:00:00'),(917,'TUXEDO MILE','A Boring Drama of a Man And a Forensic Psychologist who must Face a Frisbee in Ancient India',1998,2,NULL,3,2.99,152,24.99,'R','Commentaries,Deleted Scenes,Behind the Scenes','2025-07-16 09:00:00'),(918,'TWISTED PIRATES','A Touching Display of a Frisbee And a Boat who must Kill a Girl in A MySQL Convention',1998,2,NULL,4,4.99,152,23.99,'PG','Trailers,Commentaries,Deleted Scenes','2025-07-16 09:00:00'),(919,'TYCOON GATHERING','A Emotional Display of a Husband And a A Shark who must Succumb a Madman in A Manhattan Penthouse',1987,2,NULL,3,4.99,82,17.99,'G','Trailers,Commentaries,Deleted Scenes','2025-07-16 09:00:00'),(920,'UNBREAKABLE KARATE','A Amazing Character Study of a Robot And a Student who must Chase a Robot in Australia',1987,2,NULL,3,0.99,62,16.99,'G','Deleted Scenes,Behind the Scenes','2025-07-16 09:00:00'),(921,'UNCUT SUICIDES','A Intrepid Yarn of a Explorer And a Pastry Chef who must Pursue a Mad Cow in A U-Boat',1987,2,NULL,7,2.99,172,29.99,'PG-13','Trailers,Commentaries,Behind the Scenes','2025-07-16 09:00:00'),(922,'UNDEFEATED DALMATIONS','A Unbelieveable Display of a Crocodile And a Feminist who must Overcome a Moose in An Abandoned Amusement Park',1987,2,NULL,7,4.99,107,22.99,'PG-13','Commentaries','2025-07-16 09:00:00'),(923,'UNFAITHFUL KILL','A Taut Documentary of a Waitress And a Mad Scientist who must Battle a Technical Writer in New Orleans',1987,2,NULL,7,2.99,78,12.99,'R','Commentaries,Deleted Scenes','2025-07-16 09:00:00'),(924,'UNFORGIVEN ZOOLANDER','A Taut Epistle of a Monkey And a Sumo Wrestler who must Vanquish a A Shark in A Baloon Factory',1987,2,NULL,7,0.99,129,15.99,'PG','Trailers,Commentaries,Behind the Scenes','2025-07-16 09:00:00'),(925,'UNITED PILOT','A Fast-Paced Reflection of a Cat And a Mad Cow who must Fight a Car in The Sahara Desert',1987,2,NULL,3,0.99,164,27.99,'R','Trailers,Deleted Scenes','2025-07-16 09:00:00'),(926,'UNTOUCHABLES SUNRISE','A Amazing Documentary of a Woman And a Astronaut who must Outrace a Teacher in An Abandoned Fun House',1987,2,NULL,5,2.99,120,11.99,'NC-17','Trailers,Deleted Scenes','2025-07-16 09:00:00'),(927,'UPRISING UPTOWN','A Fanciful Reflection of a Boy And a Butler who must Pursue a Woman in Berlin',1987,2,NULL,6,2.99,174,16.99,'NC-17','Trailers,Behind the Scenes','2025-07-16 09:00:00'),(928,'UPTOWN YOUNG','A Fateful Documentary of a Dog And a Hunter who must Pursue a Teacher in An Abandoned Amusement Park',1987,2,NULL,5,2.99,84,16.99,'PG','Commentaries','2025-07-16 09:00:00'),(929,'USUAL UNTOUCHABLES','A Touching Display of a Explorer And a Lumberjack who must Fight a Forensic Psychologist in A Shark Tank',1987,2,NULL,5,4.99,128,21.99,'PG-13','Trailers,Commentaries,Behind the Scenes','2025-07-16 09:00:00'),(930,'VACATION BOONDOCK','A Fanciful Character Study of a Secret Agent And a Mad Scientist who must Reach a Teacher in Australia',1987,2,NULL,4,2.99,145,23.99,'R','Commentaries','2025-07-16 09:00:00'),(931,'VALENTINE VANISHING','A Thrilling Display of a Husband And a Butler who must Reach a Pastry Chef in California',1987,2,NULL,7,0.99,48,9.99,'PG-13','Trailers,Behind the Scenes','2025-07-16 09:00:00'),(932,'VALLEY PACKER','A Astounding Documentary of a Astronaut And a Boy who must Outrace a Sumo Wrestler in Berlin',1987,2,NULL,3,0.99,73,21.99,'G','Commentaries,Deleted Scenes','2025-07-16 09:00:00'),(933,'VAMPIRE WHALE','A Epic Story of a Lumberjack And a Monkey who must Confront a Pioneer in A MySQL Convention',1987,2,NULL,4,4.99,126,11.99,'NC-17','Trailers,Commentaries','2025-07-16 09:00:00'),(934,'VANILLA DAY','A Fast-Paced Saga of a Girl And a Forensic Psychologist who must Redeem a Girl in Nigeria',1987,2,NULL,7,4.99,122,20.99,'NC-17','Deleted Scenes,Behind the Scenes','2025-07-16 09:00:00'),(935,'VANISHED GARDEN','A Intrepid Character Study of a Squirrel And a A Shark who must Kill a Lumberjack in California',1987,2,NULL,5,0.99,142,17.99,'R','Trailers,Commentaries,Deleted Scenes','2025-07-16 09:00:00'),(936,'VANISHING ROCKY','A Brilliant Reflection of a Man And a Woman who must Conquer a Pioneer in A MySQL Convention',1987,2,NULL,3,2.99,123,21.99,'NC-17','Trailers,Commentaries,Behind the Scenes','2025-07-16 09:00:00'),(937,'VARSITY TRIP','A Action-Packed Character Study of a Astronaut And a Explorer who must Reach a Monkey in A MySQL Convention',1987,2,NULL,7,2.99,85,14.99,'NC-17','Commentaries,Deleted Scenes','2025-07-16 09:00:00'),(938,'VELVET TERMINATOR','A Lacklusture Tale of a Pastry Chef And a Technical Writer who must Confront a Crocodile in An Abandoned Amusement Park',1987,2,NULL,3,4.99,173,14.99,'R','Behind the Scenes','2025-07-16 09:00:00'),(939,'VERTIGO NORTHWEST','A Unbelieveable Display of a Mad Scientist And a Mad Scientist who must Outgun a Mad Cow in Ancient Japan',1987,2,NULL,4,2.99,90,17.99,'R','Commentaries,Behind the Scenes','2025-07-16 09:00:00'),(940,'VICTORY ACADEMY','A Insightful Epistle of a Mad Scientist And a Explorer who must Challenge a Cat in The Sahara Desert',1987,2,NULL,6,0.99,64,19.99,'PG-13','Trailers,Behind the Scenes','2025-07-16 09:00:00'),(941,'VIDEOTAPE ARSENIC','A Lacklusture Display of a Girl And a Astronaut who must Succumb a Student in Australia',1987,2,NULL,4,4.99,145,10.99,'NC-17','Commentaries,Deleted Scenes,Behind the Scenes','2025-07-16 09:00:00'),(942,'VIETNAM SMOOCHY','A Lacklusture Display of a Butler And a Man who must Sink a Explorer in Soviet Georgia',1987,2,NULL,7,0.99,174,27.99,'PG-13','Deleted Scenes,Behind the Scenes','2025-07-16 09:00:00'),(943,'VILLAIN DESPERATE','A Boring Yarn of a Pioneer And a Feminist who must Redeem a Cat in An Abandoned Amusement Park',1987,2,NULL,4,4.99,76,27.99,'PG-13','Trailers,Commentaries','2025-07-16 09:00:00'),(944,'VIRGIN DAISY','A Awe-Inspiring Documentary of a Robot And a Mad Scientist who must Reach a Database Administrator in A Shark Tank',1987,2,NULL,6,4.99,179,29.99,'PG-13','Trailers,Behind the Scenes','2025-07-16 09:00:00'),(945,'VIRGINIAN PLUTO','A Emotional Panorama of a Dentist And a Crocodile who must Meet a Boy in Berlin',1987,2,NULL,5,0.99,164,22.99,'R','Deleted Scenes','2025-07-16 09:00:00'),(946,'VIRTUAL SPOILERS','A Fateful Tale of a Database Administrator And a Squirrel who must Discover a Student in Soviet Georgia',1987,2,NULL,3,4.99,144,14.99,'NC-17','Commentaries,Deleted Scenes','2025-07-16 09:00:00'),(947,'VISION TORQUE','A Thoughtful Documentary of a Dog And a Man who must Sink a Man in A Shark Tank',1987,2,NULL,5,0.99,59,16.99,'PG-13','Commentaries,Deleted Scenes','2025-07-16 09:00:00'),(948,'VOICE PEACH','A Amazing Panorama of a Pioneer And a Student who must Overcome a Mad Scientist in A Manhattan Penthouse',1987,2,NULL,6,0.99,139,22.99,'PG-13','Commentaries,Behind the Scenes','2025-07-16 09:00:00'),(949,'VOLCANO TEXAS','A Awe-Inspiring Yarn of a Hunter And a Feminist who must Challenge a Dentist in The Outback',1987,2,NULL,6,0.99,157,27.99,'NC-17','Trailers,Commentaries,Deleted Scenes,Behind the Scenes','2025-07-16 09:00:00'),(950,'VOLUME HOUSE','A Boring Tale of a Dog And a Woman who must Meet a Dentist in California',1987,2,NULL,7,4.99,132,12.99,'PG','Commentaries','2025-07-16 09:00:00'),(951,'VOYAGE LEGALLY','A Epic Tale of a Squirrel And a Hunter who must Conquer a Boy in An Abandoned Mine Shaft',1987,2,NULL,6,0.99,78,28.99,'PG-13','Commentaries,Behind the Scenes','2025-07-16 09:00:00'),(952,'WAGON JAWS','A Intrepid Drama of a Moose And a Boat who must Kill a Explorer in A Manhattan Penthouse',1987,2,NULL,7,2.99,152,17.99,'PG','Deleted Scenes,Behind the Scenes','2025-07-16 09:00:00'),(953,'WAIT CIDER','A Intrepid Epistle of a Woman And a Forensic Psychologist who must Succumb a Astronaut in A Manhattan Penthouse',1987,2,NULL,3,0.99,112,9.99,'PG-13','Trailers','2025-07-16 09:00:00'),(954,'WAKE JAWS','A Beautiful Saga of a Feminist And a Composer who must Challenge a Moose in Berlin',1987,2,NULL,7,4.99,73,18.99,'G','Trailers,Commentaries,Deleted Scenes,Behind the Scenes','2025-07-16 09:00:00'),(955,'WALLS ARTIST','A Insightful Panorama of a Teacher And a Teacher who must Overcome a Mad Cow in An Abandoned Fun House',1987,2,NULL,7,4.99,135,19.99,'PG','Trailers,Behind the Scenes','2025-07-16 09:00:00'),(956,'WANDA CHAMBER','A Insightful Drama of a A Shark And a Pioneer who must Find a Womanizer in The Outback',1987,2,NULL,7,4.99,107,23.99,'PG-13','Commentaries,Deleted Scenes,Behind the Scenes','2025-07-16 09:00:00'),(957,'WAR NOTTING','A Boring Drama of a Teacher And a Sumo Wrestler who must Challenge a Secret Agent in The Canadian Rockies',1987,2,NULL,7,4.99,80,26.99,'G','Deleted Scenes,Behind the Scenes','2025-07-16 09:00:00'),(958,'WARDROBE PHANTOM','A Action-Packed Display of a Mad Cow And a Astronaut who must Kill a Car in Ancient India',1996,2,NULL,6,2.99,178,19.99,'G','Trailers,Commentaries','2025-07-16 09:00:00'),(959,'WARLOCK WEREWOLF','A Astounding Yarn of a Pioneer And a Crocodile who must Defeat a A Shark in The Outback',1996,2,NULL,6,2.99,83,10.99,'G','Commentaries,Behind the Scenes','2025-07-16 09:00:00'),(960,'WARS PLUTO','A Taut Reflection of a Teacher And a Database Administrator who must Chase a Madman in The Sahara Desert',1996,2,NULL,5,2.99,128,15.99,'G','Commentaries,Behind the Scenes','2025-07-16 09:00:00'),(961,'WASH HEAVENLY','A Awe-Inspiring Reflection of a Cat And a Pioneer who must Escape a Hunter in Ancient China',1996,2,NULL,7,4.99,161,22.99,'R','Commentaries','2025-07-16 09:00:00'),(962,'WASTELAND DIVINE','A Fanciful Story of a Database Administrator And a Womanizer who must Fight a Database Administrator in Ancient China',1996,2,NULL,7,2.99,85,18.99,'PG','Trailers,Deleted Scenes,Behind the Scenes','2025-07-16 09:00:00'),(963,'WATCH TRACY','A Fast-Paced Yarn of a Dog And a Frisbee who must Conquer a Hunter in Nigeria',1996,2,NULL,5,0.99,78,12.99,'PG','Trailers,Deleted Scenes,Behind the Scenes','2025-07-16 09:00:00'),(964,'WATERFRONT DELIVERANCE','A Unbelieveable Documentary of a Dentist And a Technical Writer who must Build a Womanizer in Nigeria',1996,2,NULL,4,4.99,61,17.99,'G','Behind the Scenes','2025-07-16 09:00:00'),(965,'WATERSHIP FRONTIER','A Emotional Yarn of a Boat And a Crocodile who must Meet a Moose in Soviet Georgia',1996,2,NULL,6,0.99,112,28.99,'G','Commentaries','2025-07-16 09:00:00'),(966,'WEDDING APOLLO','A Action-Packed Tale of a Student And a Waitress who must Conquer a Lumberjack in An Abandoned Mine Shaft',1996,2,NULL,3,0.99,70,14.99,'PG','Trailers','2025-07-16 09:00:00'),(967,'WEEKEND PERSONAL','A Fast-Paced Documentary of a Car And a Butler who must Find a Frisbee in A Jet Boat',1996,2,NULL,5,2.99,134,26.99,'R','Trailers,Commentaries,Deleted Scenes,Behind the Scenes','2025-07-16 09:00:00'),(968,'WEREWOLF LOLA','A Fanciful Story of a Man And a Sumo Wrestler who must Outrace a Student in A Monastery',1996,2,NULL,6,4.99,79,19.99,'G','Trailers,Behind the Scenes','2025-07-16 09:00:00'),(969,'WEST LION','A Intrepid Drama of a Butler And a Lumberjack who must Challenge a Database Administrator in A Manhattan Penthouse',1996,2,NULL,4,4.99,159,29.99,'G','Trailers','2025-07-16 09:00:00'),(970,'WESTWARD SEABISCUIT','A Lacklusture Tale of a Butler And a Husband who must Face a Boy in Ancient China',1996,2,NULL,7,0.99,52,11.99,'NC-17','Commentaries,Deleted Scenes','2025-07-16 09:00:00'),(971,'WHALE BIKINI','A Intrepid Story of a Pastry Chef And a Database Administrator who must Kill a Feminist in A MySQL Convention',1996,2,NULL,4,4.99,109,11.99,'PG-13','Commentaries,Deleted Scenes,Behind the Scenes','2025-07-16 09:00:00'),(972,'WHISPERER GIANT','A Intrepid Story of a Dentist And a Hunter who must Confront a Monkey in Ancient Japan',1996,2,NULL,4,4.99,59,24.99,'PG-13','Trailers,Deleted Scenes','2025-07-16 09:00:00'),(973,'WIFE TURN','A Awe-Inspiring Epistle of a Teacher And a Feminist who must Confront a Pioneer in Ancient Japan',1996,2,NULL,3,4.99,183,27.99,'NC-17','Deleted Scenes,Behind the Scenes','2025-07-16 09:00:00'),(974,'WILD APOLLO','A Beautiful Story of a Monkey And a Sumo Wrestler who must Conquer a A Shark in A MySQL Convention',1996,2,NULL,4,0.99,181,24.99,'R','Trailers,Commentaries,Deleted Scenes,Behind the Scenes','2025-07-16 09:00:00'),(975,'WILLOW TRACY','A Brilliant Panorama of a Boat And a Astronaut who must Challenge a Teacher in A Manhattan Penthouse',1996,2,NULL,6,2.99,137,22.99,'R','Trailers,Commentaries,Behind the Scenes','2025-07-16 09:00:00'),(976,'WIND PHANTOM','A Touching Saga of a Madman And a Forensic Psychologist who must Build a Sumo Wrestler in An Abandoned Mine Shaft',1996,2,NULL,6,0.99,111,12.99,'R','Commentaries,Deleted Scenes','2025-07-16 09:00:00'),(977,'WINDOW SIDE','A Astounding Character Study of a Womanizer And a Hunter who must Escape a Robot in A Monastery',1996,2,NULL,3,2.99,85,25.99,'R','Deleted Scenes,Behind the Scenes','2025-07-16 09:00:00'),(978,'WISDOM WORKER','A Unbelieveable Saga of a Forensic Psychologist And a Student who must Face a Squirrel in The First Manned Space Station',1996,1,NULL,3,0.99,98,12.99,'R','Deleted Scenes,Behind the Scenes','2025-07-16 09:00:00'),(979,'WITCHES PANIC','A Awe-Inspiring Drama of a Secret Agent And a Hunter who must Fight a Moose in Nigeria',1996,1,NULL,6,4.99,100,10.99,'NC-17','Commentaries,Behind the Scenes','2025-07-16 09:00:00'),(980,'WIZARD COLDBLOODED','A Lacklusture Display of a Robot And a Girl who must Defeat a Sumo Wrestler in A MySQL Convention',1996,1,NULL,4,4.99,75,12.99,'PG','Commentaries,Deleted Scenes,Behind the Scenes','2025-07-16 09:00:00'),(981,'WOLVES DESIRE','A Fast-Paced Drama of a Squirrel And a Robot who must Succumb a Technical Writer in A Manhattan Penthouse',1996,1,NULL,7,0.99,55,13.99,'NC-17','Behind the Scenes','2025-07-16 09:00:00'),(982,'WOMEN DORADO','A Insightful Documentary of a Waitress And a Butler who must Vanquish a Composer in Australia',1996,1,NULL,4,0.99,126,23.99,'R','Deleted Scenes,Behind the Scenes','2025-07-16 09:00:00'),(983,'WON DARES','A Unbelieveable Documentary of a Teacher And a Monkey who must Defeat a Explorer in A U-Boat',1996,1,NULL,7,2.99,105,18.99,'PG','Behind the Scenes','2025-07-16 09:00:00'),(984,'WONDERFUL DROP','A Boring Panorama of a Woman And a Madman who must Overcome a Butler in A U-Boat',1996,1,NULL,3,2.99,126,20.99,'NC-17','Commentaries','2025-07-16 09:00:00'),(985,'WONDERLAND CHRISTMAS','A Awe-Inspiring Character Study of a Waitress And a Car who must Pursue a Mad Scientist in The First Manned Space Station',1996,1,NULL,4,4.99,111,19.99,'PG','Commentaries','2025-07-16 09:00:00'),(986,'WONKA SEA','A Brilliant Saga of a Boat And a Mad Scientist who must Meet a Moose in Ancient India',1996,1,NULL,6,2.99,85,24.99,'NC-17','Trailers,Commentaries','2025-07-16 09:00:00'),(987,'WORDS HUNTER','A Action-Packed Reflection of a Composer And a Mad Scientist who must Face a Pioneer in A MySQL Convention',1996,1,NULL,3,2.99,116,13.99,'PG','Trailers,Commentaries,Deleted Scenes','2025-07-16 09:00:00'),(988,'WORKER TARZAN','A Action-Packed Yarn of a Secret Agent And a Technical Writer who must Battle a Sumo Wrestler in The First Manned Space Station',1996,1,NULL,7,2.99,139,26.99,'R','Trailers,Commentaries,Behind the Scenes','2025-07-16 09:00:00'),(989,'WORKING MICROCOSMOS','A Stunning Epistle of a Dentist And a Dog who must Kill a Madman in Ancient China',1996,1,NULL,4,4.99,74,22.99,'R','Commentaries,Deleted Scenes','2025-07-16 09:00:00'),(990,'WORLD LEATHERNECKS','A Unbelieveable Tale of a Pioneer And a Astronaut who must Overcome a Robot in An Abandoned Amusement Park',1996,1,NULL,3,0.99,171,13.99,'PG-13','Trailers,Behind the Scenes','2025-07-16 09:00:00'),(991,'WORST BANGER','A Thrilling Drama of a Madman And a Dentist who must Conquer a Boy in The Outback',1996,1,NULL,4,2.99,185,26.99,'PG','Deleted Scenes,Behind the Scenes','2025-07-16 09:00:00'),(992,'WRATH MILE','A Intrepid Reflection of a Technical Writer And a Hunter who must Defeat a Sumo Wrestler in A Monastery',1996,1,NULL,5,0.99,176,17.99,'NC-17','Trailers,Commentaries','2025-07-16 09:00:00'),(993,'WRONG BEHAVIOR','A Emotional Saga of a Crocodile And a Sumo Wrestler who must Discover a Mad Cow in New Orleans',1996,1,NULL,6,2.99,178,10.99,'PG-13','Trailers,Behind the Scenes','2025-07-16 09:00:00'),(994,'WYOMING STORM','A Awe-Inspiring Panorama of a Robot And a Boat who must Overcome a Feminist in A U-Boat',2019,1,NULL,6,4.99,100,29.99,'PG-13','Deleted Scenes','2025-07-16 09:00:00'),(995,'YENTL IDAHO','A Amazing Display of a Robot And a Astronaut who must Fight a Womanizer in Berlin',2019,1,NULL,5,4.99,86,11.99,'R','Trailers,Commentaries,Deleted Scenes','2025-07-16 09:00:00'),(996,'YOUNG LANGUAGE','A Unbelieveable Yarn of a Boat And a Database Administrator who must Meet a Boy in The First Manned Space Station',2019,1,NULL,6,0.99,183,9.99,'G','Trailers,Behind the Scenes','2025-07-16 09:00:00'),(997,'YOUTH KICK','A Touching Drama of a Teacher And a Cat who must Challenge a Technical Writer in A U-Boat',2019,1,NULL,4,0.99,179,14.99,'NC-17','Trailers,Behind the Scenes','2025-07-16 09:00:00'),(998,'ZHIVAGO CORE','A Fateful Yarn of a Composer And a Man who must Face a Boy in The Canadian Rockies',2019,1,NULL,6,0.99,105,10.99,'NC-17','Deleted Scenes','2025-07-16 09:00:00'),(999,'ZOOLANDER FICTION','A Fateful Reflection of a Waitress And a Boat who must Discover a Sumo Wrestler in Ancient China',2019,1,NULL,5,2.99,101,28.99,'R','Trailers,Deleted Scenes','2025-07-16 09:00:00'),(1000,'ZORRO ARK','A Intrepid Panorama of a Mad Scientist And a Boy who must Redeem a Boy in A Monastery',2019,1,NULL,3,4.99,50,18.99,'NC-17','Trailers,Commentaries,Behind the Scenes','2025-07-16 09:00:00');
/*!40000 ALTER TABLE `film` ENABLE KEYS */;
UNLOCK TABLES;

--
-- Table structure for table `film_actor`
--

DROP TABLE IF EXISTS `film_actor`;
/*!40101 SET @saved_cs_client     = @@character_set_client */;
/*!50503 SET character_set_client = utf8mb4 */;
CREATE TABLE `film_actor` (
  `actor_id` smallint unsigned NOT NULL,
  `film_id` smallint unsigned NOT NULL,
  `last_update` timestamp NOT NULL DEFAULT CURRENT_TIMESTAMP ON UPDATE CURRENT_TIMESTAMP,
  PRIMARY KEY (`actor_id`,`film_id`),
  KEY `idx_fk_film_id` (`film_id`),
  CONSTRAINT `fk_film_actor_actor` FOREIGN KEY (`actor_id`) REFERENCES `actor` (`actor_id`) ON UPDATE CASCADE,
  CONSTRAINT `fk_film_actor_film` FOREIGN KEY (`film_id`) REFERENCES `film` (`film_id`) ON UPDATE CASCADE
) ENGINE=InnoDB DEFAULT CHARSET=utf8mb4 COLLATE=utf8mb4_0900_ai_ci;
/*!40101 SET character_set_client = @saved_cs_client */;

--
-- Dumping data for table `film_actor`
--

LOCK TABLES `film_actor` WRITE;
/*!40000 ALTER TABLE `film_actor` DISABLE KEYS */;
INSERT INTO `film_actor` VALUES (1,1,'2025-07-16 09:00:00'),(1,23,'2025-07-16 09:00:00'),(1,25,'2025-07-16 09:00:00'),(1,106,'2025-07-16 09:00:00'),(1,140,'2025-07-16 09:00:00'),(1,166,'2025-07-16 09:00:00'),(1,277,'2025-07-16 09:00:00'),(1,361,'2025-07-16 09:00:00'),(1,438,'2025-07-16 09:00:00'),(1,499,'2025-07-16 09:00:00'),(1,506,'2025-07-16 09:00:00'),(1,509,'2025-07-16 09:00:00'),(1,605,'2025-07-16 09:00:00'),(1,635,'2025-07-16 09:00:00'),(1,749,'2025-07-16 09:00:00'),(1,832,'2025-07-16 09:00:00'),(1,939,'2025-07-16 09:00:00'),(1,970,'2025-07-16 09:00:00'),(1,980,'2025-07-16 09:00:00'),(2,3,'2025-07-16 09:00:00'),(2,31,'2025-07-16 09:00:00'),(2,47,'2025-07-16 09:00:00'),(2,105,'2025-07-16 09:00:00'),(2,132,'2025-07-16 09:00:00'),(2,145,'2025-07-16 09:00:00'),(2,226,'2025-07-16 09:00:00'),(2,249,'2025-07-16 09:00:00'),(2,314,'2025-07-16 09:00:00'),(2,321,'2025-07-16 09:00:00'),(2,357,'2025-07-16 09:00:00'),(2,369,'2025-07-16 09:00:00'),(2,399,'2025-07-16 09:00:00'),(2,458,'2025-07-16 09:00:00'),(2,481,'2025-07-16 09:00:00'),(2,485,'2025-07-16 09:00:00'),(2,518,'2025-07-16 09:00:00'),(2,540,'2025-07-16 09:00:00'),(2,550,'2025-07-16 09:00:00'),(2,555,'2025-07-16 09:00:00'),(2,561,'2025-07-16 09:00:00'),(2,742,'2025-07-16 09:00:00'),(2,754,'2025-07-16 09:00:00'),(2,811,'2025-07-16 09:00:00'),(2,958,'2025-07-16 09:00:00'),(3,17,'2025-07-16 09:00:00'),(3,40,'2025-07-16 09:00:00'),(3,42,'2025-07-16 09:00:00'),(3,87,'2025-07-16 09:00:00'),(3,111,'2025-07-16 09:00:00'),(3,185,'2025-07-16 09:00:00'),(3,289,'2025-07-16 09:00:00'),(3,329,'2025-07-16 09:00:00'),(3,336,'2025-07-16 09:00:00'),(3,341,'2025-07-16 09:00:00'),(3,393,'2025-07-16 09:00:00'),(3,441,'2025-07-16 09:00:00'),(3,453,'2025-07-16 09:00:00'),(3,480,'2025-07-16 09:00:00'),(3,539,'2025-07-16 09:00:00'),(3,618,'2025-07-16 09:00:00'),(3,685,'2025-07-16 09:00:00'),(3,827,'2025-07-16 09:00:00'),(3,966,'2025-07-16 09:00:00'),(3,967,'2025-07-16 09:00:00'),(3,971,'2025-07-16 09:00:00'),(3,996,'2025-07-16 09:00:00'),(4,23,'2025-07-16 09:00:00'),(4,25,'2025-07-16 09:00:00'),(4,56,'2025-07-16 09:00:00'),(4,62,'2025-07-16 09:00:00'),(4,79,'2025-07-16 09:00:00'),(4,87,'2025-07-16 09:00:00'),(4,355,'2025-07-16 09:00:00'),(4,379,'2025-07-16 09:00:00'),(4,398,'2025-07-16 09:00:00'),(4,463,'2025-07-16 09:00:00'),(4,490,'2025-07-16 09:00:00'),(4,616,'2025-07-16 09:00:00'),(4,635,'2025-07-16 09:00:00'),(4,691,'2025-07-16 09:00:00'),(4,712,'2025-07-16 09:00:00'),(4,714,'2025-07-16 09:00:00'),(4,721,'2025-07-16 09:00:00'),(4,798,'2025-07-16 09:00:00'),(4,832,'2025-07-16 09:00:00'),(4,858,'2025-07-16 09:00:00'),(4,909,'2025-07-16 09:00:00'),(4,924,'2025-07-16 09:00:00'),(5,19,'2025-07-16 09:00:00'),(5,54,'2025-07-16 09:00:00'),(5,85,'2025-07-16 09:00:00'),(5,146,'2025-07-16 09:00:00'),(5,171,'2025-07-16 09:00:00'),(5,172,'2025-07-16 09:00:00'),(5,202,'2025-07-16 09:00:00'),(5,203,'2025-07-16 09:00:00'),(5,286,'2025-07-16 09:00:00'),(5,288,'2025-07-16 09:00:00'),(5,316,'2025-07-16 09:00:00'),(5,340,'2025-07-16 09:00:00'),(5,369,'2025-07-16 09:00:00'),(5,375,'2025-07-16 09:00:00'),(5,383,'2025-07-16 09:00:00'),(5,392,'2025-07-16 09:00:00'),(5,411,'2025-07-16 09:00:00'),(5,503,'2025-07-16 09:00:00'),(5,535,'2025-07-16 09:00:00'),(5,571,'2025-07-16 09:00:00'),(5,650,'2025-07-16 09:00:00'),(5,665,'2025-07-16 09:00:00'),(5,687,'2025-07-16 09:00:00'),(5,730,'2025-07-16 09:00:00'),(5,732,'2025-07-16 09:00:00'),(5,811,'2025-07-16 09:00:00'),(5,817,'2025-07-16 09:00:00'),(5,841,'2025-07-16 09:00:00'),(5,865,'2025-07-16 09:00:00'),(6,29,'2025-07-16 09:00:00'),(6,53,'2025-07-16 09:00:00'),(6,60,'2025-07-16 09:00:00'),(6,70,'2025-07-16 09:00:00'),(6,112,'2025-07-16 09:00:00'),(6,164,'2025-07-16 09:00:00'),(6,165,'2025-07-16 09:00:00'),(6,193,'2025-07-16 09:00:00'),(6,256,'2025-07-16 09:00:00'),(6,451,'2025-07-16 09:00:00'),(6,503,'2025-07-16 09:00:00'),(6,509,'2025-07-16 09:00:00'),(6,517,'2025-07-16 09:00:00'),(6,519,'2025-07-16 09:00:00'),(6,605,'2025-07-16 09:00:00'),(6,692,'2025-07-16 09:00:00'),(6,826,'2025-07-16 09:00:00'),(6,892,'2025-07-16 09:00:00'),(6,902,'2025-07-16 09:00:00'),(6,994,'2025-07-16 09:00:00'),(7,25,'2025-07-16 09:00:00'),(7,27,'2025-07-16 09:00:00'),(7,35,'2025-07-16 09:00:00'),(7,67,'2025-07-16 09:00:00'),(7,96,'2025-07-16 09:00:00'),(7,170,'2025-07-16 09:00:00'),(7,173,'2025-07-16 09:00:00'),(7,217,'2025-07-16 09:00:00'),(7,218,'2025-07-16 09:00:00'),(7,225,'2025-07-16 09:00:00'),(7,292,'2025-07-16 09:00:00'),(7,351,'2025-07-16 09:00:00'),(7,414,'2025-07-16 09:00:00'),(7,463,'2025-07-16 09:00:00'),(7,554,'2025-07-16 09:00:00'),(7,618,'2025-07-16 09:00:00'),(7,633,'2025-07-16 09:00:00'),(7,637,'2025-07-16 09:00:00'),(7,691,'2025-07-16 09:00:00'),(7,758,'2025-07-16 09:00:00'),(7,766,'2025-07-16 09:00:00'),(7,770,'2025-07-16 09:00:00'),(7,805,'2025-07-16 09:00:00'),(7,806,'2025-07-16 09:00:00'),(7,846,'2025-07-16 09:00:00'),(7,900,'2025-07-16 09:00:00'),(7,901,'2025-07-16 09:00:00'),(7,910,'2025-07-16 09:00:00'),(7,957,'2025-07-16 09:00:00'),(7,959,'2025-07-16 09:00:00'),(8,47,'2025-07-16 09:00:00'),(8,115,'2025-07-16 09:00:00'),(8,158,'2025-07-16 09:00:00'),(8,179,'2025-07-16 09:00:00'),(8,195,'2025-07-16 09:00:00'),(8,205,'2025-07-16 09:00:00'),(8,255,'2025-07-16 09:00:00'),(8,263,'2025-07-16 09:00:00'),(8,321,'2025-07-16 09:00:00'),(8,396,'2025-07-16 09:00:00'),(8,458,'2025-07-16 09:00:00'),(8,523,'2025-07-16 09:00:00'),(8,532,'2025-07-16 09:00:00'),(8,554,'2025-07-16 09:00:00'),(8,752,'2025-07-16 09:00:00'),(8,769,'2025-07-16 09:00:00'),(8,771,'2025-07-16 09:00:00'),(8,859,'2025-07-16 09:00:00'),(8,895,'2025-07-16 09:00:00'),(8,936,'2025-07-16 09:00:00'),(9,30,'2025-07-16 09:00:00'),(9,74,'2025-07-16 09:00:00'),(9,147,'2025-07-16 09:00:00'),(9,148,'2025-07-16 09:00:00'),(9,191,'2025-07-16 09:00:00'),(9,200,'2025-07-16 09:00:00'),(9,204,'2025-07-16 09:00:00'),(9,434,'2025-07-16 09:00:00'),(9,510,'2025-07-16 09:00:00'),(9,514,'2025-07-16 09:00:00'),(9,552,'2025-07-16 09:00:00'),(9,650,'2025-07-16 09:00:00'),(9,671,'2025-07-16 09:00:00'),(9,697,'2025-07-16 09:00:00'),(9,722,'2025-07-16 09:00:00'),(9,752,'2025-07-16 09:00:00'),(9,811,'2025-07-16 09:00:00'),(9,815,'2025-07-16 09:00:00'),(9,865,'2025-07-16 09:00:00'),(9,873,'2025-07-16 09:00:00'),(9,889,'2025-07-16 09:00:00'),(9,903,'2025-07-16 09:00:00'),(9,926,'2025-07-16 09:00:00'),(9,964,'2025-07-16 09:00:00'),(9,974,'2025-07-16 09:00:00'),(10,1,'2025-07-16 09:00:00'),(10,9,'2025-07-16 09:00:00'),(10,191,'2025-07-16 09:00:00'),(10,236,'2025-07-16 09:00:00'),(10,251,'2025-07-16 09:00:00'),(10,366,'2025-07-16 09:00:00'),(10,477,'2025-07-16 09:00:00'),(10,480,'2025-07-16 09:00:00'),(10,522,'2025-07-16 09:00:00'),(10,530,'2025-07-16 09:00:00'),(10,587,'2025-07-16 09:00:00'),(10,694,'2025-07-16 09:00:00'),(10,703,'2025-07-16 09:00:00'),(10,716,'2025-07-16 09:00:00'),(10,782,'2025-07-16 09:00:00'),(10,914,'2025-07-16 09:00:00'),(10,929,'2025-07-16 09:00:00'),(10,930,'2025-07-16 09:00:00'),(10,964,'2025-07-16 09:00:00'),(10,966,'2025-07-16 09:00:00'),(10,980,'2025-07-16 09:00:00'),(10,983,'2025-07-16 09:00:00'),(11,118,'2025-07-16 09:00:00'),(11,205,'2025-07-16 09:00:00'),(11,281,'2025-07-16 09:00:00'),(11,283,'2025-07-16 09:00:00'),(11,348,'2025-07-16 09:00:00'),(11,364,'2025-07-16 09:00:00'),(11,395,'2025-07-16 09:00:00'),(11,429,'2025-07-16 09:00:00'),(11,433,'2025-07-16 09:00:00'),(11,453,'2025-07-16 09:00:00'),(11,485,'2025-07-16 09:00:00'),(11,532,'2025-07-16 09:00:00'),(11,567,'2025-07-16 09:00:00'),(11,587,'2025-07-16 09:00:00'),(11,597,'2025-07-16 09:00:00'),(11,636,'2025-07-16 09:00:00'),(11,709,'2025-07-16 09:00:00'),(11,850,'2025-07-16 09:00:00'),(11,854,'2025-07-16 09:00:00'),(11,888,'2025-07-16 09:00:00'),(11,896,'2025-07-16 09:00:00'),(11,928,'2025-07-16 09:00:00'),(11,938,'2025-07-16 09:00:00'),(11,969,'2025-07-16 09:00:00'),(11,988,'2025-07-16 09:00:00'),(12,16,'2025-07-16 09:00:00'),(12,17,'2025-07-16 09:00:00'),(12,34,'2025-07-16 09:00:00'),(12,37,'2025-07-16 09:00:00'),(12,91,'2025-07-16 09:00:00'),(12,92,'2025-07-16 09:00:00'),(12,107,'2025-07-16 09:00:00'),(12,155,'2025-07-16 09:00:00'),(12,177,'2025-07-16 09:00:00'),(12,208,'2025-07-16 09:00:00'),(12,213,'2025-07-16 09:00:00'),(12,216,'2025-07-16 09:00:00'),(12,243,'2025-07-16 09:00:00'),(12,344,'2025-07-16 09:00:00'),(12,400,'2025-07-16 09:00:00'),(12,416,'2025-07-16 09:00:00'),(12,420,'2025-07-16 09:00:00'),(12,457,'2025-07-16 09:00:00'),(12,513,'2025-07-16 09:00:00'),(12,540,'2025-07-16 09:00:00'),(12,593,'2025-07-16 09:00:00'),(12,631,'2025-07-16 09:00:00'),(12,635,'2025-07-16 09:00:00'),(12,672,'2025-07-16 09:00:00'),(12,716,'2025-07-16 09:00:00'),(12,728,'2025-07-16 09:00:00'),(12,812,'2025-07-16 09:00:00'),(12,838,'2025-07-16 09:00:00'),(12,871,'2025-07-16 09:00:00'),(12,880,'2025-07-16 09:00:00'),(12,945,'2025-07-16 09:00:00'),(13,17,'2025-07-16 09:00:00'),(13,29,'2025-07-16 09:00:00'),(13,45,'2025-07-16 09:00:00'),(13,87,'2025-07-16 09:00:00'),(13,110,'2025-07-16 09:00:00'),(13,144,'2025-07-16 09:00:00'),(13,154,'2025-07-16 09:00:00'),(13,162,'2025-07-16 09:00:00'),(13,203,'2025-07-16 09:00:00'),(13,254,'2025-07-16 09:00:00'),(13,337,'2025-07-16 09:00:00'),(13,346,'2025-07-16 09:00:00'),(13,381,'2025-07-16 09:00:00'),(13,385,'2025-07-16 09:00:00'),(13,427,'2025-07-16 09:00:00'),(13,456,'2025-07-16 09:00:00'),(13,513,'2025-07-16 09:00:00'),(13,515,'2025-07-16 09:00:00'),(13,522,'2025-07-16 09:00:00'),(13,524,'2025-07-16 09:00:00'),(13,528,'2025-07-16 09:00:00'),(13,571,'2025-07-16 09:00:00'),(13,588,'2025-07-16 09:00:00'),(13,597,'2025-07-16 09:00:00'),(13,600,'2025-07-16 09:00:00'),(13,718,'2025-07-16 09:00:00'),(13,729,'2025-07-16 09:00:00'),(13,816,'2025-07-16 09:00:00'),(13,817,'2025-07-16 09:00:00'),(13,832,'2025-07-16 09:00:00'),(13,833,'2025-07-16 09:00:00'),(13,843,'2025-07-16 09:00:00'),(13,897,'2025-07-16 09:00:00'),(13,966,'2025-07-16 09:00:00'),(13,998,'2025-07-16 09:00:00'),(14,154,'2025-07-16 09:00:00'),(14,187,'2025-07-16 09:00:00'),(14,232,'2025-07-16 09:00:00'),(14,241,'2025-07-16 09:00:00'),(14,253,'2025-07-16 09:00:00'),(14,255,'2025-07-16 09:00:00'),(14,258,'2025-07-16 09:00:00'),(14,284,'2025-07-16 09:00:00'),(14,292,'2025-07-16 09:00:00'),(14,370,'2025-07-16 09:00:00'),(14,415,'2025-07-16 09:00:00'),(14,417,'2025-07-16 09:00:00'),(14,418,'2025-07-16 09:00:00'),(14,454,'2025-07-16 09:00:00'),(14,472,'2025-07-16 09:00:00'),(14,475,'2025-07-16 09:00:00'),(14,495,'2025-07-16 09:00:00'),(14,536,'2025-07-16 09:00:00'),(14,537,'2025-07-16 09:00:00'),(14,612,'2025-07-16 09:00:00'),(14,688,'2025-07-16 09:00:00'),(14,759,'2025-07-16 09:00:00'),(14,764,'2025-07-16 09:00:00'),(14,847,'2025-07-16 09:00:00'),(14,856,'2025-07-16 09:00:00'),(14,890,'2025-07-16 09:00:00'),(14,908,'2025-07-16 09:00:00'),(14,919,'2025-07-16 09:00:00'),(14,948,'2025-07-16 09:00:00'),(14,970,'2025-07-16 09:00:00'),(15,31,'2025-07-16 09:00:00'),(15,89,'2025-07-16 09:00:00'),(15,91,'2025-07-16 09:00:00'),(15,108,'2025-07-16 09:00:00'),(15,125,'2025-07-16 09:00:00'),(15,236,'2025-07-16 09:00:00'),(15,275,'2025-07-16 09:00:00'),(15,280,'2025-07-16 09:00:00'),(15,326,'2025-07-16 09:00:00'),(15,342,'2025-07-16 09:00:00'),(15,414,'2025-07-16 09:00:00'),(15,445,'2025-07-16 09:00:00'),(15,500,'2025-07-16 09:00:00'),(15,502,'2025-07-16 09:00:00'),(15,541,'2025-07-16 09:00:00'),(15,553,'2025-07-16 09:00:00'),(15,594,'2025-07-16 09:00:00'),(15,626,'2025-07-16 09:00:00'),(15,635,'2025-07-16 09:00:00'),(15,745,'2025-07-16 09:00:00'),(15,783,'2025-07-16 09:00:00'),(15,795,'2025-07-16 09:00:00'),(15,817,'2025-07-16 09:00:00'),(15,886,'2025-07-16 09:00:00'),(15,924,'2025-07-16 09:00:00'),(15,949,'2025-07-16 09:00:00'),(15,968,'2025-07-16 09:00:00'),(15,985,'2025-07-16 09:00:00'),(16,80,'2025-07-16 09:00:00'),(16,87,'2025-07-16 09:00:00'),(16,101,'2025-07-16 09:00:00'),(16,121,'2025-07-16 09:00:00'),(16,155,'2025-07-16 09:00:00'),(16,177,'2025-07-16 09:00:00'),(16,218,'2025-07-16 09:00:00'),(16,221,'2025-07-16 09:00:00'),(16,267,'2025-07-16 09:00:00'),(16,269,'2025-07-16 09:00:00'),(16,271,'2025-07-16 09:00:00'),(16,280,'2025-07-16 09:00:00'),(16,287,'2025-07-16 09:00:00'),(16,345,'2025-07-16 09:00:00'),(16,438,'2025-07-16 09:00:00'),(16,453,'2025-07-16 09:00:00'),(16,455,'2025-07-16 09:00:00'),(16,456,'2025-07-16 09:00:00'),(16,503,'2025-07-16 09:00:00'),(16,548,'2025-07-16 09:00:00'),(16,582,'2025-07-16 09:00:00'),(16,583,'2025-07-16 09:00:00'),(16,717,'2025-07-16 09:00:00'),(16,758,'2025-07-16 09:00:00'),(16,779,'2025-07-16 09:00:00'),(16,886,'2025-07-16 09:00:00'),(16,967,'2025-07-16 09:00:00'),(17,96,'2025-07-16 09:00:00'),(17,119,'2025-07-16 09:00:00'),(17,124,'2025-07-16 09:00:00'),(17,127,'2025-07-16 09:00:00'),(17,154,'2025-07-16 09:00:00'),(17,199,'2025-07-16 09:00:00'),(17,201,'2025-07-16 09:00:00'),(17,236,'2025-07-16 09:00:00'),(17,280,'2025-07-16 09:00:00'),(17,310,'2025-07-16 09:00:00'),(17,313,'2025-07-16 09:00:00'),(17,378,'2025-07-16 09:00:00'),(17,457,'2025-07-16 09:00:00'),(17,469,'2025-07-16 09:00:00'),(17,478,'2025-07-16 09:00:00'),(17,500,'2025-07-16 09:00:00'),(17,515,'2025-07-16 09:00:00'),(17,521,'2025-07-16 09:00:00'),(17,573,'2025-07-16 09:00:00'),(17,603,'2025-07-16 09:00:00'),(17,606,'2025-07-16 09:00:00'),(17,734,'2025-07-16 09:00:00'),(17,770,'2025-07-16 09:00:00'),(17,794,'2025-07-16 09:00:00'),(17,800,'2025-07-16 09:00:00'),(17,853,'2025-07-16 09:00:00'),(17,873,'2025-07-16 09:00:00'),(17,874,'2025-07-16 09:00:00'),(17,880,'2025-07-16 09:00:00'),(17,948,'2025-07-16 09:00:00'),(17,957,'2025-07-16 09:00:00'),(17,959,'2025-07-16 09:00:00'),(18,44,'2025-07-16 09:00:00'),(18,84,'2025-07-16 09:00:00'),(18,144,'2025-07-16 09:00:00'),(18,172,'2025-07-16 09:00:00'),(18,268,'2025-07-16 09:00:00'),(18,279,'2025-07-16 09:00:00'),(18,280,'2025-07-16 09:00:00'),(18,321,'2025-07-16 09:00:00'),(18,386,'2025-07-16 09:00:00'),(18,460,'2025-07-16 09:00:00'),(18,462,'2025-07-16 09:00:00'),(18,484,'2025-07-16 09:00:00'),(18,536,'2025-07-16 09:00:00'),(18,561,'2025-07-16 09:00:00'),(18,612,'2025-07-16 09:00:00'),(18,717,'2025-07-16 09:00:00'),(18,808,'2025-07-16 09:00:00'),(18,842,'2025-07-16 09:00:00'),(18,863,'2025-07-16 09:00:00'),(18,883,'2025-07-16 09:00:00'),(18,917,'2025-07-16 09:00:00'),(18,944,'2025-07-16 09:00:00'),(19,2,'2025-07-16 09:00:00'),(19,3,'2025-07-16 09:00:00'),(19,144,'2025-07-16 09:00:00'),(19,152,'2025-07-16 09:00:00'),(19,182,'2025-07-16 09:00:00'),(19,208,'2025-07-16 09:00:00'),(19,212,'2025-07-16 09:00:00'),(19,217,'2025-07-16 09:00:00'),(19,266,'2025-07-16 09:00:00'),(19,404,'2025-07-16 09:00:00'),(19,428,'2025-07-16 09:00:00'),(19,473,'2025-07-16 09:00:00'),(19,490,'2025-07-16 09:00:00'),(19,510,'2025-07-16 09:00:00'),(19,513,'2025-07-16 09:00:00'),(19,644,'2025-07-16 09:00:00'),(19,670,'2025-07-16 09:00:00'),(19,673,'2025-07-16 09:00:00'),(19,711,'2025-07-16 09:00:00'),(19,750,'2025-07-16 09:00:00'),(19,752,'2025-07-16 09:00:00'),(19,756,'2025-07-16 09:00:00'),(19,771,'2025-07-16 09:00:00'),(19,785,'2025-07-16 09:00:00'),(19,877,'2025-07-16 09:00:00'),(20,1,'2025-07-16 09:00:00'),(20,54,'2025-07-16 09:00:00'),(20,63,'2025-07-16 09:00:00'),(20,140,'2025-07-16 09:00:00'),(20,146,'2025-07-16 09:00:00'),(20,165,'2025-07-16 09:00:00'),(20,231,'2025-07-16 09:00:00'),(20,243,'2025-07-16 09:00:00'),(20,269,'2025-07-16 09:00:00'),(20,274,'2025-07-16 09:00:00'),(20,348,'2025-07-16 09:00:00'),(20,366,'2025-07-16 09:00:00'),(20,445,'2025-07-16 09:00:00'),(20,478,'2025-07-16 09:00:00'),(20,492,'2025-07-16 09:00:00'),(20,499,'2025-07-16 09:00:00'),(20,527,'2025-07-16 09:00:00'),(20,531,'2025-07-16 09:00:00'),(20,538,'2025-07-16 09:00:00'),(20,589,'2025-07-16 09:00:00'),(20,643,'2025-07-16 09:00:00'),(20,652,'2025-07-16 09:00:00'),(20,663,'2025-07-16 09:00:00'),(20,714,'2025-07-16 09:00:00'),(20,717,'2025-07-16 09:00:00'),(20,757,'2025-07-16 09:00:00'),(20,784,'2025-07-16 09:00:00'),(20,863,'2025-07-16 09:00:00'),(20,962,'2025-07-16 09:00:00'),(20,977,'2025-07-16 09:00:00'),(21,6,'2025-07-16 09:00:00'),(21,87,'2025-07-16 09:00:00'),(21,88,'2025-07-16 09:00:00'),(21,142,'2025-07-16 09:00:00'),(21,159,'2025-07-16 09:00:00'),(21,179,'2025-07-16 09:00:00'),(21,253,'2025-07-16 09:00:00'),(21,281,'2025-07-16 09:00:00'),(21,321,'2025-07-16 09:00:00'),(21,398,'2025-07-16 09:00:00'),(21,426,'2025-07-16 09:00:00'),(21,429,'2025-07-16 09:00:00'),(21,497,'2025-07-16 09:00:00'),(21,507,'2025-07-16 09:00:00'),(21,530,'2025-07-16 09:00:00'),(21,680,'2025-07-16 09:00:00'),(21,686,'2025-07-16 09:00:00'),(21,700,'2025-07-16 09:00:00'),(21,702,'2025-07-16 09:00:00'),(21,733,'2025-07-16 09:00:00'),(21,734,'2025-07-16 09:00:00'),(21,798,'2025-07-16 09:00:00'),(21,804,'2025-07-16 09:00:00'),(21,887,'2025-07-16 09:00:00'),(21,893,'2025-07-16 09:00:00'),(21,920,'2025-07-16 09:00:00'),(21,983,'2025-07-16 09:00:00'),(22,9,'2025-07-16 09:00:00'),(22,23,'2025-07-16 09:00:00'),(22,56,'2025-07-16 09:00:00'),(22,89,'2025-07-16 09:00:00'),(22,111,'2025-07-16 09:00:00'),(22,146,'2025-07-16 09:00:00'),(22,291,'2025-07-16 09:00:00'),(22,294,'2025-07-16 09:00:00'),(22,349,'2025-07-16 09:00:00'),(22,369,'2025-07-16 09:00:00'),(22,418,'2025-07-16 09:00:00'),(22,430,'2025-07-16 09:00:00'),(22,483,'2025-07-16 09:00:00'),(22,491,'2025-07-16 09:00:00'),(22,495,'2025-07-16 09:00:00'),(22,536,'2025-07-16 09:00:00'),(22,600,'2025-07-16 09:00:00'),(22,634,'2025-07-16 09:00:00'),(22,648,'2025-07-16 09:00:00'),(22,688,'2025-07-16 09:00:00'),(22,731,'2025-07-16 09:00:00'),(22,742,'2025-07-16 09:00:00'),(22,775,'2025-07-16 09:00:00'),(22,802,'2025-07-16 09:00:00'),(22,912,'2025-07-16 09:00:00'),(22,964,'2025-07-16 09:00:00'),(23,6,'2025-07-16 09:00:00'),(23,42,'2025-07-16 09:00:00'),(23,78,'2025-07-16 09:00:00'),(23,105,'2025-07-16 09:00:00'),(23,116,'2025-07-16 09:00:00'),(23,117,'2025-07-16 09:00:00'),(23,125,'2025-07-16 09:00:00'),(23,212,'2025-07-16 09:00:00'),(23,226,'2025-07-16 09:00:00'),(23,235,'2025-07-16 09:00:00'),(23,254,'2025-07-16 09:00:00'),(23,367,'2025-07-16 09:00:00'),(23,370,'2025-07-16 09:00:00'),(23,414,'2025-07-16 09:00:00'),(23,419,'2025-07-16 09:00:00'),(23,435,'2025-07-16 09:00:00'),(23,449,'2025-07-16 09:00:00'),(23,491,'2025-07-16 09:00:00'),(23,536,'2025-07-16 09:00:00'),(23,549,'2025-07-16 09:00:00'),(23,636,'2025-07-16 09:00:00'),(23,649,'2025-07-16 09:00:00'),(23,673,'2025-07-16 09:00:00'),(23,691,'2025-07-16 09:00:00'),(23,766,'2025-07-16 09:00:00'),(23,782,'2025-07-16 09:00:00'),(23,804,'2025-07-16 09:00:00'),(23,820,'2025-07-16 09:00:00'),(23,826,'2025-07-16 09:00:00'),(23,833,'2025-07-16 09:00:00'),(23,842,'2025-07-16 09:00:00'),(23,853,'2025-07-16 09:00:00'),(23,855,'2025-07-16 09:00:00'),(23,856,'2025-07-16 09:00:00'),(23,935,'2025-07-16 09:00:00'),(23,981,'2025-07-16 09:00:00'),(23,997,'2025-07-16 09:00:00'),(24,3,'2025-07-16 09:00:00'),(24,83,'2025-07-16 09:00:00'),(24,112,'2025-07-16 09:00:00'),(24,126,'2025-07-16 09:00:00'),(24,148,'2025-07-16 09:00:00'),(24,164,'2025-07-16 09:00:00'),(24,178,'2025-07-16 09:00:00'),(24,194,'2025-07-16 09:00:00'),(24,199,'2025-07-16 09:00:00'),(24,242,'2025-07-16 09:00:00'),(24,256,'2025-07-16 09:00:00'),(24,277,'2025-07-16 09:00:00'),(24,335,'2025-07-16 09:00:00'),(24,405,'2025-07-16 09:00:00'),(24,463,'2025-07-16 09:00:00'),(24,515,'2025-07-16 09:00:00'),(24,585,'2025-07-16 09:00:00'),(24,603,'2025-07-16 09:00:00'),(24,653,'2025-07-16 09:00:00'),(24,704,'2025-07-16 09:00:00'),(24,781,'2025-07-16 09:00:00'),(24,829,'2025-07-16 09:00:00'),(24,832,'2025-07-16 09:00:00'),(24,969,'2025-07-16 09:00:00'),(25,21,'2025-07-16 09:00:00'),(25,86,'2025-07-16 09:00:00'),(25,153,'2025-07-16 09:00:00'),(25,179,'2025-07-16 09:00:00'),(25,204,'2025-07-16 09:00:00'),(25,213,'2025-07-16 09:00:00'),(25,226,'2025-07-16 09:00:00'),(25,245,'2025-07-16 09:00:00'),(25,311,'2025-07-16 09:00:00'),(25,404,'2025-07-16 09:00:00'),(25,411,'2025-07-16 09:00:00'),(25,420,'2025-07-16 09:00:00'),(25,538,'2025-07-16 09:00:00'),(25,564,'2025-07-16 09:00:00'),(25,583,'2025-07-16 09:00:00'),(25,606,'2025-07-16 09:00:00'),(25,688,'2025-07-16 09:00:00'),(25,697,'2025-07-16 09:00:00'),(25,755,'2025-07-16 09:00:00'),(25,871,'2025-07-16 09:00:00'),(25,914,'2025-07-16 09:00:00'),(26,9,'2025-07-16 09:00:00'),(26,21,'2025-07-16 09:00:00'),(26,34,'2025-07-16 09:00:00'),(26,90,'2025-07-16 09:00:00'),(26,93,'2025-07-16 09:00:00'),(26,103,'2025-07-16 09:00:00'),(26,147,'2025-07-16 09:00:00'),(26,186,'2025-07-16 09:00:00'),(26,201,'2025-07-16 09:00:00'),(26,225,'2025-07-16 09:00:00'),(26,241,'2025-07-16 09:00:00'),(26,327,'2025-07-16 09:00:00'),(26,329,'2025-07-16 09:00:00'),(26,340,'2025-07-16 09:00:00'),(26,345,'2025-07-16 09:00:00'),(26,390,'2025-07-16 09:00:00'),(26,392,'2025-07-16 09:00:00'),(26,529,'2025-07-16 09:00:00'),(26,544,'2025-07-16 09:00:00'),(26,564,'2025-07-16 09:00:00'),(26,635,'2025-07-16 09:00:00'),(26,644,'2025-07-16 09:00:00'),(26,682,'2025-07-16 09:00:00'),(26,688,'2025-07-16 09:00:00'),(26,715,'2025-07-16 09:00:00'),(26,732,'2025-07-16 09:00:00'),(26,758,'2025-07-16 09:00:00'),(26,764,'2025-07-16 09:00:00'),(26,795,'2025-07-16 09:00:00'),(26,821,'2025-07-16 09:00:00'),(26,885,'2025-07-16 09:00:00'),(26,904,'2025-07-16 09:00:00'),(26,906,'2025-07-16 09:00:00'),(27,19,'2025-07-16 09:00:00'),(27,34,'2025-07-16 09:00:00'),(27,85,'2025-07-16 09:00:00'),(27,150,'2025-07-16 09:00:00'),(27,172,'2025-07-16 09:00:00'),(27,273,'2025-07-16 09:00:00'),(27,334,'2025-07-16 09:00:00'),(27,347,'2025-07-16 09:00:00'),(27,359,'2025-07-16 09:00:00'),(27,398,'2025-07-16 09:00:00'),(27,415,'2025-07-16 09:00:00'),(27,462,'2025-07-16 09:00:00'),(27,477,'2025-07-16 09:00:00'),(27,500,'2025-07-16 09:00:00'),(27,503,'2025-07-16 09:00:00'),(27,540,'2025-07-16 09:00:00'),(27,586,'2025-07-16 09:00:00'),(27,593,'2025-07-16 09:00:00'),(27,637,'2025-07-16 09:00:00'),(27,679,'2025-07-16 09:00:00'),(27,682,'2025-07-16 09:00:00'),(27,695,'2025-07-16 09:00:00'),(27,771,'2025-07-16 09:00:00'),(27,805,'2025-07-16 09:00:00'),(27,830,'2025-07-16 09:00:00'),(27,854,'2025-07-16 09:00:00'),(27,873,'2025-07-16 09:00:00'),(27,880,'2025-07-16 09:00:00'),(27,889,'2025-07-16 09:00:00'),(27,904,'2025-07-16 09:00:00'),(27,967,'2025-07-16 09:00:00'),(27,986,'2025-07-16 09:00:00'),(27,996,'2025-07-16 09:00:00'),(28,14,'2025-07-16 09:00:00'),(28,43,'2025-07-16 09:00:00'),(28,58,'2025-07-16 09:00:00'),(28,74,'2025-07-16 09:00:00'),(28,96,'2025-07-16 09:00:00'),(28,107,'2025-07-16 09:00:00'),(28,259,'2025-07-16 09:00:00'),(28,263,'2025-07-16 09:00:00'),(28,287,'2025-07-16 09:00:00'),(28,358,'2025-07-16 09:00:00'),(28,502,'2025-07-16 09:00:00'),(28,508,'2025-07-16 09:00:00'),(28,532,'2025-07-16 09:00:00'),(28,551,'2025-07-16 09:00:00'),(28,574,'2025-07-16 09:00:00'),(28,597,'2025-07-16 09:00:00'),(28,619,'2025-07-16 09:00:00'),(28,625,'2025-07-16 09:00:00'),(28,652,'2025-07-16 09:00:00'),(28,679,'2025-07-16 09:00:00'),(28,743,'2025-07-16 09:00:00'),(28,790,'2025-07-16 09:00:00'),(28,793,'2025-07-16 09:00:00'),(28,816,'2025-07-16 09:00:00'),(28,827,'2025-07-16 09:00:00'),(28,835,'2025-07-16 09:00:00'),(28,879,'2025-07-16 09:00:00'),(28,908,'2025-07-16 09:00:00'),(28,953,'2025-07-16 09:00:00'),(28,973,'2025-07-16 09:00:00'),(28,994,'2025-07-16 09:00:00'),(29,10,'2025-07-16 09:00:00'),(29,79,'2025-07-16 09:00:00'),(29,105,'2025-07-16 09:00:00'),(29,110,'2025-07-16 09:00:00'),(29,131,'2025-07-16 09:00:00'),(29,133,'2025-07-16 09:00:00'),(29,172,'2025-07-16 09:00:00'),(29,226,'2025-07-16 09:00:00'),(29,273,'2025-07-16 09:00:00'),(29,282,'2025-07-16 09:00:00'),(29,296,'2025-07-16 09:00:00'),(29,311,'2025-07-16 09:00:00'),(29,335,'2025-07-16 09:00:00'),(29,342,'2025-07-16 09:00:00'),(29,436,'2025-07-16 09:00:00'),(29,444,'2025-07-16 09:00:00'),(29,449,'2025-07-16 09:00:00'),(29,462,'2025-07-16 09:00:00'),(29,482,'2025-07-16 09:00:00'),(29,488,'2025-07-16 09:00:00'),(29,519,'2025-07-16 09:00:00'),(29,547,'2025-07-16 09:00:00'),(29,590,'2025-07-16 09:00:00'),(29,646,'2025-07-16 09:00:00'),(29,723,'2025-07-16 09:00:00'),(29,812,'2025-07-16 09:00:00'),(29,862,'2025-07-16 09:00:00'),(29,928,'2025-07-16 09:00:00'),(29,944,'2025-07-16 09:00:00'),(30,1,'2025-07-16 09:00:00'),(30,53,'2025-07-16 09:00:00'),(30,64,'2025-07-16 09:00:00'),(30,69,'2025-07-16 09:00:00'),(30,77,'2025-07-16 09:00:00'),(30,87,'2025-07-16 09:00:00'),(30,260,'2025-07-16 09:00:00'),(30,262,'2025-07-16 09:00:00'),(30,286,'2025-07-16 09:00:00'),(30,292,'2025-07-16 09:00:00'),(30,301,'2025-07-16 09:00:00'),(30,318,'2025-07-16 09:00:00'),(30,321,'2025-07-16 09:00:00'),(30,357,'2025-07-16 09:00:00'),(30,565,'2025-07-16 09:00:00'),(30,732,'2025-07-16 09:00:00'),(30,797,'2025-07-16 09:00:00'),(30,838,'2025-07-16 09:00:00'),(30,945,'2025-07-16 09:00:00'),(31,88,'2025-07-16 09:00:00'),(31,146,'2025-07-16 09:00:00'),(31,163,'2025-07-16 09:00:00'),(31,164,'2025-07-16 09:00:00'),(31,188,'2025-07-16 09:00:00'),(31,299,'2025-07-16 09:00:00'),(31,308,'2025-07-16 09:00:00'),(31,368,'2025-07-16 09:00:00'),(31,380,'2025-07-16 09:00:00'),(31,431,'2025-07-16 09:00:00'),(31,585,'2025-07-16 09:00:00'),(31,637,'2025-07-16 09:00:00'),(31,700,'2025-07-16 09:00:00'),(31,739,'2025-07-16 09:00:00'),(31,793,'2025-07-16 09:00:00'),(31,802,'2025-07-16 09:00:00'),(31,880,'2025-07-16 09:00:00'),(31,978,'2025-07-16 09:00:00'),(32,65,'2025-07-16 09:00:00'),(32,84,'2025-07-16 09:00:00'),(32,103,'2025-07-16 09:00:00'),(32,112,'2025-07-16 09:00:00'),(32,136,'2025-07-16 09:00:00'),(32,197,'2025-07-16 09:00:00'),(32,199,'2025-07-16 09:00:00'),(32,219,'2025-07-16 09:00:00'),(32,309,'2025-07-16 09:00:00'),(32,312,'2025-07-16 09:00:00'),(32,401,'2025-07-16 09:00:00'),(32,427,'2025-07-16 09:00:00'),(32,431,'2025-07-16 09:00:00'),(32,523,'2025-07-16 09:00:00'),(32,567,'2025-07-16 09:00:00'),(32,585,'2025-07-16 09:00:00'),(32,606,'2025-07-16 09:00:00'),(32,651,'2025-07-16 09:00:00'),(32,667,'2025-07-16 09:00:00'),(32,669,'2025-07-16 09:00:00'),(32,815,'2025-07-16 09:00:00'),(32,928,'2025-07-16 09:00:00'),(32,980,'2025-07-16 09:00:00'),(33,56,'2025-07-16 09:00:00'),(33,112,'2025-07-16 09:00:00'),(33,135,'2025-07-16 09:00:00'),(33,154,'2025-07-16 09:00:00'),(33,214,'2025-07-16 09:00:00'),(33,252,'2025-07-16 09:00:00'),(33,305,'2025-07-16 09:00:00'),(33,306,'2025-07-16 09:00:00'),(33,473,'2025-07-16 09:00:00'),(33,489,'2025-07-16 09:00:00'),(33,574,'2025-07-16 09:00:00'),(33,618,'2025-07-16 09:00:00'),(33,667,'2025-07-16 09:00:00'),(33,694,'2025-07-16 09:00:00'),(33,712,'2025-07-16 09:00:00'),(33,735,'2025-07-16 09:00:00'),(33,737,'2025-07-16 09:00:00'),(33,754,'2025-07-16 09:00:00'),(33,775,'2025-07-16 09:00:00'),(33,878,'2025-07-16 09:00:00'),(33,881,'2025-07-16 09:00:00'),(33,965,'2025-07-16 09:00:00'),(33,972,'2025-07-16 09:00:00'),(33,993,'2025-07-16 09:00:00'),(34,43,'2025-07-16 09:00:00'),(34,90,'2025-07-16 09:00:00'),(34,119,'2025-07-16 09:00:00'),(34,125,'2025-07-16 09:00:00'),(34,172,'2025-07-16 09:00:00'),(34,182,'2025-07-16 09:00:00'),(34,244,'2025-07-16 09:00:00'),(34,336,'2025-07-16 09:00:00'),(34,389,'2025-07-16 09:00:00'),(34,393,'2025-07-16 09:00:00'),(34,438,'2025-07-16 09:00:00'),(34,493,'2025-07-16 09:00:00'),(34,502,'2025-07-16 09:00:00'),(34,525,'2025-07-16 09:00:00'),(34,668,'2025-07-16 09:00:00'),(34,720,'2025-07-16 09:00:00'),(34,779,'2025-07-16 09:00:00'),(34,788,'2025-07-16 09:00:00'),(34,794,'2025-07-16 09:00:00'),(34,836,'2025-07-16 09:00:00'),(34,846,'2025-07-16 09:00:00'),(34,853,'2025-07-16 09:00:00'),(34,929,'2025-07-16 09:00:00'),(34,950,'2025-07-16 09:00:00'),(34,971,'2025-07-16 09:00:00'),(35,10,'2025-07-16 09:00:00'),(35,35,'2025-07-16 09:00:00'),(35,52,'2025-07-16 09:00:00'),(35,201,'2025-07-16 09:00:00'),(35,256,'2025-07-16 09:00:00'),(35,389,'2025-07-16 09:00:00'),(35,589,'2025-07-16 09:00:00'),(35,612,'2025-07-16 09:00:00'),(35,615,'2025-07-16 09:00:00'),(35,707,'2025-07-16 09:00:00'),(35,732,'2025-07-16 09:00:00'),(35,738,'2025-07-16 09:00:00'),(35,748,'2025-07-16 09:00:00'),(35,817,'2025-07-16 09:00:00'),(35,914,'2025-07-16 09:00:00'),(36,15,'2025-07-16 09:00:00'),(36,81,'2025-07-16 09:00:00'),(36,171,'2025-07-16 09:00:00'),(36,231,'2025-07-16 09:00:00'),(36,245,'2025-07-16 09:00:00'),(36,283,'2025-07-16 09:00:00'),(36,380,'2025-07-16 09:00:00'),(36,381,'2025-07-16 09:00:00'),(36,387,'2025-07-16 09:00:00'),(36,390,'2025-07-16 09:00:00'),(36,410,'2025-07-16 09:00:00'),(36,426,'2025-07-16 09:00:00'),(36,427,'2025-07-16 09:00:00'),(36,453,'2025-07-16 09:00:00'),(36,466,'2025-07-16 09:00:00'),(36,484,'2025-07-16 09:00:00'),(36,493,'2025-07-16 09:00:00'),(36,499,'2025-07-16 09:00:00'),(36,569,'2025-07-16 09:00:00'),(36,590,'2025-07-16 09:00:00'),(36,600,'2025-07-16 09:00:00'),(36,714,'2025-07-16 09:00:00'),(36,715,'2025-07-16 09:00:00'),(36,716,'2025-07-16 09:00:00'),(36,731,'2025-07-16 09:00:00'),(36,875,'2025-07-16 09:00:00'),(36,915,'2025-07-16 09:00:00'),(36,931,'2025-07-16 09:00:00'),(36,956,'2025-07-16 09:00:00'),(37,10,'2025-07-16 09:00:00'),(37,12,'2025-07-16 09:00:00'),(37,19,'2025-07-16 09:00:00'),(37,118,'2025-07-16 09:00:00'),(37,119,'2025-07-16 09:00:00'),(37,122,'2025-07-16 09:00:00'),(37,146,'2025-07-16 09:00:00'),(37,204,'2025-07-16 09:00:00'),(37,253,'2025-07-16 09:00:00'),(37,260,'2025-07-16 09:00:00'),(37,277,'2025-07-16 09:00:00'),(37,317,'2025-07-16 09:00:00'),(37,467,'2025-07-16 09:00:00'),(37,477,'2025-07-16 09:00:00'),(37,485,'2025-07-16 09:00:00'),(37,508,'2025-07-16 09:00:00'),(37,529,'2025-07-16 09:00:00'),(37,553,'2025-07-16 09:00:00'),(37,555,'2025-07-16 09:00:00'),(37,572,'2025-07-16 09:00:00'),(37,588,'2025-07-16 09:00:00'),(37,662,'2025-07-16 09:00:00'),(37,663,'2025-07-16 09:00:00'),(37,694,'2025-07-16 09:00:00'),(37,697,'2025-07-16 09:00:00'),(37,785,'2025-07-16 09:00:00'),(37,839,'2025-07-16 09:00:00'),(37,840,'2025-07-16 09:00:00'),(37,853,'2025-07-16 09:00:00'),(37,900,'2025-07-16 09:00:00'),(37,925,'2025-07-16 09:00:00'),(37,963,'2025-07-16 09:00:00'),(37,966,'2025-07-16 09:00:00'),(37,989,'2025-07-16 09:00:00'),(37,997,'2025-07-16 09:00:00'),(38,24,'2025-07-16 09:00:00'),(38,111,'2025-07-16 09:00:00'),(38,160,'2025-07-16 09:00:00'),(38,176,'2025-07-16 09:00:00'),(38,223,'2025-07-16 09:00:00'),(38,241,'2025-07-16 09:00:00'),(38,274,'2025-07-16 09:00:00'),(38,335,'2025-07-16 09:00:00'),(38,338,'2025-07-16 09:00:00'),(38,353,'2025-07-16 09:00:00'),(38,448,'2025-07-16 09:00:00'),(38,450,'2025-07-16 09:00:00'),(38,458,'2025-07-16 09:00:00'),(38,501,'2025-07-16 09:00:00'),(38,516,'2025-07-16 09:00:00'),(38,547,'2025-07-16 09:00:00'),(38,583,'2025-07-16 09:00:00'),(38,618,'2025-07-16 09:00:00'),(38,619,'2025-07-16 09:00:00'),(38,705,'2025-07-16 09:00:00'),(38,793,'2025-07-16 09:00:00'),(38,827,'2025-07-16 09:00:00'),(38,839,'2025-07-16 09:00:00'),(38,853,'2025-07-16 09:00:00'),(38,876,'2025-07-16 09:00:00'),(39,71,'2025-07-16 09:00:00'),(39,73,'2025-07-16 09:00:00'),(39,168,'2025-07-16 09:00:00'),(39,203,'2025-07-16 09:00:00'),(39,222,'2025-07-16 09:00:00'),(39,290,'2025-07-16 09:00:00'),(39,293,'2025-07-16 09:00:00'),(39,320,'2025-07-16 09:00:00'),(39,415,'2025-07-16 09:00:00'),(39,425,'2025-07-16 09:00:00'),(39,431,'2025-07-16 09:00:00'),(39,456,'2025-07-16 09:00:00'),(39,476,'2025-07-16 09:00:00'),(39,559,'2025-07-16 09:00:00'),(39,587,'2025-07-16 09:00:00'),(39,598,'2025-07-16 09:00:00'),(39,606,'2025-07-16 09:00:00'),(39,648,'2025-07-16 09:00:00'),(39,683,'2025-07-16 09:00:00'),(39,689,'2025-07-16 09:00:00'),(39,696,'2025-07-16 09:00:00'),(39,700,'2025-07-16 09:00:00'),(39,703,'2025-07-16 09:00:00'),(39,736,'2025-07-16 09:00:00'),(39,772,'2025-07-16 09:00:00'),(39,815,'2025-07-16 09:00:00'),(39,831,'2025-07-16 09:00:00'),(39,920,'2025-07-16 09:00:00'),(40,1,'2025-07-16 09:00:00'),(40,11,'2025-07-16 09:00:00'),(40,34,'2025-07-16 09:00:00'),(40,107,'2025-07-16 09:00:00'),(40,128,'2025-07-16 09:00:00'),(40,163,'2025-07-16 09:00:00'),(40,177,'2025-07-16 09:00:00'),(40,223,'2025-07-16 09:00:00'),(40,233,'2025-07-16 09:00:00'),(40,326,'2025-07-16 09:00:00'),(40,374,'2025-07-16 09:00:00'),(40,394,'2025-07-16 09:00:00'),(40,396,'2025-07-16 09:00:00'),(40,463,'2025-07-16 09:00:00'),(40,466,'2025-07-16 09:00:00'),(40,494,'2025-07-16 09:00:00'),(40,521,'2025-07-16 09:00:00'),(40,723,'2025-07-16 09:00:00'),(40,737,'2025-07-16 09:00:00'),(40,744,'2025-07-16 09:00:00'),(40,747,'2025-07-16 09:00:00'),(40,754,'2025-07-16 09:00:00'),(40,799,'2025-07-16 09:00:00'),(40,835,'2025-07-16 09:00:00'),(40,868,'2025-07-16 09:00:00'),(40,869,'2025-07-16 09:00:00'),(40,887,'2025-07-16 09:00:00'),(40,933,'2025-07-16 09:00:00'),(40,938,'2025-07-16 09:00:00'),(41,4,'2025-07-16 09:00:00'),(41,60,'2025-07-16 09:00:00'),(41,69,'2025-07-16 09:00:00'),(41,86,'2025-07-16 09:00:00'),(41,100,'2025-07-16 09:00:00'),(41,150,'2025-07-16 09:00:00'),(41,159,'2025-07-16 09:00:00'),(41,194,'2025-07-16 09:00:00'),(41,203,'2025-07-16 09:00:00'),(41,212,'2025-07-16 09:00:00'),(41,230,'2025-07-16 09:00:00'),(41,249,'2025-07-16 09:00:00'),(41,252,'2025-07-16 09:00:00'),(41,305,'2025-07-16 09:00:00'),(41,336,'2025-07-16 09:00:00'),(41,383,'2025-07-16 09:00:00'),(41,544,'2025-07-16 09:00:00'),(41,596,'2025-07-16 09:00:00'),(41,657,'2025-07-16 09:00:00'),(41,674,'2025-07-16 09:00:00'),(41,678,'2025-07-16 09:00:00'),(41,721,'2025-07-16 09:00:00'),(41,724,'2025-07-16 09:00:00'),(41,779,'2025-07-16 09:00:00'),(41,784,'2025-07-16 09:00:00'),(41,799,'2025-07-16 09:00:00'),(41,894,'2025-07-16 09:00:00'),(41,912,'2025-07-16 09:00:00'),(41,942,'2025-07-16 09:00:00'),(42,24,'2025-07-16 09:00:00'),(42,139,'2025-07-16 09:00:00'),(42,309,'2025-07-16 09:00:00'),(42,320,'2025-07-16 09:00:00'),(42,333,'2025-07-16 09:00:00'),(42,500,'2025-07-16 09:00:00'),(42,502,'2025-07-16 09:00:00'),(42,505,'2025-07-16 09:00:00'),(42,527,'2025-07-16 09:00:00'),(42,535,'2025-07-16 09:00:00'),(42,546,'2025-07-16 09:00:00'),(42,568,'2025-07-16 09:00:00'),(42,648,'2025-07-16 09:00:00'),(42,665,'2025-07-16 09:00:00'),(42,673,'2025-07-16 09:00:00'),(42,687,'2025-07-16 09:00:00'),(42,713,'2025-07-16 09:00:00'),(42,738,'2025-07-16 09:00:00'),(42,798,'2025-07-16 09:00:00'),(42,861,'2025-07-16 09:00:00'),(42,865,'2025-07-16 09:00:00'),(42,867,'2025-07-16 09:00:00'),(42,876,'2025-07-16 09:00:00'),(42,890,'2025-07-16 09:00:00'),(42,907,'2025-07-16 09:00:00'),(42,922,'2025-07-16 09:00:00'),(42,932,'2025-07-16 09:00:00'),(43,19,'2025-07-16 09:00:00'),(43,42,'2025-07-16 09:00:00'),(43,56,'2025-07-16 09:00:00'),(43,89,'2025-07-16 09:00:00'),(43,105,'2025-07-16 09:00:00'),(43,147,'2025-07-16 09:00:00'),(43,161,'2025-07-16 09:00:00'),(43,180,'2025-07-16 09:00:00'),(43,239,'2025-07-16 09:00:00'),(43,276,'2025-07-16 09:00:00'),(43,330,'2025-07-16 09:00:00'),(43,344,'2025-07-16 09:00:00'),(43,359,'2025-07-16 09:00:00'),(43,377,'2025-07-16 09:00:00'),(43,410,'2025-07-16 09:00:00'),(43,462,'2025-07-16 09:00:00'),(43,533,'2025-07-16 09:00:00'),(43,598,'2025-07-16 09:00:00'),(43,605,'2025-07-16 09:00:00'),(43,608,'2025-07-16 09:00:00'),(43,621,'2025-07-16 09:00:00'),(43,753,'2025-07-16 09:00:00'),(43,827,'2025-07-16 09:00:00'),(43,833,'2025-07-16 09:00:00'),(43,917,'2025-07-16 09:00:00'),(43,958,'2025-07-16 09:00:00'),(44,58,'2025-07-16 09:00:00'),(44,84,'2025-07-16 09:00:00'),(44,88,'2025-07-16 09:00:00'),(44,94,'2025-07-16 09:00:00'),(44,109,'2025-07-16 09:00:00'),(44,176,'2025-07-16 09:00:00'),(44,242,'2025-07-16 09:00:00'),(44,273,'2025-07-16 09:00:00'),(44,322,'2025-07-16 09:00:00'),(44,420,'2025-07-16 09:00:00'),(44,434,'2025-07-16 09:00:00'),(44,490,'2025-07-16 09:00:00'),(44,591,'2025-07-16 09:00:00'),(44,598,'2025-07-16 09:00:00'),(44,604,'2025-07-16 09:00:00'),(44,699,'2025-07-16 09:00:00'),(44,751,'2025-07-16 09:00:00'),(44,784,'2025-07-16 09:00:00'),(44,825,'2025-07-16 09:00:00'),(44,854,'2025-07-16 09:00:00'),(44,875,'2025-07-16 09:00:00'),(44,878,'2025-07-16 09:00:00'),(44,883,'2025-07-16 09:00:00'),(44,896,'2025-07-16 09:00:00'),(44,902,'2025-07-16 09:00:00'),(44,937,'2025-07-16 09:00:00'),(44,944,'2025-07-16 09:00:00'),(44,952,'2025-07-16 09:00:00'),(44,982,'2025-07-16 09:00:00'),(44,998,'2025-07-16 09:00:00'),(45,18,'2025-07-16 09:00:00'),(45,65,'2025-07-16 09:00:00'),(45,66,'2025-07-16 09:00:00'),(45,115,'2025-07-16 09:00:00'),(45,117,'2025-07-16 09:00:00'),(45,164,'2025-07-16 09:00:00'),(45,187,'2025-07-16 09:00:00'),(45,198,'2025-07-16 09:00:00'),(45,219,'2025-07-16 09:00:00'),(45,330,'2025-07-16 09:00:00'),(45,407,'2025-07-16 09:00:00'),(45,416,'2025-07-16 09:00:00'),(45,463,'2025-07-16 09:00:00'),(45,467,'2025-07-16 09:00:00'),(45,484,'2025-07-16 09:00:00'),(45,502,'2025-07-16 09:00:00'),(45,503,'2025-07-16 09:00:00'),(45,508,'2025-07-16 09:00:00'),(45,537,'2025-07-16 09:00:00'),(45,680,'2025-07-16 09:00:00'),(45,714,'2025-07-16 09:00:00'),(45,767,'2025-07-16 09:00:00'),(45,778,'2025-07-16 09:00:00'),(45,797,'2025-07-16 09:00:00'),(45,810,'2025-07-16 09:00:00'),(45,895,'2025-07-16 09:00:00'),(45,900,'2025-07-16 09:00:00'),(45,901,'2025-07-16 09:00:00'),(45,920,'2025-07-16 09:00:00'),(45,925,'2025-07-16 09:00:00'),(45,975,'2025-07-16 09:00:00'),(45,978,'2025-07-16 09:00:00'),(46,38,'2025-07-16 09:00:00'),(46,51,'2025-07-16 09:00:00'),(46,174,'2025-07-16 09:00:00'),(46,254,'2025-07-16 09:00:00'),(46,296,'2025-07-16 09:00:00'),(46,319,'2025-07-16 09:00:00'),(46,407,'2025-07-16 09:00:00'),(46,448,'2025-07-16 09:00:00'),(46,456,'2025-07-16 09:00:00'),(46,463,'2025-07-16 09:00:00'),(46,478,'2025-07-16 09:00:00'),(46,538,'2025-07-16 09:00:00'),(46,540,'2025-07-16 09:00:00'),(46,567,'2025-07-16 09:00:00'),(46,731,'2025-07-16 09:00:00'),(46,766,'2025-07-16 09:00:00'),(46,768,'2025-07-16 09:00:00'),(46,820,'2025-07-16 09:00:00'),(46,829,'2025-07-16 09:00:00'),(46,830,'2025-07-16 09:00:00'),(46,836,'2025-07-16 09:00:00'),(46,889,'2025-07-16 09:00:00'),(46,980,'2025-07-16 09:00:00'),(46,991,'2025-07-16 09:00:00'),(47,25,'2025-07-16 09:00:00'),(47,36,'2025-07-16 09:00:00'),(47,53,'2025-07-16 09:00:00'),(47,67,'2025-07-16 09:00:00'),(47,172,'2025-07-16 09:00:00'),(47,233,'2025-07-16 09:00:00'),(47,273,'2025-07-16 09:00:00'),(47,351,'2025-07-16 09:00:00'),(47,385,'2025-07-16 09:00:00'),(47,484,'2025-07-16 09:00:00'),(47,508,'2025-07-16 09:00:00'),(47,576,'2025-07-16 09:00:00'),(47,670,'2025-07-16 09:00:00'),(47,734,'2025-07-16 09:00:00'),(47,737,'2025-07-16 09:00:00'),(47,770,'2025-07-16 09:00:00'),(47,777,'2025-07-16 09:00:00'),(47,787,'2025-07-16 09:00:00'),(47,790,'2025-07-16 09:00:00'),(47,913,'2025-07-16 09:00:00'),(47,923,'2025-07-16 09:00:00'),(47,924,'2025-07-16 09:00:00'),(47,944,'2025-07-16 09:00:00'),(47,973,'2025-07-16 09:00:00'),(48,99,'2025-07-16 09:00:00'),(48,101,'2025-07-16 09:00:00'),(48,134,'2025-07-16 09:00:00'),(48,150,'2025-07-16 09:00:00'),(48,164,'2025-07-16 09:00:00'),(48,211,'2025-07-16 09:00:00'),(48,245,'2025-07-16 09:00:00'),(48,267,'2025-07-16 09:00:00'),(48,287,'2025-07-16 09:00:00'),(48,295,'2025-07-16 09:00:00'),(48,312,'2025-07-16 09:00:00'),(48,315,'2025-07-16 09:00:00'),(48,345,'2025-07-16 09:00:00'),(48,349,'2025-07-16 09:00:00'),(48,428,'2025-07-16 09:00:00'),(48,506,'2025-07-16 09:00:00'),(48,545,'2025-07-16 09:00:00'),(48,559,'2025-07-16 09:00:00'),(48,570,'2025-07-16 09:00:00'),(48,599,'2025-07-16 09:00:00'),(48,645,'2025-07-16 09:00:00'),(48,705,'2025-07-16 09:00:00'),(48,757,'2025-07-16 09:00:00'),(48,792,'2025-07-16 09:00:00'),(48,922,'2025-07-16 09:00:00'),(48,926,'2025-07-16 09:00:00'),(49,31,'2025-07-16 09:00:00'),(49,151,'2025-07-16 09:00:00'),(49,195,'2025-07-16 09:00:00'),(49,207,'2025-07-16 09:00:00'),(49,250,'2025-07-16 09:00:00'),(49,282,'2025-07-16 09:00:00'),(49,348,'2025-07-16 09:00:00'),(49,391,'2025-07-16 09:00:00'),(49,400,'2025-07-16 09:00:00'),(49,407,'2025-07-16 09:00:00'),(49,423,'2025-07-16 09:00:00'),(49,433,'2025-07-16 09:00:00'),(49,469,'2025-07-16 09:00:00'),(49,506,'2025-07-16 09:00:00'),(49,542,'2025-07-16 09:00:00'),(49,558,'2025-07-16 09:00:00'),(49,579,'2025-07-16 09:00:00'),(49,595,'2025-07-16 09:00:00'),(49,662,'2025-07-16 09:00:00'),(49,709,'2025-07-16 09:00:00'),(49,716,'2025-07-16 09:00:00'),(49,725,'2025-07-16 09:00:00'),(49,729,'2025-07-16 09:00:00'),(49,811,'2025-07-16 09:00:00'),(49,927,'2025-07-16 09:00:00'),(49,977,'2025-07-16 09:00:00'),(49,980,'2025-07-16 09:00:00'),(50,111,'2025-07-16 09:00:00'),(50,178,'2025-07-16 09:00:00'),(50,243,'2025-07-16 09:00:00'),(50,248,'2025-07-16 09:00:00'),(50,274,'2025-07-16 09:00:00'),(50,288,'2025-07-16 09:00:00'),(50,303,'2025-07-16 09:00:00'),(50,306,'2025-07-16 09:00:00'),(50,327,'2025-07-16 09:00:00'),(50,372,'2025-07-16 09:00:00'),(50,401,'2025-07-16 09:00:00'),(50,417,'2025-07-16 09:00:00'),(50,420,'2025-07-16 09:00:00'),(50,437,'2025-07-16 09:00:00'),(50,476,'2025-07-16 09:00:00'),(50,504,'2025-07-16 09:00:00'),(50,520,'2025-07-16 09:00:00'),(50,552,'2025-07-16 09:00:00'),(50,591,'2025-07-16 09:00:00'),(50,621,'2025-07-16 09:00:00'),(50,632,'2025-07-16 09:00:00'),(50,645,'2025-07-16 09:00:00'),(50,672,'2025-07-16 09:00:00'),(50,717,'2025-07-16 09:00:00'),(50,732,'2025-07-16 09:00:00'),(50,795,'2025-07-16 09:00:00'),(50,829,'2025-07-16 09:00:00'),(50,840,'2025-07-16 09:00:00'),(50,897,'2025-07-16 09:00:00'),(50,918,'2025-07-16 09:00:00'),(50,924,'2025-07-16 09:00:00'),(50,957,'2025-07-16 09:00:00'),(51,5,'2025-07-16 09:00:00'),(51,63,'2025-07-16 09:00:00'),(51,103,'2025-07-16 09:00:00'),(51,112,'2025-07-16 09:00:00'),(51,121,'2025-07-16 09:00:00'),(51,153,'2025-07-16 09:00:00'),(51,395,'2025-07-16 09:00:00'),(51,408,'2025-07-16 09:00:00'),(51,420,'2025-07-16 09:00:00'),(51,461,'2025-07-16 09:00:00'),(51,490,'2025-07-16 09:00:00'),(51,525,'2025-07-16 09:00:00'),(51,627,'2025-07-16 09:00:00'),(51,678,'2025-07-16 09:00:00'),(51,733,'2025-07-16 09:00:00'),(51,734,'2025-07-16 09:00:00'),(51,737,'2025-07-16 09:00:00'),(51,750,'2025-07-16 09:00:00'),(51,847,'2025-07-16 09:00:00'),(51,891,'2025-07-16 09:00:00'),(51,895,'2025-07-16 09:00:00'),(51,940,'2025-07-16 09:00:00'),(51,974,'2025-07-16 09:00:00'),(51,990,'2025-07-16 09:00:00'),(51,993,'2025-07-16 09:00:00'),(52,20,'2025-07-16 09:00:00'),(52,92,'2025-07-16 09:00:00'),(52,96,'2025-07-16 09:00:00'),(52,108,'2025-07-16 09:00:00'),(52,203,'2025-07-16 09:00:00'),(52,249,'2025-07-16 09:00:00'),(52,341,'2025-07-16 09:00:00'),(52,376,'2025-07-16 09:00:00'),(52,388,'2025-07-16 09:00:00'),(52,407,'2025-07-16 09:00:00'),(52,424,'2025-07-16 09:00:00'),(52,474,'2025-07-16 09:00:00'),(52,515,'2025-07-16 09:00:00'),(52,517,'2025-07-16 09:00:00'),(52,584,'2025-07-16 09:00:00'),(52,596,'2025-07-16 09:00:00'),(52,664,'2025-07-16 09:00:00'),(52,675,'2025-07-16 09:00:00'),(52,689,'2025-07-16 09:00:00'),(52,714,'2025-07-16 09:00:00'),(52,812,'2025-07-16 09:00:00'),(52,878,'2025-07-16 09:00:00'),(52,879,'2025-07-16 09:00:00'),(52,915,'2025-07-16 09:00:00'),(52,951,'2025-07-16 09:00:00'),(52,999,'2025-07-16 09:00:00'),(53,1,'2025-07-16 09:00:00'),(53,9,'2025-07-16 09:00:00'),(53,51,'2025-07-16 09:00:00'),(53,58,'2025-07-16 09:00:00'),(53,109,'2025-07-16 09:00:00'),(53,122,'2025-07-16 09:00:00'),(53,126,'2025-07-16 09:00:00'),(53,181,'2025-07-16 09:00:00'),(53,256,'2025-07-16 09:00:00'),(53,268,'2025-07-16 09:00:00'),(53,285,'2025-07-16 09:00:00'),(53,307,'2025-07-16 09:00:00'),(53,358,'2025-07-16 09:00:00'),(53,386,'2025-07-16 09:00:00'),(53,447,'2025-07-16 09:00:00'),(53,465,'2025-07-16 09:00:00'),(53,490,'2025-07-16 09:00:00'),(53,492,'2025-07-16 09:00:00'),(53,508,'2025-07-16 09:00:00'),(53,518,'2025-07-16 09:00:00'),(53,573,'2025-07-16 09:00:00'),(53,576,'2025-07-16 09:00:00'),(53,577,'2025-07-16 09:00:00'),(53,697,'2025-07-16 09:00:00'),(53,725,'2025-07-16 09:00:00'),(53,727,'2025-07-16 09:00:00'),(53,937,'2025-07-16 09:00:00'),(53,947,'2025-07-16 09:00:00'),(53,961,'2025-07-16 09:00:00'),(53,980,'2025-07-16 09:00:00'),(54,84,'2025-07-16 09:00:00'),(54,129,'2025-07-16 09:00:00'),(54,150,'2025-07-16 09:00:00'),(54,184,'2025-07-16 09:00:00'),(54,285,'2025-07-16 09:00:00'),(54,292,'2025-07-16 09:00:00'),(54,301,'2025-07-16 09:00:00'),(54,348,'2025-07-16 09:00:00'),(54,489,'2025-07-16 09:00:00'),(54,510,'2025-07-16 09:00:00'),(54,524,'2025-07-16 09:00:00'),(54,546,'2025-07-16 09:00:00'),(54,600,'2025-07-16 09:00:00'),(54,636,'2025-07-16 09:00:00'),(54,649,'2025-07-16 09:00:00'),(54,658,'2025-07-16 09:00:00'),(54,754,'2025-07-16 09:00:00'),(54,764,'2025-07-16 09:00:00'),(54,842,'2025-07-16 09:00:00'),(54,858,'2025-07-16 09:00:00'),(54,861,'2025-07-16 09:00:00'),(54,913,'2025-07-16 09:00:00'),(54,970,'2025-07-16 09:00:00'),(54,988,'2025-07-16 09:00:00'),(54,990,'2025-07-16 09:00:00'),(55,8,'2025-07-16 09:00:00'),(55,27,'2025-07-16 09:00:00'),(55,75,'2025-07-16 09:00:00'),(55,197,'2025-07-16 09:00:00'),(55,307,'2025-07-16 09:00:00'),(55,320,'2025-07-16 09:00:00'),(55,340,'2025-07-16 09:00:00'),(55,403,'2025-07-16 09:00:00'),(55,485,'2025-07-16 09:00:00'),(55,486,'2025-07-16 09:00:00'),(55,603,'2025-07-16 09:00:00'),(55,612,'2025-07-16 09:00:00'),(55,620,'2025-07-16 09:00:00'),(55,709,'2025-07-16 09:00:00'),(55,776,'2025-07-16 09:00:00'),(55,790,'2025-07-16 09:00:00'),(55,815,'2025-07-16 09:00:00'),(55,827,'2025-07-16 09:00:00'),(55,930,'2025-07-16 09:00:00'),(55,963,'2025-07-16 09:00:00'),(56,63,'2025-07-16 09:00:00'),(56,87,'2025-07-16 09:00:00'),(56,226,'2025-07-16 09:00:00'),(56,236,'2025-07-16 09:00:00'),(56,298,'2025-07-16 09:00:00'),(56,307,'2025-07-16 09:00:00'),(56,354,'2025-07-16 09:00:00'),(56,383,'2025-07-16 09:00:00'),(56,417,'2025-07-16 09:00:00'),(56,421,'2025-07-16 09:00:00'),(56,457,'2025-07-16 09:00:00'),(56,462,'2025-07-16 09:00:00'),(56,474,'2025-07-16 09:00:00'),(56,521,'2025-07-16 09:00:00'),(56,593,'2025-07-16 09:00:00'),(56,728,'2025-07-16 09:00:00'),(56,750,'2025-07-16 09:00:00'),(56,769,'2025-07-16 09:00:00'),(56,781,'2025-07-16 09:00:00'),(56,795,'2025-07-16 09:00:00'),(56,844,'2025-07-16 09:00:00'),(56,851,'2025-07-16 09:00:00'),(56,862,'2025-07-16 09:00:00'),(56,868,'2025-07-16 09:00:00'),(56,892,'2025-07-16 09:00:00'),(56,893,'2025-07-16 09:00:00'),(56,936,'2025-07-16 09:00:00'),(56,965,'2025-07-16 09:00:00'),(57,16,'2025-07-16 09:00:00'),(57,34,'2025-07-16 09:00:00'),(57,101,'2025-07-16 09:00:00'),(57,114,'2025-07-16 09:00:00'),(57,122,'2025-07-16 09:00:00'),(57,134,'2025-07-16 09:00:00'),(57,144,'2025-07-16 09:00:00'),(57,153,'2025-07-16 09:00:00'),(57,192,'2025-07-16 09:00:00'),(57,213,'2025-07-16 09:00:00'),(57,258,'2025-07-16 09:00:00'),(57,267,'2025-07-16 09:00:00'),(57,317,'2025-07-16 09:00:00'),(57,340,'2025-07-16 09:00:00'),(57,393,'2025-07-16 09:00:00'),(57,437,'2025-07-16 09:00:00'),(57,447,'2025-07-16 09:00:00'),(57,502,'2025-07-16 09:00:00'),(57,592,'2025-07-16 09:00:00'),(57,605,'2025-07-16 09:00:00'),(57,637,'2025-07-16 09:00:00'),(57,685,'2025-07-16 09:00:00'),(57,707,'2025-07-16 09:00:00'),(57,714,'2025-07-16 09:00:00'),(57,717,'2025-07-16 09:00:00'),(57,737,'2025-07-16 09:00:00'),(57,767,'2025-07-16 09:00:00'),(57,852,'2025-07-16 09:00:00'),(57,891,'2025-07-16 09:00:00'),(57,918,'2025-07-16 09:00:00'),(58,48,'2025-07-16 09:00:00'),(58,68,'2025-07-16 09:00:00'),(58,119,'2025-07-16 09:00:00'),(58,128,'2025-07-16 09:00:00'),(58,135,'2025-07-16 09:00:00'),(58,175,'2025-07-16 09:00:00'),(58,199,'2025-07-16 09:00:00'),(58,235,'2025-07-16 09:00:00'),(58,242,'2025-07-16 09:00:00'),(58,243,'2025-07-16 09:00:00'),(58,254,'2025-07-16 09:00:00'),(58,306,'2025-07-16 09:00:00'),(58,316,'2025-07-16 09:00:00'),(58,417,'2025-07-16 09:00:00'),(58,426,'2025-07-16 09:00:00'),(58,460,'2025-07-16 09:00:00'),(58,477,'2025-07-16 09:00:00'),(58,541,'2025-07-16 09:00:00'),(58,549,'2025-07-16 09:00:00'),(58,551,'2025-07-16 09:00:00'),(58,553,'2025-07-16 09:00:00'),(58,578,'2025-07-16 09:00:00'),(58,602,'2025-07-16 09:00:00'),(58,632,'2025-07-16 09:00:00'),(58,635,'2025-07-16 09:00:00'),(58,638,'2025-07-16 09:00:00'),(58,698,'2025-07-16 09:00:00'),(58,726,'2025-07-16 09:00:00'),(58,755,'2025-07-16 09:00:00'),(58,800,'2025-07-16 09:00:00'),(58,856,'2025-07-16 09:00:00'),(58,858,'2025-07-16 09:00:00'),(59,5,'2025-07-16 09:00:00'),(59,46,'2025-07-16 09:00:00'),(59,54,'2025-07-16 09:00:00'),(59,72,'2025-07-16 09:00:00'),(59,88,'2025-07-16 09:00:00'),(59,121,'2025-07-16 09:00:00'),(59,129,'2025-07-16 09:00:00'),(59,130,'2025-07-16 09:00:00'),(59,183,'2025-07-16 09:00:00'),(59,210,'2025-07-16 09:00:00'),(59,241,'2025-07-16 09:00:00'),(59,295,'2025-07-16 09:00:00'),(59,418,'2025-07-16 09:00:00'),(59,572,'2025-07-16 09:00:00'),(59,644,'2025-07-16 09:00:00'),(59,650,'2025-07-16 09:00:00'),(59,689,'2025-07-16 09:00:00'),(59,694,'2025-07-16 09:00:00'),(59,702,'2025-07-16 09:00:00'),(59,713,'2025-07-16 09:00:00'),(59,749,'2025-07-16 09:00:00'),(59,772,'2025-07-16 09:00:00'),(59,853,'2025-07-16 09:00:00'),(59,862,'2025-07-16 09:00:00'),(59,943,'2025-07-16 09:00:00'),(59,946,'2025-07-16 09:00:00'),(59,984,'2025-07-16 09:00:00'),(60,31,'2025-07-16 09:00:00'),(60,85,'2025-07-16 09:00:00'),(60,133,'2025-07-16 09:00:00'),(60,142,'2025-07-16 09:00:00'),(60,177,'2025-07-16 09:00:00'),(60,179,'2025-07-16 09:00:00'),(60,186,'2025-07-16 09:00:00'),(60,222,'2025-07-16 09:00:00'),(60,235,'2025-07-16 09:00:00'),(60,239,'2025-07-16 09:00:00'),(60,253,'2025-07-16 09:00:00'),(60,262,'2025-07-16 09:00:00'),(60,297,'2025-07-16 09:00:00'),(60,299,'2025-07-16 09:00:00'),(60,334,'2025-07-16 09:00:00'),(60,376,'2025-07-16 09:00:00'),(60,423,'2025-07-16 09:00:00'),(60,436,'2025-07-16 09:00:00'),(60,493,'2025-07-16 09:00:00'),(60,534,'2025-07-16 09:00:00'),(60,551,'2025-07-16 09:00:00'),(60,658,'2025-07-16 09:00:00'),(60,665,'2025-07-16 09:00:00'),(60,679,'2025-07-16 09:00:00'),(60,754,'2025-07-16 09:00:00'),(60,771,'2025-07-16 09:00:00'),(60,783,'2025-07-16 09:00:00'),(60,784,'2025-07-16 09:00:00'),(60,805,'2025-07-16 09:00:00'),(60,830,'2025-07-16 09:00:00'),(60,835,'2025-07-16 09:00:00'),(60,928,'2025-07-16 09:00:00'),(60,952,'2025-07-16 09:00:00'),(60,971,'2025-07-16 09:00:00'),(60,986,'2025-07-16 09:00:00'),(61,235,'2025-07-16 09:00:00'),(61,237,'2025-07-16 09:00:00'),(61,307,'2025-07-16 09:00:00'),(61,362,'2025-07-16 09:00:00'),(61,372,'2025-07-16 09:00:00'),(61,374,'2025-07-16 09:00:00'),(61,423,'2025-07-16 09:00:00'),(61,433,'2025-07-16 09:00:00'),(61,508,'2025-07-16 09:00:00'),(61,518,'2025-07-16 09:00:00'),(61,519,'2025-07-16 09:00:00'),(61,535,'2025-07-16 09:00:00'),(61,537,'2025-07-16 09:00:00'),(61,585,'2025-07-16 09:00:00'),(61,639,'2025-07-16 09:00:00'),(61,648,'2025-07-16 09:00:00'),(61,649,'2025-07-16 09:00:00'),(61,703,'2025-07-16 09:00:00'),(61,752,'2025-07-16 09:00:00'),(61,766,'2025-07-16 09:00:00'),(61,767,'2025-07-16 09:00:00'),(61,780,'2025-07-16 09:00:00'),(61,831,'2025-07-16 09:00:00'),(61,832,'2025-07-16 09:00:00'),(61,990,'2025-07-16 09:00:00'),(62,6,'2025-07-16 09:00:00'),(62,42,'2025-07-16 09:00:00'),(62,54,'2025-07-16 09:00:00'),(62,100,'2025-07-16 09:00:00'),(62,101,'2025-07-16 09:00:00'),(62,129,'2025-07-16 09:00:00'),(62,198,'2025-07-16 09:00:00'),(62,211,'2025-07-16 09:00:00'),(62,231,'2025-07-16 09:00:00'),(62,272,'2025-07-16 09:00:00'),(62,295,'2025-07-16 09:00:00'),(62,337,'2025-07-16 09:00:00'),(62,375,'2025-07-16 09:00:00'),(62,385,'2025-07-16 09:00:00'),(62,393,'2025-07-16 09:00:00'),(62,398,'2025-07-16 09:00:00'),(62,406,'2025-07-16 09:00:00'),(62,413,'2025-07-16 09:00:00'),(62,428,'2025-07-16 09:00:00'),(62,445,'2025-07-16 09:00:00'),(62,457,'2025-07-16 09:00:00'),(62,465,'2025-07-16 09:00:00'),(62,688,'2025-07-16 09:00:00'),(62,707,'2025-07-16 09:00:00'),(62,719,'2025-07-16 09:00:00'),(62,951,'2025-07-16 09:00:00'),(62,981,'2025-07-16 09:00:00'),(62,988,'2025-07-16 09:00:00'),(62,990,'2025-07-16 09:00:00'),(63,73,'2025-07-16 09:00:00'),(63,134,'2025-07-16 09:00:00'),(63,167,'2025-07-16 09:00:00'),(63,208,'2025-07-16 09:00:00'),(63,225,'2025-07-16 09:00:00'),(63,248,'2025-07-16 09:00:00'),(63,249,'2025-07-16 09:00:00'),(63,278,'2025-07-16 09:00:00'),(63,392,'2025-07-16 09:00:00'),(63,517,'2025-07-16 09:00:00'),(63,633,'2025-07-16 09:00:00'),(63,763,'2025-07-16 09:00:00'),(63,781,'2025-07-16 09:00:00'),(63,809,'2025-07-16 09:00:00'),(63,893,'2025-07-16 09:00:00'),(63,932,'2025-07-16 09:00:00'),(63,944,'2025-07-16 09:00:00'),(63,945,'2025-07-16 09:00:00'),(63,981,'2025-07-16 09:00:00'),(64,3,'2025-07-16 09:00:00'),(64,10,'2025-07-16 09:00:00'),(64,37,'2025-07-16 09:00:00'),(64,87,'2025-07-16 09:00:00'),(64,88,'2025-07-16 09:00:00'),(64,124,'2025-07-16 09:00:00'),(64,197,'2025-07-16 09:00:00'),(64,280,'2025-07-16 09:00:00'),(64,291,'2025-07-16 09:00:00'),(64,307,'2025-07-16 09:00:00'),(64,335,'2025-07-16 09:00:00'),(64,345,'2025-07-16 09:00:00'),(64,448,'2025-07-16 09:00:00'),(64,469,'2025-07-16 09:00:00'),(64,471,'2025-07-16 09:00:00'),(64,506,'2025-07-16 09:00:00'),(64,543,'2025-07-16 09:00:00'),(64,557,'2025-07-16 09:00:00'),(64,569,'2025-07-16 09:00:00'),(64,572,'2025-07-16 09:00:00'),(64,597,'2025-07-16 09:00:00'),(64,616,'2025-07-16 09:00:00'),(64,646,'2025-07-16 09:00:00'),(64,694,'2025-07-16 09:00:00'),(64,832,'2025-07-16 09:00:00'),(64,852,'2025-07-16 09:00:00'),(64,860,'2025-07-16 09:00:00'),(64,921,'2025-07-16 09:00:00'),(64,925,'2025-07-16 09:00:00'),(64,980,'2025-07-16 09:00:00'),(65,39,'2025-07-16 09:00:00'),(65,46,'2025-07-16 09:00:00'),(65,97,'2025-07-16 09:00:00'),(65,106,'2025-07-16 09:00:00'),(65,117,'2025-07-16 09:00:00'),(65,125,'2025-07-16 09:00:00'),(65,158,'2025-07-16 09:00:00'),(65,276,'2025-07-16 09:00:00'),(65,305,'2025-07-16 09:00:00'),(65,338,'2025-07-16 09:00:00'),(65,347,'2025-07-16 09:00:00'),(65,371,'2025-07-16 09:00:00'),(65,398,'2025-07-16 09:00:00'),(65,471,'2025-07-16 09:00:00'),(65,475,'2025-07-16 09:00:00'),(65,476,'2025-07-16 09:00:00'),(65,491,'2025-07-16 09:00:00'),(65,496,'2025-07-16 09:00:00'),(65,516,'2025-07-16 09:00:00'),(65,517,'2025-07-16 09:00:00'),(65,541,'2025-07-16 09:00:00'),(65,556,'2025-07-16 09:00:00'),(65,571,'2025-07-16 09:00:00'),(65,577,'2025-07-16 09:00:00'),(65,615,'2025-07-16 09:00:00'),(65,658,'2025-07-16 09:00:00'),(65,683,'2025-07-16 09:00:00'),(65,694,'2025-07-16 09:00:00'),(65,714,'2025-07-16 09:00:00'),(65,735,'2025-07-16 09:00:00'),(65,852,'2025-07-16 09:00:00'),(65,938,'2025-07-16 09:00:00'),(65,951,'2025-07-16 09:00:00'),(65,965,'2025-07-16 09:00:00'),(66,55,'2025-07-16 09:00:00'),(66,143,'2025-07-16 09:00:00'),(66,207,'2025-07-16 09:00:00'),(66,226,'2025-07-16 09:00:00'),(66,229,'2025-07-16 09:00:00'),(66,230,'2025-07-16 09:00:00'),(66,283,'2025-07-16 09:00:00'),(66,300,'2025-07-16 09:00:00'),(66,342,'2025-07-16 09:00:00'),(66,350,'2025-07-16 09:00:00'),(66,361,'2025-07-16 09:00:00'),(66,376,'2025-07-16 09:00:00'),(66,424,'2025-07-16 09:00:00'),(66,434,'2025-07-16 09:00:00'),(66,553,'2025-07-16 09:00:00'),(66,608,'2025-07-16 09:00:00'),(66,676,'2025-07-16 09:00:00'),(66,697,'2025-07-16 09:00:00'),(66,706,'2025-07-16 09:00:00'),(66,725,'2025-07-16 09:00:00'),(66,769,'2025-07-16 09:00:00'),(66,793,'2025-07-16 09:00:00'),(66,829,'2025-07-16 09:00:00'),(66,871,'2025-07-16 09:00:00'),(66,909,'2025-07-16 09:00:00'),(66,915,'2025-07-16 09:00:00'),(66,928,'2025-07-16 09:00:00'),(66,951,'2025-07-16 09:00:00'),(66,957,'2025-07-16 09:00:00'),(66,960,'2025-07-16 09:00:00'),(66,999,'2025-07-16 09:00:00'),(67,24,'2025-07-16 09:00:00'),(67,57,'2025-07-16 09:00:00'),(67,67,'2025-07-16 09:00:00'),(67,144,'2025-07-16 09:00:00'),(67,242,'2025-07-16 09:00:00'),(67,244,'2025-07-16 09:00:00'),(67,256,'2025-07-16 09:00:00'),(67,408,'2025-07-16 09:00:00'),(67,477,'2025-07-16 09:00:00'),(67,496,'2025-07-16 09:00:00'),(67,512,'2025-07-16 09:00:00'),(67,576,'2025-07-16 09:00:00'),(67,601,'2025-07-16 09:00:00'),(67,725,'2025-07-16 09:00:00'),(67,726,'2025-07-16 09:00:00'),(67,731,'2025-07-16 09:00:00'),(67,766,'2025-07-16 09:00:00'),(67,861,'2025-07-16 09:00:00'),(67,870,'2025-07-16 09:00:00'),(67,915,'2025-07-16 09:00:00'),(67,945,'2025-07-16 09:00:00'),(67,972,'2025-07-16 09:00:00'),(67,981,'2025-07-16 09:00:00'),(68,9,'2025-07-16 09:00:00'),(68,45,'2025-07-16 09:00:00'),(68,133,'2025-07-16 09:00:00'),(68,161,'2025-07-16 09:00:00'),(68,205,'2025-07-16 09:00:00'),(68,213,'2025-07-16 09:00:00'),(68,215,'2025-07-16 09:00:00'),(68,255,'2025-07-16 09:00:00'),(68,296,'2025-07-16 09:00:00'),(68,315,'2025-07-16 09:00:00'),(68,325,'2025-07-16 09:00:00'),(68,331,'2025-07-16 09:00:00'),(68,347,'2025-07-16 09:00:00'),(68,357,'2025-07-16 09:00:00'),(68,378,'2025-07-16 09:00:00'),(68,380,'2025-07-16 09:00:00'),(68,386,'2025-07-16 09:00:00'),(68,396,'2025-07-16 09:00:00'),(68,435,'2025-07-16 09:00:00'),(68,497,'2025-07-16 09:00:00'),(68,607,'2025-07-16 09:00:00'),(68,654,'2025-07-16 09:00:00'),(68,665,'2025-07-16 09:00:00'),(68,671,'2025-07-16 09:00:00'),(68,706,'2025-07-16 09:00:00'),(68,747,'2025-07-16 09:00:00'),(68,834,'2025-07-16 09:00:00'),(68,839,'2025-07-16 09:00:00'),(68,840,'2025-07-16 09:00:00'),(68,971,'2025-07-16 09:00:00'),(69,15,'2025-07-16 09:00:00'),(69,88,'2025-07-16 09:00:00'),(69,111,'2025-07-16 09:00:00'),(69,202,'2025-07-16 09:00:00'),(69,236,'2025-07-16 09:00:00'),(69,292,'2025-07-16 09:00:00'),(69,300,'2025-07-16 09:00:00'),(69,306,'2025-07-16 09:00:00'),(69,374,'2025-07-16 09:00:00'),(69,396,'2025-07-16 09:00:00'),(69,452,'2025-07-16 09:00:00'),(69,466,'2025-07-16 09:00:00'),(69,529,'2025-07-16 09:00:00'),(69,612,'2025-07-16 09:00:00'),(69,720,'2025-07-16 09:00:00'),(69,722,'2025-07-16 09:00:00'),(69,761,'2025-07-16 09:00:00'),(69,791,'2025-07-16 09:00:00'),(69,864,'2025-07-16 09:00:00'),(69,877,'2025-07-16 09:00:00'),(69,914,'2025-07-16 09:00:00'),(70,50,'2025-07-16 09:00:00'),(70,53,'2025-07-16 09:00:00'),(70,92,'2025-07-16 09:00:00'),(70,202,'2025-07-16 09:00:00'),(70,227,'2025-07-16 09:00:00'),(70,249,'2025-07-16 09:00:00'),(70,290,'2025-07-16 09:00:00'),(70,304,'2025-07-16 09:00:00'),(70,343,'2025-07-16 09:00:00'),(70,414,'2025-07-16 09:00:00'),(70,453,'2025-07-16 09:00:00'),(70,466,'2025-07-16 09:00:00'),(70,504,'2025-07-16 09:00:00'),(70,584,'2025-07-16 09:00:00'),(70,628,'2025-07-16 09:00:00'),(70,654,'2025-07-16 09:00:00'),(70,725,'2025-07-16 09:00:00'),(70,823,'2025-07-16 09:00:00'),(70,834,'2025-07-16 09:00:00'),(70,856,'2025-07-16 09:00:00'),(70,869,'2025-07-16 09:00:00'),(70,953,'2025-07-16 09:00:00'),(70,964,'2025-07-16 09:00:00'),(71,26,'2025-07-16 09:00:00'),(71,52,'2025-07-16 09:00:00'),(71,233,'2025-07-16 09:00:00'),(71,317,'2025-07-16 09:00:00'),(71,359,'2025-07-16 09:00:00'),(71,362,'2025-07-16 09:00:00'),(71,385,'2025-07-16 09:00:00'),(71,399,'2025-07-16 09:00:00'),(71,450,'2025-07-16 09:00:00'),(71,532,'2025-07-16 09:00:00'),(71,560,'2025-07-16 09:00:00'),(71,574,'2025-07-16 09:00:00'),(71,638,'2025-07-16 09:00:00'),(71,773,'2025-07-16 09:00:00'),(71,833,'2025-07-16 09:00:00'),(71,874,'2025-07-16 09:00:00'),(71,918,'2025-07-16 09:00:00'),(71,956,'2025-07-16 09:00:00'),(72,34,'2025-07-16 09:00:00'),(72,144,'2025-07-16 09:00:00'),(72,237,'2025-07-16 09:00:00'),(72,249,'2025-07-16 09:00:00'),(72,286,'2025-07-16 09:00:00'),(72,296,'2025-07-16 09:00:00'),(72,325,'2025-07-16 09:00:00'),(72,331,'2025-07-16 09:00:00'),(72,405,'2025-07-16 09:00:00'),(72,450,'2025-07-16 09:00:00'),(72,550,'2025-07-16 09:00:00'),(72,609,'2025-07-16 09:00:00'),(72,623,'2025-07-16 09:00:00'),(72,636,'2025-07-16 09:00:00'),(72,640,'2025-07-16 09:00:00'),(72,665,'2025-07-16 09:00:00'),(72,718,'2025-07-16 09:00:00'),(72,743,'2025-07-16 09:00:00'),(72,757,'2025-07-16 09:00:00'),(72,773,'2025-07-16 09:00:00'),(72,854,'2025-07-16 09:00:00'),(72,865,'2025-07-16 09:00:00'),(72,938,'2025-07-16 09:00:00'),(72,956,'2025-07-16 09:00:00'),(72,964,'2025-07-16 09:00:00'),(72,969,'2025-07-16 09:00:00'),(73,36,'2025-07-16 09:00:00'),(73,45,'2025-07-16 09:00:00'),(73,51,'2025-07-16 09:00:00'),(73,77,'2025-07-16 09:00:00'),(73,148,'2025-07-16 09:00:00'),(73,245,'2025-07-16 09:00:00'),(73,275,'2025-07-16 09:00:00'),(73,322,'2025-07-16 09:00:00'),(73,374,'2025-07-16 09:00:00'),(73,379,'2025-07-16 09:00:00'),(73,467,'2025-07-16 09:00:00'),(73,548,'2025-07-16 09:00:00'),(73,561,'2025-07-16 09:00:00'),(73,562,'2025-07-16 09:00:00'),(73,565,'2025-07-16 09:00:00'),(73,627,'2025-07-16 09:00:00'),(73,666,'2025-07-16 09:00:00'),(73,667,'2025-07-16 09:00:00'),(73,707,'2025-07-16 09:00:00'),(73,748,'2025-07-16 09:00:00'),(73,772,'2025-07-16 09:00:00'),(73,823,'2025-07-16 09:00:00'),(73,936,'2025-07-16 09:00:00'),(73,946,'2025-07-16 09:00:00'),(73,950,'2025-07-16 09:00:00'),(73,998,'2025-07-16 09:00:00'),(74,28,'2025-07-16 09:00:00'),(74,44,'2025-07-16 09:00:00'),(74,117,'2025-07-16 09:00:00'),(74,185,'2025-07-16 09:00:00'),(74,192,'2025-07-16 09:00:00'),(74,203,'2025-07-16 09:00:00'),(74,263,'2025-07-16 09:00:00'),(74,321,'2025-07-16 09:00:00'),(74,415,'2025-07-16 09:00:00'),(74,484,'2025-07-16 09:00:00'),(74,503,'2025-07-16 09:00:00'),(74,537,'2025-07-16 09:00:00'),(74,543,'2025-07-16 09:00:00'),(74,617,'2025-07-16 09:00:00'),(74,626,'2025-07-16 09:00:00'),(74,637,'2025-07-16 09:00:00'),(74,663,'2025-07-16 09:00:00'),(74,704,'2025-07-16 09:00:00'),(74,720,'2025-07-16 09:00:00'),(74,747,'2025-07-16 09:00:00'),(74,780,'2025-07-16 09:00:00'),(74,804,'2025-07-16 09:00:00'),(74,834,'2025-07-16 09:00:00'),(74,836,'2025-07-16 09:00:00'),(74,848,'2025-07-16 09:00:00'),(74,872,'2025-07-16 09:00:00'),(74,902,'2025-07-16 09:00:00'),(74,956,'2025-07-16 09:00:00'),(75,12,'2025-07-16 09:00:00'),(75,34,'2025-07-16 09:00:00'),(75,143,'2025-07-16 09:00:00'),(75,170,'2025-07-16 09:00:00'),(75,222,'2025-07-16 09:00:00'),(75,301,'2025-07-16 09:00:00'),(75,347,'2025-07-16 09:00:00'),(75,372,'2025-07-16 09:00:00'),(75,436,'2025-07-16 09:00:00'),(75,445,'2025-07-16 09:00:00'),(75,446,'2025-07-16 09:00:00'),(75,492,'2025-07-16 09:00:00'),(75,498,'2025-07-16 09:00:00'),(75,508,'2025-07-16 09:00:00'),(75,541,'2025-07-16 09:00:00'),(75,547,'2025-07-16 09:00:00'),(75,579,'2025-07-16 09:00:00'),(75,645,'2025-07-16 09:00:00'),(75,667,'2025-07-16 09:00:00'),(75,744,'2025-07-16 09:00:00'),(75,764,'2025-07-16 09:00:00'),(75,780,'2025-07-16 09:00:00'),(75,870,'2025-07-16 09:00:00'),(75,920,'2025-07-16 09:00:00'),(76,60,'2025-07-16 09:00:00'),(76,66,'2025-07-16 09:00:00'),(76,68,'2025-07-16 09:00:00'),(76,95,'2025-07-16 09:00:00'),(76,122,'2025-07-16 09:00:00'),(76,187,'2025-07-16 09:00:00'),(76,223,'2025-07-16 09:00:00'),(76,234,'2025-07-16 09:00:00'),(76,251,'2025-07-16 09:00:00'),(76,348,'2025-07-16 09:00:00'),(76,444,'2025-07-16 09:00:00'),(76,464,'2025-07-16 09:00:00'),(76,474,'2025-07-16 09:00:00'),(76,498,'2025-07-16 09:00:00'),(76,568,'2025-07-16 09:00:00'),(76,604,'2025-07-16 09:00:00'),(76,606,'2025-07-16 09:00:00'),(76,642,'2025-07-16 09:00:00'),(76,648,'2025-07-16 09:00:00'),(76,650,'2025-07-16 09:00:00'),(76,709,'2025-07-16 09:00:00'),(76,760,'2025-07-16 09:00:00'),(76,765,'2025-07-16 09:00:00'),(76,781,'2025-07-16 09:00:00'),(76,850,'2025-07-16 09:00:00'),(76,862,'2025-07-16 09:00:00'),(76,866,'2025-07-16 09:00:00'),(76,870,'2025-07-16 09:00:00'),(76,912,'2025-07-16 09:00:00'),(76,935,'2025-07-16 09:00:00'),(76,958,'2025-07-16 09:00:00'),(77,13,'2025-07-16 09:00:00'),(77,22,'2025-07-16 09:00:00'),(77,40,'2025-07-16 09:00:00'),(77,73,'2025-07-16 09:00:00'),(77,78,'2025-07-16 09:00:00'),(77,153,'2025-07-16 09:00:00'),(77,224,'2025-07-16 09:00:00'),(77,240,'2025-07-16 09:00:00'),(77,245,'2025-07-16 09:00:00'),(77,261,'2025-07-16 09:00:00'),(77,343,'2025-07-16 09:00:00'),(77,442,'2025-07-16 09:00:00'),(77,458,'2025-07-16 09:00:00'),(77,538,'2025-07-16 09:00:00'),(77,566,'2025-07-16 09:00:00'),(77,612,'2025-07-16 09:00:00'),(77,635,'2025-07-16 09:00:00'),(77,694,'2025-07-16 09:00:00'),(77,749,'2025-07-16 09:00:00'),(77,938,'2025-07-16 09:00:00'),(77,943,'2025-07-16 09:00:00'),(77,963,'2025-07-16 09:00:00'),(77,969,'2025-07-16 09:00:00'),(77,993,'2025-07-16 09:00:00'),(78,86,'2025-07-16 09:00:00'),(78,239,'2025-07-16 09:00:00'),(78,260,'2025-07-16 09:00:00'),(78,261,'2025-07-16 09:00:00'),(78,265,'2025-07-16 09:00:00'),(78,301,'2025-07-16 09:00:00'),(78,387,'2025-07-16 09:00:00'),(78,393,'2025-07-16 09:00:00'),(78,428,'2025-07-16 09:00:00'),(78,457,'2025-07-16 09:00:00'),(78,505,'2025-07-16 09:00:00'),(78,520,'2025-07-16 09:00:00'),(78,530,'2025-07-16 09:00:00'),(78,549,'2025-07-16 09:00:00'),(78,552,'2025-07-16 09:00:00'),(78,599,'2025-07-16 09:00:00'),(78,670,'2025-07-16 09:00:00'),(78,674,'2025-07-16 09:00:00'),(78,689,'2025-07-16 09:00:00'),(78,762,'2025-07-16 09:00:00'),(78,767,'2025-07-16 09:00:00'),(78,811,'2025-07-16 09:00:00'),(78,852,'2025-07-16 09:00:00'),(78,880,'2025-07-16 09:00:00'),(78,963,'2025-07-16 09:00:00'),(78,968,'2025-07-16 09:00:00'),(79,32,'2025-07-16 09:00:00'),(79,33,'2025-07-16 09:00:00'),(79,40,'2025-07-16 09:00:00'),(79,141,'2025-07-16 09:00:00'),(79,205,'2025-07-16 09:00:00'),(79,230,'2025-07-16 09:00:00'),(79,242,'2025-07-16 09:00:00'),(79,262,'2025-07-16 09:00:00'),(79,267,'2025-07-16 09:00:00'),(79,269,'2025-07-16 09:00:00'),(79,299,'2025-07-16 09:00:00'),(79,367,'2025-07-16 09:00:00'),(79,428,'2025-07-16 09:00:00'),(79,430,'2025-07-16 09:00:00'),(79,473,'2025-07-16 09:00:00'),(79,607,'2025-07-16 09:00:00'),(79,628,'2025-07-16 09:00:00'),(79,634,'2025-07-16 09:00:00'),(79,646,'2025-07-16 09:00:00'),(79,727,'2025-07-16 09:00:00'),(79,750,'2025-07-16 09:00:00'),(79,753,'2025-07-16 09:00:00'),(79,769,'2025-07-16 09:00:00'),(79,776,'2025-07-16 09:00:00'),(79,788,'2025-07-16 09:00:00'),(79,840,'2025-07-16 09:00:00'),(79,853,'2025-07-16 09:00:00'),(79,916,'2025-07-16 09:00:00'),(80,69,'2025-07-16 09:00:00'),(80,118,'2025-07-16 09:00:00'),(80,124,'2025-07-16 09:00:00'),(80,175,'2025-07-16 09:00:00'),(80,207,'2025-07-16 09:00:00'),(80,212,'2025-07-16 09:00:00'),(80,260,'2025-07-16 09:00:00'),(80,262,'2025-07-16 09:00:00'),(80,280,'2025-07-16 09:00:00'),(80,341,'2025-07-16 09:00:00'),(80,342,'2025-07-16 09:00:00'),(80,343,'2025-07-16 09:00:00'),(80,362,'2025-07-16 09:00:00'),(80,436,'2025-07-16 09:00:00'),(80,475,'2025-07-16 09:00:00'),(80,553,'2025-07-16 09:00:00'),(80,619,'2025-07-16 09:00:00'),(80,622,'2025-07-16 09:00:00'),(80,680,'2025-07-16 09:00:00'),(80,687,'2025-07-16 09:00:00'),(80,688,'2025-07-16 09:00:00'),(80,709,'2025-07-16 09:00:00'),(80,788,'2025-07-16 09:00:00'),(80,807,'2025-07-16 09:00:00'),(80,858,'2025-07-16 09:00:00'),(80,888,'2025-07-16 09:00:00'),(80,941,'2025-07-16 09:00:00'),(80,979,'2025-07-16 09:00:00'),(81,4,'2025-07-16 09:00:00'),(81,11,'2025-07-16 09:00:00'),(81,59,'2025-07-16 09:00:00'),(81,89,'2025-07-16 09:00:00'),(81,178,'2025-07-16 09:00:00'),(81,186,'2025-07-16 09:00:00'),(81,194,'2025-07-16 09:00:00'),(81,215,'2025-07-16 09:00:00'),(81,219,'2025-07-16 09:00:00'),(81,232,'2025-07-16 09:00:00'),(81,260,'2025-07-16 09:00:00'),(81,267,'2025-07-16 09:00:00'),(81,268,'2025-07-16 09:00:00'),(81,304,'2025-07-16 09:00:00'),(81,332,'2025-07-16 09:00:00'),(81,389,'2025-07-16 09:00:00'),(81,398,'2025-07-16 09:00:00'),(81,453,'2025-07-16 09:00:00'),(81,458,'2025-07-16 09:00:00'),(81,465,'2025-07-16 09:00:00'),(81,505,'2025-07-16 09:00:00'),(81,508,'2025-07-16 09:00:00'),(81,527,'2025-07-16 09:00:00'),(81,545,'2025-07-16 09:00:00'),(81,564,'2025-07-16 09:00:00'),(81,578,'2025-07-16 09:00:00'),(81,579,'2025-07-16 09:00:00'),(81,613,'2025-07-16 09:00:00'),(81,619,'2025-07-16 09:00:00'),(81,643,'2025-07-16 09:00:00'),(81,692,'2025-07-16 09:00:00'),(81,710,'2025-07-16 09:00:00'),(81,729,'2025-07-16 09:00:00'),(81,761,'2025-07-16 09:00:00'),(81,827,'2025-07-16 09:00:00'),(81,910,'2025-07-16 09:00:00'),(82,17,'2025-07-16 09:00:00'),(82,33,'2025-07-16 09:00:00'),(82,104,'2025-07-16 09:00:00'),(82,143,'2025-07-16 09:00:00'),(82,188,'2025-07-16 09:00:00'),(82,242,'2025-07-16 09:00:00'),(82,247,'2025-07-16 09:00:00'),(82,290,'2025-07-16 09:00:00'),(82,306,'2025-07-16 09:00:00'),(82,316,'2025-07-16 09:00:00'),(82,344,'2025-07-16 09:00:00'),(82,453,'2025-07-16 09:00:00'),(82,468,'2025-07-16 09:00:00'),(82,480,'2025-07-16 09:00:00'),(82,497,'2025-07-16 09:00:00'),(82,503,'2025-07-16 09:00:00'),(82,527,'2025-07-16 09:00:00'),(82,551,'2025-07-16 09:00:00'),(82,561,'2025-07-16 09:00:00'),(82,750,'2025-07-16 09:00:00'),(82,787,'2025-07-16 09:00:00'),(82,802,'2025-07-16 09:00:00'),(82,838,'2025-07-16 09:00:00'),(82,839,'2025-07-16 09:00:00'),(82,870,'2025-07-16 09:00:00'),(82,877,'2025-07-16 09:00:00'),(82,893,'2025-07-16 09:00:00'),(82,911,'2025-07-16 09:00:00'),(82,954,'2025-07-16 09:00:00'),(82,978,'2025-07-16 09:00:00'),(82,985,'2025-07-16 09:00:00'),(83,49,'2025-07-16 09:00:00'),(83,52,'2025-07-16 09:00:00'),(83,58,'2025-07-16 09:00:00'),(83,110,'2025-07-16 09:00:00'),(83,120,'2025-07-16 09:00:00'),(83,121,'2025-07-16 09:00:00'),(83,135,'2025-07-16 09:00:00'),(83,165,'2025-07-16 09:00:00'),(83,217,'2025-07-16 09:00:00'),(83,247,'2025-07-16 09:00:00'),(83,249,'2025-07-16 09:00:00'),(83,263,'2025-07-16 09:00:00'),(83,268,'2025-07-16 09:00:00'),(83,279,'2025-07-16 09:00:00'),(83,281,'2025-07-16 09:00:00'),(83,339,'2025-07-16 09:00:00'),(83,340,'2025-07-16 09:00:00'),(83,369,'2025-07-16 09:00:00'),(83,412,'2025-07-16 09:00:00'),(83,519,'2025-07-16 09:00:00'),(83,529,'2025-07-16 09:00:00'),(83,615,'2025-07-16 09:00:00'),(83,631,'2025-07-16 09:00:00'),(83,655,'2025-07-16 09:00:00'),(83,672,'2025-07-16 09:00:00'),(83,686,'2025-07-16 09:00:00'),(83,719,'2025-07-16 09:00:00'),(83,764,'2025-07-16 09:00:00'),(83,777,'2025-07-16 09:00:00'),(83,784,'2025-07-16 09:00:00'),(83,833,'2025-07-16 09:00:00'),(83,873,'2025-07-16 09:00:00'),(83,932,'2025-07-16 09:00:00'),(84,19,'2025-07-16 09:00:00'),(84,39,'2025-07-16 09:00:00'),(84,46,'2025-07-16 09:00:00'),(84,175,'2025-07-16 09:00:00'),(84,238,'2025-07-16 09:00:00'),(84,281,'2025-07-16 09:00:00'),(84,290,'2025-07-16 09:00:00'),(84,312,'2025-07-16 09:00:00'),(84,317,'2025-07-16 09:00:00'),(84,413,'2025-07-16 09:00:00'),(84,414,'2025-07-16 09:00:00'),(84,460,'2025-07-16 09:00:00'),(84,479,'2025-07-16 09:00:00'),(84,491,'2025-07-16 09:00:00'),(84,529,'2025-07-16 09:00:00'),(84,540,'2025-07-16 09:00:00'),(84,566,'2025-07-16 09:00:00'),(84,574,'2025-07-16 09:00:00'),(84,589,'2025-07-16 09:00:00'),(84,616,'2025-07-16 09:00:00'),(84,646,'2025-07-16 09:00:00'),(84,703,'2025-07-16 09:00:00'),(84,729,'2025-07-16 09:00:00'),(84,764,'2025-07-16 09:00:00'),(84,782,'2025-07-16 09:00:00'),(84,809,'2025-07-16 09:00:00'),(84,830,'2025-07-16 09:00:00'),(84,843,'2025-07-16 09:00:00'),(84,887,'2025-07-16 09:00:00'),(84,975,'2025-07-16 09:00:00'),(84,996,'2025-07-16 09:00:00'),(85,2,'2025-07-16 09:00:00'),(85,14,'2025-07-16 09:00:00'),(85,72,'2025-07-16 09:00:00'),(85,85,'2025-07-16 09:00:00'),(85,92,'2025-07-16 09:00:00'),(85,148,'2025-07-16 09:00:00'),(85,216,'2025-07-16 09:00:00'),(85,290,'2025-07-16 09:00:00'),(85,296,'2025-07-16 09:00:00'),(85,297,'2025-07-16 09:00:00'),(85,337,'2025-07-16 09:00:00'),(85,383,'2025-07-16 09:00:00'),(85,421,'2025-07-16 09:00:00'),(85,446,'2025-07-16 09:00:00'),(85,461,'2025-07-16 09:00:00'),(85,475,'2025-07-16 09:00:00'),(85,478,'2025-07-16 09:00:00'),(85,522,'2025-07-16 09:00:00'),(85,543,'2025-07-16 09:00:00'),(85,558,'2025-07-16 09:00:00'),(85,591,'2025-07-16 09:00:00'),(85,630,'2025-07-16 09:00:00'),(85,678,'2025-07-16 09:00:00'),(85,711,'2025-07-16 09:00:00'),(85,761,'2025-07-16 09:00:00'),(85,812,'2025-07-16 09:00:00'),(85,869,'2025-07-16 09:00:00'),(85,875,'2025-07-16 09:00:00'),(85,895,'2025-07-16 09:00:00'),(85,957,'2025-07-16 09:00:00'),(85,960,'2025-07-16 09:00:00'),(86,137,'2025-07-16 09:00:00'),(86,163,'2025-07-16 09:00:00'),(86,196,'2025-07-16 09:00:00'),(86,216,'2025-07-16 09:00:00'),(86,249,'2025-07-16 09:00:00'),(86,303,'2025-07-16 09:00:00'),(86,331,'2025-07-16 09:00:00'),(86,364,'2025-07-16 09:00:00'),(86,391,'2025-07-16 09:00:00'),(86,432,'2025-07-16 09:00:00'),(86,482,'2025-07-16 09:00:00'),(86,486,'2025-07-16 09:00:00'),(86,519,'2025-07-16 09:00:00'),(86,520,'2025-07-16 09:00:00'),(86,548,'2025-07-16 09:00:00'),(86,623,'2025-07-16 09:00:00'),(86,631,'2025-07-16 09:00:00'),(86,636,'2025-07-16 09:00:00'),(86,752,'2025-07-16 09:00:00'),(86,760,'2025-07-16 09:00:00'),(86,808,'2025-07-16 09:00:00'),(86,857,'2025-07-16 09:00:00'),(86,878,'2025-07-16 09:00:00'),(86,893,'2025-07-16 09:00:00'),(86,905,'2025-07-16 09:00:00'),(86,923,'2025-07-16 09:00:00'),(86,929,'2025-07-16 09:00:00'),(87,48,'2025-07-16 09:00:00'),(87,157,'2025-07-16 09:00:00'),(87,161,'2025-07-16 09:00:00'),(87,199,'2025-07-16 09:00:00'),(87,207,'2025-07-16 09:00:00'),(87,250,'2025-07-16 09:00:00'),(87,253,'2025-07-16 09:00:00'),(87,312,'2025-07-16 09:00:00'),(87,421,'2025-07-16 09:00:00'),(87,570,'2025-07-16 09:00:00'),(87,599,'2025-07-16 09:00:00'),(87,606,'2025-07-16 09:00:00'),(87,654,'2025-07-16 09:00:00'),(87,679,'2025-07-16 09:00:00'),(87,706,'2025-07-16 09:00:00'),(87,718,'2025-07-16 09:00:00'),(87,721,'2025-07-16 09:00:00'),(87,830,'2025-07-16 09:00:00'),(87,870,'2025-07-16 09:00:00'),(87,952,'2025-07-16 09:00:00'),(87,961,'2025-07-16 09:00:00'),(88,4,'2025-07-16 09:00:00'),(88,76,'2025-07-16 09:00:00'),(88,87,'2025-07-16 09:00:00'),(88,128,'2025-07-16 09:00:00'),(88,170,'2025-07-16 09:00:00'),(88,193,'2025-07-16 09:00:00'),(88,234,'2025-07-16 09:00:00'),(88,304,'2025-07-16 09:00:00'),(88,602,'2025-07-16 09:00:00'),(88,620,'2025-07-16 09:00:00'),(88,668,'2025-07-16 09:00:00'),(88,717,'2025-07-16 09:00:00'),(88,785,'2025-07-16 09:00:00'),(88,819,'2025-07-16 09:00:00'),(88,839,'2025-07-16 09:00:00'),(88,881,'2025-07-16 09:00:00'),(88,908,'2025-07-16 09:00:00'),(88,929,'2025-07-16 09:00:00'),(88,940,'2025-07-16 09:00:00'),(88,968,'2025-07-16 09:00:00'),(89,47,'2025-07-16 09:00:00'),(89,103,'2025-07-16 09:00:00'),(89,117,'2025-07-16 09:00:00'),(89,162,'2025-07-16 09:00:00'),(89,182,'2025-07-16 09:00:00'),(89,187,'2025-07-16 09:00:00'),(89,212,'2025-07-16 09:00:00'),(89,254,'2025-07-16 09:00:00'),(89,266,'2025-07-16 09:00:00'),(89,306,'2025-07-16 09:00:00'),(89,342,'2025-07-16 09:00:00'),(89,406,'2025-07-16 09:00:00'),(89,410,'2025-07-16 09:00:00'),(89,446,'2025-07-16 09:00:00'),(89,473,'2025-07-16 09:00:00'),(89,488,'2025-07-16 09:00:00'),(89,529,'2025-07-16 09:00:00'),(89,542,'2025-07-16 09:00:00'),(89,564,'2025-07-16 09:00:00'),(89,697,'2025-07-16 09:00:00'),(89,833,'2025-07-16 09:00:00'),(89,864,'2025-07-16 09:00:00'),(89,970,'2025-07-16 09:00:00'),(89,976,'2025-07-16 09:00:00'),(90,2,'2025-07-16 09:00:00'),(90,11,'2025-07-16 09:00:00'),(90,100,'2025-07-16 09:00:00'),(90,197,'2025-07-16 09:00:00'),(90,212,'2025-07-16 09:00:00'),(90,262,'2025-07-16 09:00:00'),(90,303,'2025-07-16 09:00:00'),(90,330,'2025-07-16 09:00:00'),(90,363,'2025-07-16 09:00:00'),(90,374,'2025-07-16 09:00:00'),(90,384,'2025-07-16 09:00:00'),(90,385,'2025-07-16 09:00:00'),(90,391,'2025-07-16 09:00:00'),(90,406,'2025-07-16 09:00:00'),(90,433,'2025-07-16 09:00:00'),(90,442,'2025-07-16 09:00:00'),(90,451,'2025-07-16 09:00:00'),(90,520,'2025-07-16 09:00:00'),(90,529,'2025-07-16 09:00:00'),(90,542,'2025-07-16 09:00:00'),(90,586,'2025-07-16 09:00:00'),(90,633,'2025-07-16 09:00:00'),(90,663,'2025-07-16 09:00:00'),(90,676,'2025-07-16 09:00:00'),(90,771,'2025-07-16 09:00:00'),(90,817,'2025-07-16 09:00:00'),(90,838,'2025-07-16 09:00:00'),(90,855,'2025-07-16 09:00:00'),(90,858,'2025-07-16 09:00:00'),(90,868,'2025-07-16 09:00:00'),(90,880,'2025-07-16 09:00:00'),(90,901,'2025-07-16 09:00:00'),(90,925,'2025-07-16 09:00:00'),(91,13,'2025-07-16 09:00:00'),(91,25,'2025-07-16 09:00:00'),(91,48,'2025-07-16 09:00:00'),(91,176,'2025-07-16 09:00:00'),(91,181,'2025-07-16 09:00:00'),(91,190,'2025-07-16 09:00:00'),(91,335,'2025-07-16 09:00:00'),(91,416,'2025-07-16 09:00:00'),(91,447,'2025-07-16 09:00:00'),(91,480,'2025-07-16 09:00:00'),(91,493,'2025-07-16 09:00:00'),(91,509,'2025-07-16 09:00:00'),(91,511,'2025-07-16 09:00:00'),(91,608,'2025-07-16 09:00:00'),(91,807,'2025-07-16 09:00:00'),(91,829,'2025-07-16 09:00:00'),(91,849,'2025-07-16 09:00:00'),(91,859,'2025-07-16 09:00:00'),(91,941,'2025-07-16 09:00:00'),(91,982,'2025-07-16 09:00:00'),(92,90,'2025-07-16 09:00:00'),(92,94,'2025-07-16 09:00:00'),(92,103,'2025-07-16 09:00:00'),(92,104,'2025-07-16 09:00:00'),(92,123,'2025-07-16 09:00:00'),(92,137,'2025-07-16 09:00:00'),(92,207,'2025-07-16 09:00:00'),(92,229,'2025-07-16 09:00:00'),(92,338,'2025-07-16 09:00:00'),(92,381,'2025-07-16 09:00:00'),(92,436,'2025-07-16 09:00:00'),(92,443,'2025-07-16 09:00:00'),(92,453,'2025-07-16 09:00:00'),(92,470,'2025-07-16 09:00:00'),(92,505,'2025-07-16 09:00:00'),(92,512,'2025-07-16 09:00:00'),(92,543,'2025-07-16 09:00:00'),(92,545,'2025-07-16 09:00:00'),(92,547,'2025-07-16 09:00:00'),(92,553,'2025-07-16 09:00:00'),(92,564,'2025-07-16 09:00:00'),(92,568,'2025-07-16 09:00:00'),(92,618,'2025-07-16 09:00:00'),(92,662,'2025-07-16 09:00:00'),(92,686,'2025-07-16 09:00:00'),(92,699,'2025-07-16 09:00:00'),(92,712,'2025-07-16 09:00:00'),(92,728,'2025-07-16 09:00:00'),(92,802,'2025-07-16 09:00:00'),(92,825,'2025-07-16 09:00:00'),(92,838,'2025-07-16 09:00:00'),(92,889,'2025-07-16 09:00:00'),(92,929,'2025-07-16 09:00:00'),(92,991,'2025-07-16 09:00:00'),(93,71,'2025-07-16 09:00:00'),(93,120,'2025-07-16 09:00:00'),(93,124,'2025-07-16 09:00:00'),(93,280,'2025-07-16 09:00:00'),(93,325,'2025-07-16 09:00:00'),(93,339,'2025-07-16 09:00:00'),(93,427,'2025-07-16 09:00:00'),(93,445,'2025-07-16 09:00:00'),(93,453,'2025-07-16 09:00:00'),(93,473,'2025-07-16 09:00:00'),(93,573,'2025-07-16 09:00:00'),(93,621,'2025-07-16 09:00:00'),(93,644,'2025-07-16 09:00:00'),(93,678,'2025-07-16 09:00:00'),(93,680,'2025-07-16 09:00:00'),(93,699,'2025-07-16 09:00:00'),(93,744,'2025-07-16 09:00:00'),(93,768,'2025-07-16 09:00:00'),(93,777,'2025-07-16 09:00:00'),(93,835,'2025-07-16 09:00:00'),(93,856,'2025-07-16 09:00:00'),(93,874,'2025-07-16 09:00:00'),(93,909,'2025-07-16 09:00:00'),(93,916,'2025-07-16 09:00:00'),(93,982,'2025-07-16 09:00:00'),(94,13,'2025-07-16 09:00:00'),(94,60,'2025-07-16 09:00:00'),(94,76,'2025-07-16 09:00:00'),(94,122,'2025-07-16 09:00:00'),(94,153,'2025-07-16 09:00:00'),(94,193,'2025-07-16 09:00:00'),(94,206,'2025-07-16 09:00:00'),(94,228,'2025-07-16 09:00:00'),(94,270,'2025-07-16 09:00:00'),(94,275,'2025-07-16 09:00:00'),(94,320,'2025-07-16 09:00:00'),(94,322,'2025-07-16 09:00:00'),(94,337,'2025-07-16 09:00:00'),(94,354,'2025-07-16 09:00:00'),(94,402,'2025-07-16 09:00:00'),(94,428,'2025-07-16 09:00:00'),(94,457,'2025-07-16 09:00:00'),(94,473,'2025-07-16 09:00:00'),(94,475,'2025-07-16 09:00:00'),(94,512,'2025-07-16 09:00:00'),(94,517,'2025-07-16 09:00:00'),(94,521,'2025-07-16 09:00:00'),(94,533,'2025-07-16 09:00:00'),(94,540,'2025-07-16 09:00:00'),(94,548,'2025-07-16 09:00:00'),(94,551,'2025-07-16 09:00:00'),(94,712,'2025-07-16 09:00:00'),(94,713,'2025-07-16 09:00:00'),(94,724,'2025-07-16 09:00:00'),(94,775,'2025-07-16 09:00:00'),(94,788,'2025-07-16 09:00:00'),(94,950,'2025-07-16 09:00:00'),(94,989,'2025-07-16 09:00:00'),(95,22,'2025-07-16 09:00:00'),(95,35,'2025-07-16 09:00:00'),(95,47,'2025-07-16 09:00:00'),(95,52,'2025-07-16 09:00:00'),(95,65,'2025-07-16 09:00:00'),(95,74,'2025-07-16 09:00:00'),(95,126,'2025-07-16 09:00:00'),(95,207,'2025-07-16 09:00:00'),(95,245,'2025-07-16 09:00:00'),(95,294,'2025-07-16 09:00:00'),(95,301,'2025-07-16 09:00:00'),(95,312,'2025-07-16 09:00:00'),(95,329,'2025-07-16 09:00:00'),(95,353,'2025-07-16 09:00:00'),(95,375,'2025-07-16 09:00:00'),(95,420,'2025-07-16 09:00:00'),(95,424,'2025-07-16 09:00:00'),(95,431,'2025-07-16 09:00:00'),(95,498,'2025-07-16 09:00:00'),(95,522,'2025-07-16 09:00:00'),(95,546,'2025-07-16 09:00:00'),(95,551,'2025-07-16 09:00:00'),(95,619,'2025-07-16 09:00:00'),(95,627,'2025-07-16 09:00:00'),(95,690,'2025-07-16 09:00:00'),(95,748,'2025-07-16 09:00:00'),(95,813,'2025-07-16 09:00:00'),(95,828,'2025-07-16 09:00:00'),(95,855,'2025-07-16 09:00:00'),(95,903,'2025-07-16 09:00:00'),(95,923,'2025-07-16 09:00:00'),(96,8,'2025-07-16 09:00:00'),(96,36,'2025-07-16 09:00:00'),(96,40,'2025-07-16 09:00:00'),(96,54,'2025-07-16 09:00:00'),(96,58,'2025-07-16 09:00:00'),(96,66,'2025-07-16 09:00:00'),(96,134,'2025-07-16 09:00:00'),(96,209,'2025-07-16 09:00:00'),(96,244,'2025-07-16 09:00:00'),(96,320,'2025-07-16 09:00:00'),(96,430,'2025-07-16 09:00:00'),(96,452,'2025-07-16 09:00:00'),(96,486,'2025-07-16 09:00:00'),(96,572,'2025-07-16 09:00:00'),(96,590,'2025-07-16 09:00:00'),(96,661,'2025-07-16 09:00:00'),(96,778,'2025-07-16 09:00:00'),(96,832,'2025-07-16 09:00:00'),(96,846,'2025-07-16 09:00:00'),(96,874,'2025-07-16 09:00:00'),(96,945,'2025-07-16 09:00:00'),(96,968,'2025-07-16 09:00:00'),(96,987,'2025-07-16 09:00:00'),(97,143,'2025-07-16 09:00:00'),(97,177,'2025-07-16 09:00:00'),(97,188,'2025-07-16 09:00:00'),(97,197,'2025-07-16 09:00:00'),(97,256,'2025-07-16 09:00:00'),(97,312,'2025-07-16 09:00:00'),(97,342,'2025-07-16 09:00:00'),(97,348,'2025-07-16 09:00:00'),(97,358,'2025-07-16 09:00:00'),(97,370,'2025-07-16 09:00:00'),(97,437,'2025-07-16 09:00:00'),(97,446,'2025-07-16 09:00:00'),(97,466,'2025-07-16 09:00:00'),(97,518,'2025-07-16 09:00:00'),(97,553,'2025-07-16 09:00:00'),(97,561,'2025-07-16 09:00:00'),(97,641,'2025-07-16 09:00:00'),(97,656,'2025-07-16 09:00:00'),(97,728,'2025-07-16 09:00:00'),(97,755,'2025-07-16 09:00:00'),(97,757,'2025-07-16 09:00:00'),(97,826,'2025-07-16 09:00:00'),(97,862,'2025-07-16 09:00:00'),(97,930,'2025-07-16 09:00:00'),(97,933,'2025-07-16 09:00:00'),(97,947,'2025-07-16 09:00:00'),(97,951,'2025-07-16 09:00:00'),(98,66,'2025-07-16 09:00:00'),(98,72,'2025-07-16 09:00:00'),(98,81,'2025-07-16 09:00:00'),(98,87,'2025-07-16 09:00:00'),(98,107,'2025-07-16 09:00:00'),(98,120,'2025-07-16 09:00:00'),(98,183,'2025-07-16 09:00:00'),(98,194,'2025-07-16 09:00:00'),(98,212,'2025-07-16 09:00:00'),(98,297,'2025-07-16 09:00:00'),(98,607,'2025-07-16 09:00:00'),(98,634,'2025-07-16 09:00:00'),(98,686,'2025-07-16 09:00:00'),(98,705,'2025-07-16 09:00:00'),(98,710,'2025-07-16 09:00:00'),(98,721,'2025-07-16 09:00:00'),(98,725,'2025-07-16 09:00:00'),(98,734,'2025-07-16 09:00:00'),(98,738,'2025-07-16 09:00:00'),(98,765,'2025-07-16 09:00:00'),(98,782,'2025-07-16 09:00:00'),(98,824,'2025-07-16 09:00:00'),(98,829,'2025-07-16 09:00:00'),(98,912,'2025-07-16 09:00:00'),(98,955,'2025-07-16 09:00:00'),(98,985,'2025-07-16 09:00:00'),(98,990,'2025-07-16 09:00:00'),(99,7,'2025-07-16 09:00:00'),(99,27,'2025-07-16 09:00:00'),(99,84,'2025-07-16 09:00:00'),(99,250,'2025-07-16 09:00:00'),(99,322,'2025-07-16 09:00:00'),(99,325,'2025-07-16 09:00:00'),(99,381,'2025-07-16 09:00:00'),(99,414,'2025-07-16 09:00:00'),(99,475,'2025-07-16 09:00:00'),(99,490,'2025-07-16 09:00:00'),(99,512,'2025-07-16 09:00:00'),(99,540,'2025-07-16 09:00:00'),(99,572,'2025-07-16 09:00:00'),(99,600,'2025-07-16 09:00:00'),(99,618,'2025-07-16 09:00:00'),(99,620,'2025-07-16 09:00:00'),(99,622,'2025-07-16 09:00:00'),(99,636,'2025-07-16 09:00:00'),(99,672,'2025-07-16 09:00:00'),(99,726,'2025-07-16 09:00:00'),(99,741,'2025-07-16 09:00:00'),(99,796,'2025-07-16 09:00:00'),(99,835,'2025-07-16 09:00:00'),(99,967,'2025-07-16 09:00:00'),(99,978,'2025-07-16 09:00:00'),(99,982,'2025-07-16 09:00:00'),(100,17,'2025-07-16 09:00:00'),(100,118,'2025-07-16 09:00:00'),(100,250,'2025-07-16 09:00:00'),(100,411,'2025-07-16 09:00:00'),(100,414,'2025-07-16 09:00:00'),(100,513,'2025-07-16 09:00:00'),(100,563,'2025-07-16 09:00:00'),(100,642,'2025-07-16 09:00:00'),(100,714,'2025-07-16 09:00:00'),(100,718,'2025-07-16 09:00:00'),(100,759,'2025-07-16 09:00:00'),(100,779,'2025-07-16 09:00:00'),(100,815,'2025-07-16 09:00:00'),(100,846,'2025-07-16 09:00:00'),(100,850,'2025-07-16 09:00:00'),(100,872,'2025-07-16 09:00:00'),(100,877,'2025-07-16 09:00:00'),(100,909,'2025-07-16 09:00:00'),(100,919,'2025-07-16 09:00:00'),(100,944,'2025-07-16 09:00:00'),(100,967,'2025-07-16 09:00:00'),(100,979,'2025-07-16 09:00:00'),(100,991,'2025-07-16 09:00:00'),(100,992,'2025-07-16 09:00:00'),(101,60,'2025-07-16 09:00:00'),(101,66,'2025-07-16 09:00:00'),(101,85,'2025-07-16 09:00:00'),(101,146,'2025-07-16 09:00:00'),(101,189,'2025-07-16 09:00:00'),(101,250,'2025-07-16 09:00:00'),(101,255,'2025-07-16 09:00:00'),(101,263,'2025-07-16 09:00:00'),(101,275,'2025-07-16 09:00:00'),(101,289,'2025-07-16 09:00:00'),(101,491,'2025-07-16 09:00:00'),(101,494,'2025-07-16 09:00:00'),(101,511,'2025-07-16 09:00:00'),(101,568,'2025-07-16 09:00:00'),(101,608,'2025-07-16 09:00:00'),(101,617,'2025-07-16 09:00:00'),(101,655,'2025-07-16 09:00:00'),(101,662,'2025-07-16 09:00:00'),(101,700,'2025-07-16 09:00:00'),(101,702,'2025-07-16 09:00:00'),(101,758,'2025-07-16 09:00:00'),(101,774,'2025-07-16 09:00:00'),(101,787,'2025-07-16 09:00:00'),(101,828,'2025-07-16 09:00:00'),(101,841,'2025-07-16 09:00:00'),(101,928,'2025-07-16 09:00:00'),(101,932,'2025-07-16 09:00:00'),(101,936,'2025-07-16 09:00:00'),(101,941,'2025-07-16 09:00:00'),(101,978,'2025-07-16 09:00:00'),(101,980,'2025-07-16 09:00:00'),(101,984,'2025-07-16 09:00:00'),(101,988,'2025-07-16 09:00:00'),(102,20,'2025-07-16 09:00:00'),(102,34,'2025-07-16 09:00:00'),(102,53,'2025-07-16 09:00:00'),(102,123,'2025-07-16 09:00:00'),(102,124,'2025-07-16 09:00:00'),(102,194,'2025-07-16 09:00:00'),(102,200,'2025-07-16 09:00:00'),(102,205,'2025-07-16 09:00:00'),(102,268,'2025-07-16 09:00:00'),(102,326,'2025-07-16 09:00:00'),(102,329,'2025-07-16 09:00:00'),(102,334,'2025-07-16 09:00:00'),(102,351,'2025-07-16 09:00:00'),(102,418,'2025-07-16 09:00:00'),(102,431,'2025-07-16 09:00:00'),(102,446,'2025-07-16 09:00:00'),(102,485,'2025-07-16 09:00:00'),(102,508,'2025-07-16 09:00:00'),(102,517,'2025-07-16 09:00:00'),(102,521,'2025-07-16 09:00:00'),(102,526,'2025-07-16 09:00:00'),(102,529,'2025-07-16 09:00:00'),(102,544,'2025-07-16 09:00:00'),(102,600,'2025-07-16 09:00:00'),(102,605,'2025-07-16 09:00:00'),(102,606,'2025-07-16 09:00:00'),(102,624,'2025-07-16 09:00:00'),(102,631,'2025-07-16 09:00:00'),(102,712,'2025-07-16 09:00:00'),(102,728,'2025-07-16 09:00:00'),(102,744,'2025-07-16 09:00:00'),(102,796,'2025-07-16 09:00:00'),(102,802,'2025-07-16 09:00:00'),(102,810,'2025-07-16 09:00:00'),(102,828,'2025-07-16 09:00:00'),(102,837,'2025-07-16 09:00:00'),(102,845,'2025-07-16 09:00:00'),(102,852,'2025-07-16 09:00:00'),(102,958,'2025-07-16 09:00:00'),(102,979,'2025-07-16 09:00:00'),(102,980,'2025-07-16 09:00:00'),(103,5,'2025-07-16 09:00:00'),(103,118,'2025-07-16 09:00:00'),(103,130,'2025-07-16 09:00:00'),(103,197,'2025-07-16 09:00:00'),(103,199,'2025-07-16 09:00:00'),(103,206,'2025-07-16 09:00:00'),(103,215,'2025-07-16 09:00:00'),(103,221,'2025-07-16 09:00:00'),(103,271,'2025-07-16 09:00:00'),(103,285,'2025-07-16 09:00:00'),(103,315,'2025-07-16 09:00:00'),(103,318,'2025-07-16 09:00:00'),(103,333,'2025-07-16 09:00:00'),(103,347,'2025-07-16 09:00:00'),(103,356,'2025-07-16 09:00:00'),(103,360,'2025-07-16 09:00:00'),(103,378,'2025-07-16 09:00:00'),(103,437,'2025-07-16 09:00:00'),(103,585,'2025-07-16 09:00:00'),(103,609,'2025-07-16 09:00:00'),(103,639,'2025-07-16 09:00:00'),(103,643,'2025-07-16 09:00:00'),(103,692,'2025-07-16 09:00:00'),(103,735,'2025-07-16 09:00:00'),(103,822,'2025-07-16 09:00:00'),(103,895,'2025-07-16 09:00:00'),(103,903,'2025-07-16 09:00:00'),(103,912,'2025-07-16 09:00:00'),(103,942,'2025-07-16 09:00:00'),(103,956,'2025-07-16 09:00:00'),(104,19,'2025-07-16 09:00:00'),(104,39,'2025-07-16 09:00:00'),(104,40,'2025-07-16 09:00:00'),(104,59,'2025-07-16 09:00:00'),(104,70,'2025-07-16 09:00:00'),(104,136,'2025-07-16 09:00:00'),(104,156,'2025-07-16 09:00:00'),(104,184,'2025-07-16 09:00:00'),(104,198,'2025-07-16 09:00:00'),(104,233,'2025-07-16 09:00:00'),(104,259,'2025-07-16 09:00:00'),(104,287,'2025-07-16 09:00:00'),(104,309,'2025-07-16 09:00:00'),(104,313,'2025-07-16 09:00:00'),(104,394,'2025-07-16 09:00:00'),(104,401,'2025-07-16 09:00:00'),(104,463,'2025-07-16 09:00:00'),(104,506,'2025-07-16 09:00:00'),(104,516,'2025-07-16 09:00:00'),(104,583,'2025-07-16 09:00:00'),(104,600,'2025-07-16 09:00:00'),(104,607,'2025-07-16 09:00:00'),(104,657,'2025-07-16 09:00:00'),(104,677,'2025-07-16 09:00:00'),(104,739,'2025-07-16 09:00:00'),(104,892,'2025-07-16 09:00:00'),(104,904,'2025-07-16 09:00:00'),(104,926,'2025-07-16 09:00:00'),(104,945,'2025-07-16 09:00:00'),(104,984,'2025-07-16 09:00:00'),(104,999,'2025-07-16 09:00:00'),(105,12,'2025-07-16 09:00:00'),(105,15,'2025-07-16 09:00:00'),(105,21,'2025-07-16 09:00:00'),(105,29,'2025-07-16 09:00:00'),(105,42,'2025-07-16 09:00:00'),(105,116,'2025-07-16 09:00:00'),(105,158,'2025-07-16 09:00:00'),(105,239,'2025-07-16 09:00:00'),(105,280,'2025-07-16 09:00:00'),(105,283,'2025-07-16 09:00:00'),(105,315,'2025-07-16 09:00:00'),(105,333,'2025-07-16 09:00:00'),(105,372,'2025-07-16 09:00:00'),(105,377,'2025-07-16 09:00:00'),(105,530,'2025-07-16 09:00:00'),(105,558,'2025-07-16 09:00:00'),(105,561,'2025-07-16 09:00:00'),(105,606,'2025-07-16 09:00:00'),(105,649,'2025-07-16 09:00:00'),(105,686,'2025-07-16 09:00:00'),(105,750,'2025-07-16 09:00:00'),(105,795,'2025-07-16 09:00:00'),(105,831,'2025-07-16 09:00:00'),(105,835,'2025-07-16 09:00:00'),(105,858,'2025-07-16 09:00:00'),(105,864,'2025-07-16 09:00:00'),(105,893,'2025-07-16 09:00:00'),(105,906,'2025-07-16 09:00:00'),(105,910,'2025-07-16 09:00:00'),(105,915,'2025-07-16 09:00:00'),(105,954,'2025-07-16 09:00:00'),(105,990,'2025-07-16 09:00:00'),(105,993,'2025-07-16 09:00:00'),(105,994,'2025-07-16 09:00:00'),(106,44,'2025-07-16 09:00:00'),(106,83,'2025-07-16 09:00:00'),(106,108,'2025-07-16 09:00:00'),(106,126,'2025-07-16 09:00:00'),(106,136,'2025-07-16 09:00:00'),(106,166,'2025-07-16 09:00:00'),(106,189,'2025-07-16 09:00:00'),(106,194,'2025-07-16 09:00:00'),(106,204,'2025-07-16 09:00:00'),(106,229,'2025-07-16 09:00:00'),(106,241,'2025-07-16 09:00:00'),(106,345,'2025-07-16 09:00:00'),(106,365,'2025-07-16 09:00:00'),(106,399,'2025-07-16 09:00:00'),(106,439,'2025-07-16 09:00:00'),(106,457,'2025-07-16 09:00:00'),(106,469,'2025-07-16 09:00:00'),(106,500,'2025-07-16 09:00:00'),(106,505,'2025-07-16 09:00:00'),(106,559,'2025-07-16 09:00:00'),(106,566,'2025-07-16 09:00:00'),(106,585,'2025-07-16 09:00:00'),(106,639,'2025-07-16 09:00:00'),(106,654,'2025-07-16 09:00:00'),(106,659,'2025-07-16 09:00:00'),(106,675,'2025-07-16 09:00:00'),(106,687,'2025-07-16 09:00:00'),(106,752,'2025-07-16 09:00:00'),(106,763,'2025-07-16 09:00:00'),(106,780,'2025-07-16 09:00:00'),(106,858,'2025-07-16 09:00:00'),(106,866,'2025-07-16 09:00:00'),(106,881,'2025-07-16 09:00:00'),(106,894,'2025-07-16 09:00:00'),(106,934,'2025-07-16 09:00:00'),(107,62,'2025-07-16 09:00:00'),(107,112,'2025-07-16 09:00:00'),(107,133,'2025-07-16 09:00:00'),(107,136,'2025-07-16 09:00:00'),(107,138,'2025-07-16 09:00:00'),(107,162,'2025-07-16 09:00:00'),(107,165,'2025-07-16 09:00:00'),(107,172,'2025-07-16 09:00:00'),(107,209,'2025-07-16 09:00:00'),(107,220,'2025-07-16 09:00:00'),(107,239,'2025-07-16 09:00:00'),(107,277,'2025-07-16 09:00:00'),(107,292,'2025-07-16 09:00:00'),(107,338,'2025-07-16 09:00:00'),(107,348,'2025-07-16 09:00:00'),(107,369,'2025-07-16 09:00:00'),(107,388,'2025-07-16 09:00:00'),(107,392,'2025-07-16 09:00:00'),(107,409,'2025-07-16 09:00:00'),(107,430,'2025-07-16 09:00:00'),(107,445,'2025-07-16 09:00:00'),(107,454,'2025-07-16 09:00:00'),(107,458,'2025-07-16 09:00:00'),(107,467,'2025-07-16 09:00:00'),(107,520,'2025-07-16 09:00:00'),(107,534,'2025-07-16 09:00:00'),(107,548,'2025-07-16 09:00:00'),(107,571,'2025-07-16 09:00:00'),(107,574,'2025-07-16 09:00:00'),(107,603,'2025-07-16 09:00:00'),(107,606,'2025-07-16 09:00:00'),(107,637,'2025-07-16 09:00:00'),(107,774,'2025-07-16 09:00:00'),(107,781,'2025-07-16 09:00:00'),(107,796,'2025-07-16 09:00:00'),(107,831,'2025-07-16 09:00:00'),(107,849,'2025-07-16 09:00:00'),(107,859,'2025-07-16 09:00:00'),(107,879,'2025-07-16 09:00:00'),(107,905,'2025-07-16 09:00:00'),(107,973,'2025-07-16 09:00:00'),(107,977,'2025-07-16 09:00:00'),(108,1,'2025-07-16 09:00:00'),(108,6,'2025-07-16 09:00:00'),(108,9,'2025-07-16 09:00:00'),(108,137,'2025-07-16 09:00:00'),(108,208,'2025-07-16 09:00:00'),(108,219,'2025-07-16 09:00:00'),(108,242,'2025-07-16 09:00:00'),(108,278,'2025-07-16 09:00:00'),(108,302,'2025-07-16 09:00:00'),(108,350,'2025-07-16 09:00:00'),(108,378,'2025-07-16 09:00:00'),(108,379,'2025-07-16 09:00:00'),(108,495,'2025-07-16 09:00:00'),(108,507,'2025-07-16 09:00:00'),(108,517,'2025-07-16 09:00:00'),(108,561,'2025-07-16 09:00:00'),(108,567,'2025-07-16 09:00:00'),(108,648,'2025-07-16 09:00:00'),(108,652,'2025-07-16 09:00:00'),(108,655,'2025-07-16 09:00:00'),(108,673,'2025-07-16 09:00:00'),(108,693,'2025-07-16 09:00:00'),(108,696,'2025-07-16 09:00:00'),(108,702,'2025-07-16 09:00:00'),(108,721,'2025-07-16 09:00:00'),(108,733,'2025-07-16 09:00:00'),(108,741,'2025-07-16 09:00:00'),(108,744,'2025-07-16 09:00:00'),(108,887,'2025-07-16 09:00:00'),(108,892,'2025-07-16 09:00:00'),(108,894,'2025-07-16 09:00:00'),(108,920,'2025-07-16 09:00:00'),(108,958,'2025-07-16 09:00:00'),(108,966,'2025-07-16 09:00:00'),(109,12,'2025-07-16 09:00:00'),(109,48,'2025-07-16 09:00:00'),(109,77,'2025-07-16 09:00:00'),(109,157,'2025-07-16 09:00:00'),(109,174,'2025-07-16 09:00:00'),(109,190,'2025-07-16 09:00:00'),(109,243,'2025-07-16 09:00:00'),(109,281,'2025-07-16 09:00:00'),(109,393,'2025-07-16 09:00:00'),(109,463,'2025-07-16 09:00:00'),(109,622,'2025-07-16 09:00:00'),(109,657,'2025-07-16 09:00:00'),(109,694,'2025-07-16 09:00:00'),(109,700,'2025-07-16 09:00:00'),(109,732,'2025-07-16 09:00:00'),(109,753,'2025-07-16 09:00:00'),(109,785,'2025-07-16 09:00:00'),(109,786,'2025-07-16 09:00:00'),(109,863,'2025-07-16 09:00:00'),(109,885,'2025-07-16 09:00:00'),(109,955,'2025-07-16 09:00:00'),(109,967,'2025-07-16 09:00:00'),(110,8,'2025-07-16 09:00:00'),(110,27,'2025-07-16 09:00:00'),(110,62,'2025-07-16 09:00:00'),(110,120,'2025-07-16 09:00:00'),(110,126,'2025-07-16 09:00:00'),(110,156,'2025-07-16 09:00:00'),(110,292,'2025-07-16 09:00:00'),(110,343,'2025-07-16 09:00:00'),(110,360,'2025-07-16 09:00:00'),(110,369,'2025-07-16 09:00:00'),(110,435,'2025-07-16 09:00:00'),(110,513,'2025-07-16 09:00:00'),(110,525,'2025-07-16 09:00:00'),(110,539,'2025-07-16 09:00:00'),(110,545,'2025-07-16 09:00:00'),(110,625,'2025-07-16 09:00:00'),(110,650,'2025-07-16 09:00:00'),(110,801,'2025-07-16 09:00:00'),(110,912,'2025-07-16 09:00:00'),(110,961,'2025-07-16 09:00:00'),(110,987,'2025-07-16 09:00:00'),(111,61,'2025-07-16 09:00:00'),(111,78,'2025-07-16 09:00:00'),(111,98,'2025-07-16 09:00:00'),(111,162,'2025-07-16 09:00:00'),(111,179,'2025-07-16 09:00:00'),(111,194,'2025-07-16 09:00:00'),(111,325,'2025-07-16 09:00:00'),(111,359,'2025-07-16 09:00:00'),(111,382,'2025-07-16 09:00:00'),(111,403,'2025-07-16 09:00:00'),(111,407,'2025-07-16 09:00:00'),(111,414,'2025-07-16 09:00:00'),(111,474,'2025-07-16 09:00:00'),(111,489,'2025-07-16 09:00:00'),(111,508,'2025-07-16 09:00:00'),(111,555,'2025-07-16 09:00:00'),(111,603,'2025-07-16 09:00:00'),(111,608,'2025-07-16 09:00:00'),(111,643,'2025-07-16 09:00:00'),(111,669,'2025-07-16 09:00:00'),(111,679,'2025-07-16 09:00:00'),(111,680,'2025-07-16 09:00:00'),(111,699,'2025-07-16 09:00:00'),(111,731,'2025-07-16 09:00:00'),(111,732,'2025-07-16 09:00:00'),(111,737,'2025-07-16 09:00:00'),(111,744,'2025-07-16 09:00:00'),(111,777,'2025-07-16 09:00:00'),(111,847,'2025-07-16 09:00:00'),(111,894,'2025-07-16 09:00:00'),(111,919,'2025-07-16 09:00:00'),(111,962,'2025-07-16 09:00:00'),(111,973,'2025-07-16 09:00:00'),(112,34,'2025-07-16 09:00:00'),(112,37,'2025-07-16 09:00:00'),(112,151,'2025-07-16 09:00:00'),(112,173,'2025-07-16 09:00:00'),(112,188,'2025-07-16 09:00:00'),(112,231,'2025-07-16 09:00:00'),(112,312,'2025-07-16 09:00:00'),(112,322,'2025-07-16 09:00:00'),(112,443,'2025-07-16 09:00:00'),(112,450,'2025-07-16 09:00:00'),(112,565,'2025-07-16 09:00:00'),(112,603,'2025-07-16 09:00:00'),(112,606,'2025-07-16 09:00:00'),(112,654,'2025-07-16 09:00:00'),(112,666,'2025-07-16 09:00:00'),(112,700,'2025-07-16 09:00:00'),(112,728,'2025-07-16 09:00:00'),(112,772,'2025-07-16 09:00:00'),(112,796,'2025-07-16 09:00:00'),(112,817,'2025-07-16 09:00:00'),(112,829,'2025-07-16 09:00:00'),(112,856,'2025-07-16 09:00:00'),(112,865,'2025-07-16 09:00:00'),(112,869,'2025-07-16 09:00:00'),(112,988,'2025-07-16 09:00:00'),(113,35,'2025-07-16 09:00:00'),(113,84,'2025-07-16 09:00:00'),(113,116,'2025-07-16 09:00:00'),(113,181,'2025-07-16 09:00:00'),(113,218,'2025-07-16 09:00:00'),(113,249,'2025-07-16 09:00:00'),(113,258,'2025-07-16 09:00:00'),(113,292,'2025-07-16 09:00:00'),(113,322,'2025-07-16 09:00:00'),(113,353,'2025-07-16 09:00:00'),(113,403,'2025-07-16 09:00:00'),(113,525,'2025-07-16 09:00:00'),(113,642,'2025-07-16 09:00:00'),(113,656,'2025-07-16 09:00:00'),(113,674,'2025-07-16 09:00:00'),(113,680,'2025-07-16 09:00:00'),(113,700,'2025-07-16 09:00:00'),(113,719,'2025-07-16 09:00:00'),(113,723,'2025-07-16 09:00:00'),(113,726,'2025-07-16 09:00:00'),(113,732,'2025-07-16 09:00:00'),(113,748,'2025-07-16 09:00:00'),(113,838,'2025-07-16 09:00:00'),(113,890,'2025-07-16 09:00:00'),(113,921,'2025-07-16 09:00:00'),(113,969,'2025-07-16 09:00:00'),(113,981,'2025-07-16 09:00:00'),(114,13,'2025-07-16 09:00:00'),(114,68,'2025-07-16 09:00:00'),(114,90,'2025-07-16 09:00:00'),(114,162,'2025-07-16 09:00:00'),(114,188,'2025-07-16 09:00:00'),(114,194,'2025-07-16 09:00:00'),(114,210,'2025-07-16 09:00:00'),(114,237,'2025-07-16 09:00:00'),(114,254,'2025-07-16 09:00:00'),(114,305,'2025-07-16 09:00:00'),(114,339,'2025-07-16 09:00:00'),(114,420,'2025-07-16 09:00:00'),(114,425,'2025-07-16 09:00:00'),(114,452,'2025-07-16 09:00:00'),(114,538,'2025-07-16 09:00:00'),(114,619,'2025-07-16 09:00:00'),(114,757,'2025-07-16 09:00:00'),(114,807,'2025-07-16 09:00:00'),(114,827,'2025-07-16 09:00:00'),(114,841,'2025-07-16 09:00:00'),(114,861,'2025-07-16 09:00:00'),(114,866,'2025-07-16 09:00:00'),(114,913,'2025-07-16 09:00:00'),(114,961,'2025-07-16 09:00:00'),(114,993,'2025-07-16 09:00:00'),(115,49,'2025-07-16 09:00:00'),(115,52,'2025-07-16 09:00:00'),(115,245,'2025-07-16 09:00:00'),(115,246,'2025-07-16 09:00:00'),(115,277,'2025-07-16 09:00:00'),(115,302,'2025-07-16 09:00:00'),(115,379,'2025-07-16 09:00:00'),(115,383,'2025-07-16 09:00:00'),(115,391,'2025-07-16 09:00:00'),(115,428,'2025-07-16 09:00:00'),(115,506,'2025-07-16 09:00:00'),(115,531,'2025-07-16 09:00:00'),(115,607,'2025-07-16 09:00:00'),(115,615,'2025-07-16 09:00:00'),(115,661,'2025-07-16 09:00:00'),(115,671,'2025-07-16 09:00:00'),(115,686,'2025-07-16 09:00:00'),(115,703,'2025-07-16 09:00:00'),(115,714,'2025-07-16 09:00:00'),(115,740,'2025-07-16 09:00:00'),(115,754,'2025-07-16 09:00:00'),(115,846,'2025-07-16 09:00:00'),(115,887,'2025-07-16 09:00:00'),(115,952,'2025-07-16 09:00:00'),(115,955,'2025-07-16 09:00:00'),(115,966,'2025-07-16 09:00:00'),(115,985,'2025-07-16 09:00:00'),(115,994,'2025-07-16 09:00:00'),(116,36,'2025-07-16 09:00:00'),(116,48,'2025-07-16 09:00:00'),(116,88,'2025-07-16 09:00:00'),(116,90,'2025-07-16 09:00:00'),(116,105,'2025-07-16 09:00:00'),(116,128,'2025-07-16 09:00:00'),(116,336,'2025-07-16 09:00:00'),(116,338,'2025-07-16 09:00:00'),(116,384,'2025-07-16 09:00:00'),(116,412,'2025-07-16 09:00:00'),(116,420,'2025-07-16 09:00:00'),(116,451,'2025-07-16 09:00:00'),(116,481,'2025-07-16 09:00:00'),(116,492,'2025-07-16 09:00:00'),(116,584,'2025-07-16 09:00:00'),(116,606,'2025-07-16 09:00:00'),(116,622,'2025-07-16 09:00:00'),(116,647,'2025-07-16 09:00:00'),(116,653,'2025-07-16 09:00:00'),(116,742,'2025-07-16 09:00:00'),(116,784,'2025-07-16 09:00:00'),(116,844,'2025-07-16 09:00:00'),(116,939,'2025-07-16 09:00:00'),(116,956,'2025-07-16 09:00:00'),(117,10,'2025-07-16 09:00:00'),(117,15,'2025-07-16 09:00:00'),(117,42,'2025-07-16 09:00:00'),(117,167,'2025-07-16 09:00:00'),(117,178,'2025-07-16 09:00:00'),(117,190,'2025-07-16 09:00:00'),(117,197,'2025-07-16 09:00:00'),(117,224,'2025-07-16 09:00:00'),(117,246,'2025-07-16 09:00:00'),(117,273,'2025-07-16 09:00:00'),(117,298,'2025-07-16 09:00:00'),(117,316,'2025-07-16 09:00:00'),(117,337,'2025-07-16 09:00:00'),(117,395,'2025-07-16 09:00:00'),(117,423,'2025-07-16 09:00:00'),(117,432,'2025-07-16 09:00:00'),(117,459,'2025-07-16 09:00:00'),(117,468,'2025-07-16 09:00:00'),(117,550,'2025-07-16 09:00:00'),(117,578,'2025-07-16 09:00:00'),(117,707,'2025-07-16 09:00:00'),(117,710,'2025-07-16 09:00:00'),(117,738,'2025-07-16 09:00:00'),(117,739,'2025-07-16 09:00:00'),(117,778,'2025-07-16 09:00:00'),(117,783,'2025-07-16 09:00:00'),(117,785,'2025-07-16 09:00:00'),(117,797,'2025-07-16 09:00:00'),(117,812,'2025-07-16 09:00:00'),(117,831,'2025-07-16 09:00:00'),(117,864,'2025-07-16 09:00:00'),(117,887,'2025-07-16 09:00:00'),(117,926,'2025-07-16 09:00:00'),(118,35,'2025-07-16 09:00:00'),(118,39,'2025-07-16 09:00:00'),(118,41,'2025-07-16 09:00:00'),(118,49,'2025-07-16 09:00:00'),(118,55,'2025-07-16 09:00:00'),(118,136,'2025-07-16 09:00:00'),(118,141,'2025-07-16 09:00:00'),(118,151,'2025-07-16 09:00:00'),(118,311,'2025-07-16 09:00:00'),(118,384,'2025-07-16 09:00:00'),(118,399,'2025-07-16 09:00:00'),(118,499,'2025-07-16 09:00:00'),(118,517,'2025-07-16 09:00:00'),(118,553,'2025-07-16 09:00:00'),(118,558,'2025-07-16 09:00:00'),(118,572,'2025-07-16 09:00:00'),(118,641,'2025-07-16 09:00:00'),(118,656,'2025-07-16 09:00:00'),(118,695,'2025-07-16 09:00:00'),(118,735,'2025-07-16 09:00:00'),(118,788,'2025-07-16 09:00:00'),(118,852,'2025-07-16 09:00:00'),(118,938,'2025-07-16 09:00:00'),(118,957,'2025-07-16 09:00:00'),(118,969,'2025-07-16 09:00:00'),(119,21,'2025-07-16 09:00:00'),(119,49,'2025-07-16 09:00:00'),(119,64,'2025-07-16 09:00:00'),(119,87,'2025-07-16 09:00:00'),(119,143,'2025-07-16 09:00:00'),(119,171,'2025-07-16 09:00:00'),(119,172,'2025-07-16 09:00:00'),(119,173,'2025-07-16 09:00:00'),(119,381,'2025-07-16 09:00:00'),(119,394,'2025-07-16 09:00:00'),(119,412,'2025-07-16 09:00:00'),(119,418,'2025-07-16 09:00:00'),(119,454,'2025-07-16 09:00:00'),(119,509,'2025-07-16 09:00:00'),(119,521,'2025-07-16 09:00:00'),(119,567,'2025-07-16 09:00:00'),(119,570,'2025-07-16 09:00:00'),(119,592,'2025-07-16 09:00:00'),(119,614,'2025-07-16 09:00:00'),(119,636,'2025-07-16 09:00:00'),(119,649,'2025-07-16 09:00:00'),(119,693,'2025-07-16 09:00:00'),(119,738,'2025-07-16 09:00:00'),(119,751,'2025-07-16 09:00:00'),(119,782,'2025-07-16 09:00:00'),(119,786,'2025-07-16 09:00:00'),(119,788,'2025-07-16 09:00:00'),(119,802,'2025-07-16 09:00:00'),(119,858,'2025-07-16 09:00:00'),(119,868,'2025-07-16 09:00:00'),(119,900,'2025-07-16 09:00:00'),(119,939,'2025-07-16 09:00:00'),(120,57,'2025-07-16 09:00:00'),(120,63,'2025-07-16 09:00:00'),(120,144,'2025-07-16 09:00:00'),(120,149,'2025-07-16 09:00:00'),(120,208,'2025-07-16 09:00:00'),(120,231,'2025-07-16 09:00:00'),(120,238,'2025-07-16 09:00:00'),(120,255,'2025-07-16 09:00:00'),(120,414,'2025-07-16 09:00:00'),(120,424,'2025-07-16 09:00:00'),(120,489,'2025-07-16 09:00:00'),(120,513,'2025-07-16 09:00:00'),(120,590,'2025-07-16 09:00:00'),(120,641,'2025-07-16 09:00:00'),(120,642,'2025-07-16 09:00:00'),(120,659,'2025-07-16 09:00:00'),(120,682,'2025-07-16 09:00:00'),(120,691,'2025-07-16 09:00:00'),(120,715,'2025-07-16 09:00:00'),(120,717,'2025-07-16 09:00:00'),(120,722,'2025-07-16 09:00:00'),(120,746,'2025-07-16 09:00:00'),(120,830,'2025-07-16 09:00:00'),(120,894,'2025-07-16 09:00:00'),(120,898,'2025-07-16 09:00:00'),(120,911,'2025-07-16 09:00:00'),(120,994,'2025-07-16 09:00:00'),(121,141,'2025-07-16 09:00:00'),(121,154,'2025-07-16 09:00:00'),(121,161,'2025-07-16 09:00:00'),(121,170,'2025-07-16 09:00:00'),(121,186,'2025-07-16 09:00:00'),(121,198,'2025-07-16 09:00:00'),(121,220,'2025-07-16 09:00:00'),(121,222,'2025-07-16 09:00:00'),(121,284,'2025-07-16 09:00:00'),(121,297,'2025-07-16 09:00:00'),(121,338,'2025-07-16 09:00:00'),(121,353,'2025-07-16 09:00:00'),(121,449,'2025-07-16 09:00:00'),(121,479,'2025-07-16 09:00:00'),(121,517,'2025-07-16 09:00:00'),(121,633,'2025-07-16 09:00:00'),(121,654,'2025-07-16 09:00:00'),(121,658,'2025-07-16 09:00:00'),(121,666,'2025-07-16 09:00:00'),(121,771,'2025-07-16 09:00:00'),(121,780,'2025-07-16 09:00:00'),(121,847,'2025-07-16 09:00:00'),(121,884,'2025-07-16 09:00:00'),(121,885,'2025-07-16 09:00:00'),(121,966,'2025-07-16 09:00:00'),(122,22,'2025-07-16 09:00:00'),(122,29,'2025-07-16 09:00:00'),(122,76,'2025-07-16 09:00:00'),(122,83,'2025-07-16 09:00:00'),(122,157,'2025-07-16 09:00:00'),(122,158,'2025-07-16 09:00:00'),(122,166,'2025-07-16 09:00:00'),(122,227,'2025-07-16 09:00:00'),(122,238,'2025-07-16 09:00:00'),(122,300,'2025-07-16 09:00:00'),(122,307,'2025-07-16 09:00:00'),(122,363,'2025-07-16 09:00:00'),(122,470,'2025-07-16 09:00:00'),(122,489,'2025-07-16 09:00:00'),(122,491,'2025-07-16 09:00:00'),(122,542,'2025-07-16 09:00:00'),(122,620,'2025-07-16 09:00:00'),(122,649,'2025-07-16 09:00:00'),(122,654,'2025-07-16 09:00:00'),(122,673,'2025-07-16 09:00:00'),(122,718,'2025-07-16 09:00:00'),(122,795,'2025-07-16 09:00:00'),(122,957,'2025-07-16 09:00:00'),(122,961,'2025-07-16 09:00:00'),(122,998,'2025-07-16 09:00:00'),(123,3,'2025-07-16 09:00:00'),(123,43,'2025-07-16 09:00:00'),(123,67,'2025-07-16 09:00:00'),(123,105,'2025-07-16 09:00:00'),(123,148,'2025-07-16 09:00:00'),(123,151,'2025-07-16 09:00:00'),(123,185,'2025-07-16 09:00:00'),(123,223,'2025-07-16 09:00:00'),(123,234,'2025-07-16 09:00:00'),(123,245,'2025-07-16 09:00:00'),(123,246,'2025-07-16 09:00:00'),(123,266,'2025-07-16 09:00:00'),(123,286,'2025-07-16 09:00:00'),(123,429,'2025-07-16 09:00:00'),(123,442,'2025-07-16 09:00:00'),(123,446,'2025-07-16 09:00:00'),(123,479,'2025-07-16 09:00:00'),(123,480,'2025-07-16 09:00:00'),(123,494,'2025-07-16 09:00:00'),(123,503,'2025-07-16 09:00:00'),(123,530,'2025-07-16 09:00:00'),(123,576,'2025-07-16 09:00:00'),(123,577,'2025-07-16 09:00:00'),(123,589,'2025-07-16 09:00:00'),(123,593,'2025-07-16 09:00:00'),(123,725,'2025-07-16 09:00:00'),(123,730,'2025-07-16 09:00:00'),(123,786,'2025-07-16 09:00:00'),(123,860,'2025-07-16 09:00:00'),(123,892,'2025-07-16 09:00:00'),(123,926,'2025-07-16 09:00:00'),(123,988,'2025-07-16 09:00:00'),(124,22,'2025-07-16 09:00:00'),(124,64,'2025-07-16 09:00:00'),(124,106,'2025-07-16 09:00:00'),(124,113,'2025-07-16 09:00:00'),(124,190,'2025-07-16 09:00:00'),(124,246,'2025-07-16 09:00:00'),(124,260,'2025-07-16 09:00:00'),(124,263,'2025-07-16 09:00:00'),(124,289,'2025-07-16 09:00:00'),(124,306,'2025-07-16 09:00:00'),(124,312,'2025-07-16 09:00:00'),(124,322,'2025-07-16 09:00:00'),(124,343,'2025-07-16 09:00:00'),(124,449,'2025-07-16 09:00:00'),(124,468,'2025-07-16 09:00:00'),(124,539,'2025-07-16 09:00:00'),(124,601,'2025-07-16 09:00:00'),(124,726,'2025-07-16 09:00:00'),(124,742,'2025-07-16 09:00:00'),(124,775,'2025-07-16 09:00:00'),(124,785,'2025-07-16 09:00:00'),(124,814,'2025-07-16 09:00:00'),(124,858,'2025-07-16 09:00:00'),(124,882,'2025-07-16 09:00:00'),(124,987,'2025-07-16 09:00:00'),(124,997,'2025-07-16 09:00:00'),(125,62,'2025-07-16 09:00:00'),(125,98,'2025-07-16 09:00:00'),(125,100,'2025-07-16 09:00:00'),(125,114,'2025-07-16 09:00:00'),(125,175,'2025-07-16 09:00:00'),(125,188,'2025-07-16 09:00:00'),(125,204,'2025-07-16 09:00:00'),(125,238,'2025-07-16 09:00:00'),(125,250,'2025-07-16 09:00:00'),(125,324,'2025-07-16 09:00:00'),(125,338,'2025-07-16 09:00:00'),(125,361,'2025-07-16 09:00:00'),(125,367,'2025-07-16 09:00:00'),(125,395,'2025-07-16 09:00:00'),(125,414,'2025-07-16 09:00:00'),(125,428,'2025-07-16 09:00:00'),(125,429,'2025-07-16 09:00:00'),(125,450,'2025-07-16 09:00:00'),(125,497,'2025-07-16 09:00:00'),(125,557,'2025-07-16 09:00:00'),(125,568,'2025-07-16 09:00:00'),(125,584,'2025-07-16 09:00:00'),(125,602,'2025-07-16 09:00:00'),(125,623,'2025-07-16 09:00:00'),(125,664,'2025-07-16 09:00:00'),(125,683,'2025-07-16 09:00:00'),(125,710,'2025-07-16 09:00:00'),(125,877,'2025-07-16 09:00:00'),(125,908,'2025-07-16 09:00:00'),(125,949,'2025-07-16 09:00:00'),(125,965,'2025-07-16 09:00:00'),(126,21,'2025-07-16 09:00:00'),(126,34,'2025-07-16 09:00:00'),(126,43,'2025-07-16 09:00:00'),(126,58,'2025-07-16 09:00:00'),(126,85,'2025-07-16 09:00:00'),(126,96,'2025-07-16 09:00:00'),(126,193,'2025-07-16 09:00:00'),(126,194,'2025-07-16 09:00:00'),(126,199,'2025-07-16 09:00:00'),(126,256,'2025-07-16 09:00:00'),(126,263,'2025-07-16 09:00:00'),(126,288,'2025-07-16 09:00:00'),(126,317,'2025-07-16 09:00:00'),(126,347,'2025-07-16 09:00:00'),(126,369,'2025-07-16 09:00:00'),(126,370,'2025-07-16 09:00:00'),(126,419,'2025-07-16 09:00:00'),(126,468,'2025-07-16 09:00:00'),(126,469,'2025-07-16 09:00:00'),(126,545,'2025-07-16 09:00:00'),(126,685,'2025-07-16 09:00:00'),(126,836,'2025-07-16 09:00:00'),(126,860,'2025-07-16 09:00:00'),(127,36,'2025-07-16 09:00:00'),(127,47,'2025-07-16 09:00:00'),(127,48,'2025-07-16 09:00:00'),(127,79,'2025-07-16 09:00:00'),(127,119,'2025-07-16 09:00:00'),(127,141,'2025-07-16 09:00:00'),(127,157,'2025-07-16 09:00:00'),(127,202,'2025-07-16 09:00:00'),(127,286,'2025-07-16 09:00:00'),(127,333,'2025-07-16 09:00:00'),(127,354,'2025-07-16 09:00:00'),(127,366,'2025-07-16 09:00:00'),(127,382,'2025-07-16 09:00:00'),(127,388,'2025-07-16 09:00:00'),(127,411,'2025-07-16 09:00:00'),(127,459,'2025-07-16 09:00:00'),(127,553,'2025-07-16 09:00:00'),(127,573,'2025-07-16 09:00:00'),(127,613,'2025-07-16 09:00:00'),(127,617,'2025-07-16 09:00:00'),(127,641,'2025-07-16 09:00:00'),(127,710,'2025-07-16 09:00:00'),(127,727,'2025-07-16 09:00:00'),(127,749,'2025-07-16 09:00:00'),(127,763,'2025-07-16 09:00:00'),(127,771,'2025-07-16 09:00:00'),(127,791,'2025-07-16 09:00:00'),(127,819,'2025-07-16 09:00:00'),(127,839,'2025-07-16 09:00:00'),(127,846,'2025-07-16 09:00:00'),(127,911,'2025-07-16 09:00:00'),(127,953,'2025-07-16 09:00:00'),(127,970,'2025-07-16 09:00:00'),(128,26,'2025-07-16 09:00:00'),(128,82,'2025-07-16 09:00:00'),(128,119,'2025-07-16 09:00:00'),(128,168,'2025-07-16 09:00:00'),(128,212,'2025-07-16 09:00:00'),(128,238,'2025-07-16 09:00:00'),(128,299,'2025-07-16 09:00:00'),(128,312,'2025-07-16 09:00:00'),(128,326,'2025-07-16 09:00:00'),(128,336,'2025-07-16 09:00:00'),(128,345,'2025-07-16 09:00:00'),(128,407,'2025-07-16 09:00:00'),(128,462,'2025-07-16 09:00:00'),(128,485,'2025-07-16 09:00:00'),(128,516,'2025-07-16 09:00:00'),(128,564,'2025-07-16 09:00:00'),(128,614,'2025-07-16 09:00:00'),(128,650,'2025-07-16 09:00:00'),(128,665,'2025-07-16 09:00:00'),(128,671,'2025-07-16 09:00:00'),(128,693,'2025-07-16 09:00:00'),(128,696,'2025-07-16 09:00:00'),(128,759,'2025-07-16 09:00:00'),(128,774,'2025-07-16 09:00:00'),(128,814,'2025-07-16 09:00:00'),(128,899,'2025-07-16 09:00:00'),(128,912,'2025-07-16 09:00:00'),(128,944,'2025-07-16 09:00:00'),(128,949,'2025-07-16 09:00:00'),(128,965,'2025-07-16 09:00:00'),(129,56,'2025-07-16 09:00:00'),(129,89,'2025-07-16 09:00:00'),(129,101,'2025-07-16 09:00:00'),(129,166,'2025-07-16 09:00:00'),(129,202,'2025-07-16 09:00:00'),(129,230,'2025-07-16 09:00:00'),(129,247,'2025-07-16 09:00:00'),(129,249,'2025-07-16 09:00:00'),(129,348,'2025-07-16 09:00:00'),(129,367,'2025-07-16 09:00:00'),(129,391,'2025-07-16 09:00:00'),(129,418,'2025-07-16 09:00:00'),(129,431,'2025-07-16 09:00:00'),(129,452,'2025-07-16 09:00:00'),(129,471,'2025-07-16 09:00:00'),(129,520,'2025-07-16 09:00:00'),(129,597,'2025-07-16 09:00:00'),(129,602,'2025-07-16 09:00:00'),(129,640,'2025-07-16 09:00:00'),(129,669,'2025-07-16 09:00:00'),(129,684,'2025-07-16 09:00:00'),(129,705,'2025-07-16 09:00:00'),(129,805,'2025-07-16 09:00:00'),(129,826,'2025-07-16 09:00:00'),(129,834,'2025-07-16 09:00:00'),(129,857,'2025-07-16 09:00:00'),(129,910,'2025-07-16 09:00:00'),(129,920,'2025-07-16 09:00:00'),(129,938,'2025-07-16 09:00:00'),(129,962,'2025-07-16 09:00:00'),(130,9,'2025-07-16 09:00:00'),(130,26,'2025-07-16 09:00:00'),(130,37,'2025-07-16 09:00:00'),(130,43,'2025-07-16 09:00:00'),(130,49,'2025-07-16 09:00:00'),(130,57,'2025-07-16 09:00:00'),(130,107,'2025-07-16 09:00:00'),(130,112,'2025-07-16 09:00:00'),(130,208,'2025-07-16 09:00:00'),(130,326,'2025-07-16 09:00:00'),(130,375,'2025-07-16 09:00:00'),(130,416,'2025-07-16 09:00:00'),(130,431,'2025-07-16 09:00:00'),(130,452,'2025-07-16 09:00:00'),(130,453,'2025-07-16 09:00:00'),(130,478,'2025-07-16 09:00:00'),(130,507,'2025-07-16 09:00:00'),(130,525,'2025-07-16 09:00:00'),(130,549,'2025-07-16 09:00:00'),(130,592,'2025-07-16 09:00:00'),(130,702,'2025-07-16 09:00:00'),(130,725,'2025-07-16 09:00:00'),(130,764,'2025-07-16 09:00:00'),(130,809,'2025-07-16 09:00:00'),(130,869,'2025-07-16 09:00:00'),(130,930,'2025-07-16 09:00:00'),(130,981,'2025-07-16 09:00:00'),(131,48,'2025-07-16 09:00:00'),(131,66,'2025-07-16 09:00:00'),(131,94,'2025-07-16 09:00:00'),(131,120,'2025-07-16 09:00:00'),(131,147,'2025-07-16 09:00:00'),(131,206,'2025-07-16 09:00:00'),(131,320,'2025-07-16 09:00:00'),(131,383,'2025-07-16 09:00:00'),(131,432,'2025-07-16 09:00:00'),(131,436,'2025-07-16 09:00:00'),(131,450,'2025-07-16 09:00:00'),(131,479,'2025-07-16 09:00:00'),(131,494,'2025-07-16 09:00:00'),(131,515,'2025-07-16 09:00:00'),(131,539,'2025-07-16 09:00:00'),(131,590,'2025-07-16 09:00:00'),(131,647,'2025-07-16 09:00:00'),(131,693,'2025-07-16 09:00:00'),(131,713,'2025-07-16 09:00:00'),(131,770,'2025-07-16 09:00:00'),(131,798,'2025-07-16 09:00:00'),(131,809,'2025-07-16 09:00:00'),(131,875,'2025-07-16 09:00:00'),(131,881,'2025-07-16 09:00:00'),(131,921,'2025-07-16 09:00:00'),(132,81,'2025-07-16 09:00:00'),(132,82,'2025-07-16 09:00:00'),(132,133,'2025-07-16 09:00:00'),(132,156,'2025-07-16 09:00:00'),(132,162,'2025-07-16 09:00:00'),(132,311,'2025-07-16 09:00:00'),(132,345,'2025-07-16 09:00:00'),(132,377,'2025-07-16 09:00:00'),(132,410,'2025-07-16 09:00:00'),(132,538,'2025-07-16 09:00:00'),(132,562,'2025-07-16 09:00:00'),(132,586,'2025-07-16 09:00:00'),(132,626,'2025-07-16 09:00:00'),(132,637,'2025-07-16 09:00:00'),(132,698,'2025-07-16 09:00:00'),(132,756,'2025-07-16 09:00:00'),(132,806,'2025-07-16 09:00:00'),(132,897,'2025-07-16 09:00:00'),(132,899,'2025-07-16 09:00:00'),(132,904,'2025-07-16 09:00:00'),(132,930,'2025-07-16 09:00:00'),(132,987,'2025-07-16 09:00:00'),(133,7,'2025-07-16 09:00:00'),(133,51,'2025-07-16 09:00:00'),(133,133,'2025-07-16 09:00:00'),(133,172,'2025-07-16 09:00:00'),(133,210,'2025-07-16 09:00:00'),(133,270,'2025-07-16 09:00:00'),(133,280,'2025-07-16 09:00:00'),(133,286,'2025-07-16 09:00:00'),(133,338,'2025-07-16 09:00:00'),(133,342,'2025-07-16 09:00:00'),(133,351,'2025-07-16 09:00:00'),(133,368,'2025-07-16 09:00:00'),(133,385,'2025-07-16 09:00:00'),(133,390,'2025-07-16 09:00:00'),(133,397,'2025-07-16 09:00:00'),(133,410,'2025-07-16 09:00:00'),(133,452,'2025-07-16 09:00:00'),(133,463,'2025-07-16 09:00:00'),(133,514,'2025-07-16 09:00:00'),(133,588,'2025-07-16 09:00:00'),(133,594,'2025-07-16 09:00:00'),(133,635,'2025-07-16 09:00:00'),(133,652,'2025-07-16 09:00:00'),(133,727,'2025-07-16 09:00:00'),(133,806,'2025-07-16 09:00:00'),(133,868,'2025-07-16 09:00:00'),(133,882,'2025-07-16 09:00:00'),(133,894,'2025-07-16 09:00:00'),(133,933,'2025-07-16 09:00:00'),(133,952,'2025-07-16 09:00:00'),(134,132,'2025-07-16 09:00:00'),(134,145,'2025-07-16 09:00:00'),(134,161,'2025-07-16 09:00:00'),(134,219,'2025-07-16 09:00:00'),(134,243,'2025-07-16 09:00:00'),(134,250,'2025-07-16 09:00:00'),(134,278,'2025-07-16 09:00:00'),(134,341,'2025-07-16 09:00:00'),(134,386,'2025-07-16 09:00:00'),(134,413,'2025-07-16 09:00:00'),(134,558,'2025-07-16 09:00:00'),(134,588,'2025-07-16 09:00:00'),(134,624,'2025-07-16 09:00:00'),(134,655,'2025-07-16 09:00:00'),(134,683,'2025-07-16 09:00:00'),(134,690,'2025-07-16 09:00:00'),(134,861,'2025-07-16 09:00:00'),(134,896,'2025-07-16 09:00:00'),(134,897,'2025-07-16 09:00:00'),(134,915,'2025-07-16 09:00:00'),(134,927,'2025-07-16 09:00:00'),(134,936,'2025-07-16 09:00:00'),(135,35,'2025-07-16 09:00:00'),(135,41,'2025-07-16 09:00:00'),(135,65,'2025-07-16 09:00:00'),(135,88,'2025-07-16 09:00:00'),(135,170,'2025-07-16 09:00:00'),(135,269,'2025-07-16 09:00:00'),(135,320,'2025-07-16 09:00:00'),(135,353,'2025-07-16 09:00:00'),(135,357,'2025-07-16 09:00:00'),(135,364,'2025-07-16 09:00:00'),(135,455,'2025-07-16 09:00:00'),(135,458,'2025-07-16 09:00:00'),(135,484,'2025-07-16 09:00:00'),(135,541,'2025-07-16 09:00:00'),(135,553,'2025-07-16 09:00:00'),(135,616,'2025-07-16 09:00:00'),(135,628,'2025-07-16 09:00:00'),(135,719,'2025-07-16 09:00:00'),(135,814,'2025-07-16 09:00:00'),(135,905,'2025-07-16 09:00:00'),(136,20,'2025-07-16 09:00:00'),(136,25,'2025-07-16 09:00:00'),(136,33,'2025-07-16 09:00:00'),(136,56,'2025-07-16 09:00:00'),(136,61,'2025-07-16 09:00:00'),(136,193,'2025-07-16 09:00:00'),(136,214,'2025-07-16 09:00:00'),(136,229,'2025-07-16 09:00:00'),(136,243,'2025-07-16 09:00:00'),(136,256,'2025-07-16 09:00:00'),(136,262,'2025-07-16 09:00:00'),(136,271,'2025-07-16 09:00:00'),(136,288,'2025-07-16 09:00:00'),(136,300,'2025-07-16 09:00:00'),(136,364,'2025-07-16 09:00:00'),(136,401,'2025-07-16 09:00:00'),(136,414,'2025-07-16 09:00:00'),(136,420,'2025-07-16 09:00:00'),(136,474,'2025-07-16 09:00:00'),(136,485,'2025-07-16 09:00:00'),(136,542,'2025-07-16 09:00:00'),(136,552,'2025-07-16 09:00:00'),(136,620,'2025-07-16 09:00:00'),(136,649,'2025-07-16 09:00:00'),(136,686,'2025-07-16 09:00:00'),(136,781,'2025-07-16 09:00:00'),(136,806,'2025-07-16 09:00:00'),(136,808,'2025-07-16 09:00:00'),(136,818,'2025-07-16 09:00:00'),(136,842,'2025-07-16 09:00:00'),(136,933,'2025-07-16 09:00:00'),(136,993,'2025-07-16 09:00:00'),(137,6,'2025-07-16 09:00:00'),(137,14,'2025-07-16 09:00:00'),(137,56,'2025-07-16 09:00:00'),(137,96,'2025-07-16 09:00:00'),(137,160,'2025-07-16 09:00:00'),(137,224,'2025-07-16 09:00:00'),(137,249,'2025-07-16 09:00:00'),(137,254,'2025-07-16 09:00:00'),(137,263,'2025-07-16 09:00:00'),(137,268,'2025-07-16 09:00:00'),(137,304,'2025-07-16 09:00:00'),(137,390,'2025-07-16 09:00:00'),(137,410,'2025-07-16 09:00:00'),(137,433,'2025-07-16 09:00:00'),(137,446,'2025-07-16 09:00:00'),(137,489,'2025-07-16 09:00:00'),(137,530,'2025-07-16 09:00:00'),(137,564,'2025-07-16 09:00:00'),(137,603,'2025-07-16 09:00:00'),(137,610,'2025-07-16 09:00:00'),(137,688,'2025-07-16 09:00:00'),(137,703,'2025-07-16 09:00:00'),(137,745,'2025-07-16 09:00:00'),(137,758,'2025-07-16 09:00:00'),(137,832,'2025-07-16 09:00:00'),(137,841,'2025-07-16 09:00:00'),(137,917,'2025-07-16 09:00:00'),(138,8,'2025-07-16 09:00:00'),(138,52,'2025-07-16 09:00:00'),(138,61,'2025-07-16 09:00:00'),(138,125,'2025-07-16 09:00:00'),(138,157,'2025-07-16 09:00:00'),(138,214,'2025-07-16 09:00:00'),(138,258,'2025-07-16 09:00:00'),(138,376,'2025-07-16 09:00:00'),(138,403,'2025-07-16 09:00:00'),(138,446,'2025-07-16 09:00:00'),(138,453,'2025-07-16 09:00:00'),(138,508,'2025-07-16 09:00:00'),(138,553,'2025-07-16 09:00:00'),(138,561,'2025-07-16 09:00:00'),(138,583,'2025-07-16 09:00:00'),(138,627,'2025-07-16 09:00:00'),(138,639,'2025-07-16 09:00:00'),(138,695,'2025-07-16 09:00:00'),(138,747,'2025-07-16 09:00:00'),(138,879,'2025-07-16 09:00:00'),(138,885,'2025-07-16 09:00:00'),(138,923,'2025-07-16 09:00:00'),(138,970,'2025-07-16 09:00:00'),(138,989,'2025-07-16 09:00:00'),(139,20,'2025-07-16 09:00:00'),(139,35,'2025-07-16 09:00:00'),(139,57,'2025-07-16 09:00:00'),(139,74,'2025-07-16 09:00:00'),(139,90,'2025-07-16 09:00:00'),(139,107,'2025-07-16 09:00:00'),(139,155,'2025-07-16 09:00:00'),(139,170,'2025-07-16 09:00:00'),(139,181,'2025-07-16 09:00:00'),(139,200,'2025-07-16 09:00:00'),(139,229,'2025-07-16 09:00:00'),(139,233,'2025-07-16 09:00:00'),(139,261,'2025-07-16 09:00:00'),(139,262,'2025-07-16 09:00:00'),(139,266,'2025-07-16 09:00:00'),(139,282,'2025-07-16 09:00:00'),(139,284,'2025-07-16 09:00:00'),(139,373,'2025-07-16 09:00:00'),(139,447,'2025-07-16 09:00:00'),(139,489,'2025-07-16 09:00:00'),(139,529,'2025-07-16 09:00:00'),(139,540,'2025-07-16 09:00:00'),(139,570,'2025-07-16 09:00:00'),(139,602,'2025-07-16 09:00:00'),(139,605,'2025-07-16 09:00:00'),(139,636,'2025-07-16 09:00:00'),(139,691,'2025-07-16 09:00:00'),(139,706,'2025-07-16 09:00:00'),(139,719,'2025-07-16 09:00:00'),(139,744,'2025-07-16 09:00:00'),(139,746,'2025-07-16 09:00:00'),(139,862,'2025-07-16 09:00:00'),(139,892,'2025-07-16 09:00:00'),(140,27,'2025-07-16 09:00:00'),(140,77,'2025-07-16 09:00:00'),(140,112,'2025-07-16 09:00:00'),(140,135,'2025-07-16 09:00:00'),(140,185,'2025-07-16 09:00:00'),(140,258,'2025-07-16 09:00:00'),(140,370,'2025-07-16 09:00:00'),(140,373,'2025-07-16 09:00:00'),(140,498,'2025-07-16 09:00:00'),(140,509,'2025-07-16 09:00:00'),(140,576,'2025-07-16 09:00:00'),(140,587,'2025-07-16 09:00:00'),(140,599,'2025-07-16 09:00:00'),(140,608,'2025-07-16 09:00:00'),(140,647,'2025-07-16 09:00:00'),(140,665,'2025-07-16 09:00:00'),(140,670,'2025-07-16 09:00:00'),(140,693,'2025-07-16 09:00:00'),(140,702,'2025-07-16 09:00:00'),(140,729,'2025-07-16 09:00:00'),(140,730,'2025-07-16 09:00:00'),(140,731,'2025-07-16 09:00:00'),(140,736,'2025-07-16 09:00:00'),(140,742,'2025-07-16 09:00:00'),(140,778,'2025-07-16 09:00:00'),(140,820,'2025-07-16 09:00:00'),(140,830,'2025-07-16 09:00:00'),(140,835,'2025-07-16 09:00:00'),(140,857,'2025-07-16 09:00:00'),(140,923,'2025-07-16 09:00:00'),(140,934,'2025-07-16 09:00:00'),(140,999,'2025-07-16 09:00:00'),(141,43,'2025-07-16 09:00:00'),(141,67,'2025-07-16 09:00:00'),(141,188,'2025-07-16 09:00:00'),(141,191,'2025-07-16 09:00:00'),(141,207,'2025-07-16 09:00:00'),(141,223,'2025-07-16 09:00:00'),(141,341,'2025-07-16 09:00:00'),(141,358,'2025-07-16 09:00:00'),(141,380,'2025-07-16 09:00:00'),(141,395,'2025-07-16 09:00:00'),(141,467,'2025-07-16 09:00:00'),(141,491,'2025-07-16 09:00:00'),(141,589,'2025-07-16 09:00:00'),(141,607,'2025-07-16 09:00:00'),(141,673,'2025-07-16 09:00:00'),(141,740,'2025-07-16 09:00:00'),(141,752,'2025-07-16 09:00:00'),(141,768,'2025-07-16 09:00:00'),(141,772,'2025-07-16 09:00:00'),(141,787,'2025-07-16 09:00:00'),(141,821,'2025-07-16 09:00:00'),(141,829,'2025-07-16 09:00:00'),(141,840,'2025-07-16 09:00:00'),(141,849,'2025-07-16 09:00:00'),(141,862,'2025-07-16 09:00:00'),(141,863,'2025-07-16 09:00:00'),(141,909,'2025-07-16 09:00:00'),(141,992,'2025-07-16 09:00:00'),(142,10,'2025-07-16 09:00:00'),(142,18,'2025-07-16 09:00:00'),(142,107,'2025-07-16 09:00:00'),(142,139,'2025-07-16 09:00:00'),(142,186,'2025-07-16 09:00:00'),(142,199,'2025-07-16 09:00:00'),(142,248,'2025-07-16 09:00:00'),(142,328,'2025-07-16 09:00:00'),(142,350,'2025-07-16 09:00:00'),(142,371,'2025-07-16 09:00:00'),(142,470,'2025-07-16 09:00:00'),(142,481,'2025-07-16 09:00:00'),(142,494,'2025-07-16 09:00:00'),(142,501,'2025-07-16 09:00:00'),(142,504,'2025-07-16 09:00:00'),(142,540,'2025-07-16 09:00:00'),(142,554,'2025-07-16 09:00:00'),(142,575,'2025-07-16 09:00:00'),(142,608,'2025-07-16 09:00:00'),(142,710,'2025-07-16 09:00:00'),(142,712,'2025-07-16 09:00:00'),(142,735,'2025-07-16 09:00:00'),(142,759,'2025-07-16 09:00:00'),(142,794,'2025-07-16 09:00:00'),(142,842,'2025-07-16 09:00:00'),(142,859,'2025-07-16 09:00:00'),(142,863,'2025-07-16 09:00:00'),(142,875,'2025-07-16 09:00:00'),(142,906,'2025-07-16 09:00:00'),(142,914,'2025-07-16 09:00:00'),(142,999,'2025-07-16 09:00:00'),(143,47,'2025-07-16 09:00:00'),(143,79,'2025-07-16 09:00:00'),(143,141,'2025-07-16 09:00:00'),(143,175,'2025-07-16 09:00:00'),(143,232,'2025-07-16 09:00:00'),(143,239,'2025-07-16 09:00:00'),(143,316,'2025-07-16 09:00:00'),(143,339,'2025-07-16 09:00:00'),(143,361,'2025-07-16 09:00:00'),(143,386,'2025-07-16 09:00:00'),(143,404,'2025-07-16 09:00:00'),(143,457,'2025-07-16 09:00:00'),(143,485,'2025-07-16 09:00:00'),(143,497,'2025-07-16 09:00:00'),(143,560,'2025-07-16 09:00:00'),(143,576,'2025-07-16 09:00:00'),(143,603,'2025-07-16 09:00:00'),(143,613,'2025-07-16 09:00:00'),(143,659,'2025-07-16 09:00:00'),(143,660,'2025-07-16 09:00:00'),(143,680,'2025-07-16 09:00:00'),(143,687,'2025-07-16 09:00:00'),(143,690,'2025-07-16 09:00:00'),(143,706,'2025-07-16 09:00:00'),(143,792,'2025-07-16 09:00:00'),(143,821,'2025-07-16 09:00:00'),(143,830,'2025-07-16 09:00:00'),(143,872,'2025-07-16 09:00:00'),(143,878,'2025-07-16 09:00:00'),(143,906,'2025-07-16 09:00:00'),(143,958,'2025-07-16 09:00:00'),(144,18,'2025-07-16 09:00:00'),(144,67,'2025-07-16 09:00:00'),(144,79,'2025-07-16 09:00:00'),(144,90,'2025-07-16 09:00:00'),(144,99,'2025-07-16 09:00:00'),(144,105,'2025-07-16 09:00:00'),(144,123,'2025-07-16 09:00:00'),(144,125,'2025-07-16 09:00:00'),(144,127,'2025-07-16 09:00:00'),(144,130,'2025-07-16 09:00:00'),(144,135,'2025-07-16 09:00:00'),(144,164,'2025-07-16 09:00:00'),(144,184,'2025-07-16 09:00:00'),(144,216,'2025-07-16 09:00:00'),(144,228,'2025-07-16 09:00:00'),(144,260,'2025-07-16 09:00:00'),(144,272,'2025-07-16 09:00:00'),(144,291,'2025-07-16 09:00:00'),(144,293,'2025-07-16 09:00:00'),(144,312,'2025-07-16 09:00:00'),(144,393,'2025-07-16 09:00:00'),(144,396,'2025-07-16 09:00:00'),(144,473,'2025-07-16 09:00:00'),(144,504,'2025-07-16 09:00:00'),(144,540,'2025-07-16 09:00:00'),(144,599,'2025-07-16 09:00:00'),(144,668,'2025-07-16 09:00:00'),(144,702,'2025-07-16 09:00:00'),(144,753,'2025-07-16 09:00:00'),(144,762,'2025-07-16 09:00:00'),(144,776,'2025-07-16 09:00:00'),(144,785,'2025-07-16 09:00:00'),(144,845,'2025-07-16 09:00:00'),(144,894,'2025-07-16 09:00:00'),(144,953,'2025-07-16 09:00:00'),(145,39,'2025-07-16 09:00:00'),(145,109,'2025-07-16 09:00:00'),(145,120,'2025-07-16 09:00:00'),(145,154,'2025-07-16 09:00:00'),(145,155,'2025-07-16 09:00:00'),(145,243,'2025-07-16 09:00:00'),(145,293,'2025-07-16 09:00:00'),(145,402,'2025-07-16 09:00:00'),(145,409,'2025-07-16 09:00:00'),(145,457,'2025-07-16 09:00:00'),(145,475,'2025-07-16 09:00:00'),(145,487,'2025-07-16 09:00:00'),(145,494,'2025-07-16 09:00:00'),(145,527,'2025-07-16 09:00:00'),(145,592,'2025-07-16 09:00:00'),(145,625,'2025-07-16 09:00:00'),(145,629,'2025-07-16 09:00:00'),(145,641,'2025-07-16 09:00:00'),(145,661,'2025-07-16 09:00:00'),(145,664,'2025-07-16 09:00:00'),(145,692,'2025-07-16 09:00:00'),(145,713,'2025-07-16 09:00:00'),(145,726,'2025-07-16 09:00:00'),(145,748,'2025-07-16 09:00:00'),(145,822,'2025-07-16 09:00:00'),(145,893,'2025-07-16 09:00:00'),(145,923,'2025-07-16 09:00:00'),(145,953,'2025-07-16 09:00:00'),(146,12,'2025-07-16 09:00:00'),(146,16,'2025-07-16 09:00:00'),(146,33,'2025-07-16 09:00:00'),(146,117,'2025-07-16 09:00:00'),(146,177,'2025-07-16 09:00:00'),(146,191,'2025-07-16 09:00:00'),(146,197,'2025-07-16 09:00:00'),(146,207,'2025-07-16 09:00:00'),(146,218,'2025-07-16 09:00:00'),(146,278,'2025-07-16 09:00:00'),(146,296,'2025-07-16 09:00:00'),(146,314,'2025-07-16 09:00:00'),(146,320,'2025-07-16 09:00:00'),(146,372,'2025-07-16 09:00:00'),(146,384,'2025-07-16 09:00:00'),(146,402,'2025-07-16 09:00:00'),(146,410,'2025-07-16 09:00:00'),(146,427,'2025-07-16 09:00:00'),(146,429,'2025-07-16 09:00:00'),(146,512,'2025-07-16 09:00:00'),(146,514,'2025-07-16 09:00:00'),(146,571,'2025-07-16 09:00:00'),(146,591,'2025-07-16 09:00:00'),(146,720,'2025-07-16 09:00:00'),(146,731,'2025-07-16 09:00:00'),(146,734,'2025-07-16 09:00:00'),(146,871,'2025-07-16 09:00:00'),(146,909,'2025-07-16 09:00:00'),(146,922,'2025-07-16 09:00:00'),(146,945,'2025-07-16 09:00:00'),(146,955,'2025-07-16 09:00:00'),(146,966,'2025-07-16 09:00:00'),(146,969,'2025-07-16 09:00:00'),(147,4,'2025-07-16 09:00:00'),(147,85,'2025-07-16 09:00:00'),(147,131,'2025-07-16 09:00:00'),(147,139,'2025-07-16 09:00:00'),(147,145,'2025-07-16 09:00:00'),(147,178,'2025-07-16 09:00:00'),(147,251,'2025-07-16 09:00:00'),(147,254,'2025-07-16 09:00:00'),(147,295,'2025-07-16 09:00:00'),(147,298,'2025-07-16 09:00:00'),(147,305,'2025-07-16 09:00:00'),(147,310,'2025-07-16 09:00:00'),(147,318,'2025-07-16 09:00:00'),(147,333,'2025-07-16 09:00:00'),(147,341,'2025-07-16 09:00:00'),(147,351,'2025-07-16 09:00:00'),(147,394,'2025-07-16 09:00:00'),(147,402,'2025-07-16 09:00:00'),(147,405,'2025-07-16 09:00:00'),(147,410,'2025-07-16 09:00:00'),(147,431,'2025-07-16 09:00:00'),(147,443,'2025-07-16 09:00:00'),(147,508,'2025-07-16 09:00:00'),(147,554,'2025-07-16 09:00:00'),(147,563,'2025-07-16 09:00:00'),(147,649,'2025-07-16 09:00:00'),(147,688,'2025-07-16 09:00:00'),(147,708,'2025-07-16 09:00:00'),(147,864,'2025-07-16 09:00:00'),(147,957,'2025-07-16 09:00:00'),(147,987,'2025-07-16 09:00:00'),(148,27,'2025-07-16 09:00:00'),(148,57,'2025-07-16 09:00:00'),(148,133,'2025-07-16 09:00:00'),(148,149,'2025-07-16 09:00:00'),(148,226,'2025-07-16 09:00:00'),(148,342,'2025-07-16 09:00:00'),(148,368,'2025-07-16 09:00:00'),(148,422,'2025-07-16 09:00:00'),(148,468,'2025-07-16 09:00:00'),(148,633,'2025-07-16 09:00:00'),(148,718,'2025-07-16 09:00:00'),(148,768,'2025-07-16 09:00:00'),(148,772,'2025-07-16 09:00:00'),(148,792,'2025-07-16 09:00:00'),(149,53,'2025-07-16 09:00:00'),(149,72,'2025-07-16 09:00:00'),(149,95,'2025-07-16 09:00:00'),(149,118,'2025-07-16 09:00:00'),(149,139,'2025-07-16 09:00:00'),(149,146,'2025-07-16 09:00:00'),(149,153,'2025-07-16 09:00:00'),(149,159,'2025-07-16 09:00:00'),(149,169,'2025-07-16 09:00:00'),(149,178,'2025-07-16 09:00:00'),(149,188,'2025-07-16 09:00:00'),(149,193,'2025-07-16 09:00:00'),(149,339,'2025-07-16 09:00:00'),(149,354,'2025-07-16 09:00:00'),(149,362,'2025-07-16 09:00:00'),(149,365,'2025-07-16 09:00:00'),(149,458,'2025-07-16 09:00:00'),(149,631,'2025-07-16 09:00:00'),(149,670,'2025-07-16 09:00:00'),(149,685,'2025-07-16 09:00:00'),(149,761,'2025-07-16 09:00:00'),(149,782,'2025-07-16 09:00:00'),(149,810,'2025-07-16 09:00:00'),(149,811,'2025-07-16 09:00:00'),(149,899,'2025-07-16 09:00:00'),(149,905,'2025-07-16 09:00:00'),(149,913,'2025-07-16 09:00:00'),(149,921,'2025-07-16 09:00:00'),(149,947,'2025-07-16 09:00:00'),(149,949,'2025-07-16 09:00:00'),(149,992,'2025-07-16 09:00:00'),(150,23,'2025-07-16 09:00:00'),(150,63,'2025-07-16 09:00:00'),(150,75,'2025-07-16 09:00:00'),(150,94,'2025-07-16 09:00:00'),(150,105,'2025-07-16 09:00:00'),(150,168,'2025-07-16 09:00:00'),(150,190,'2025-07-16 09:00:00'),(150,206,'2025-07-16 09:00:00'),(150,233,'2025-07-16 09:00:00'),(150,270,'2025-07-16 09:00:00'),(150,285,'2025-07-16 09:00:00'),(150,306,'2025-07-16 09:00:00'),(150,386,'2025-07-16 09:00:00'),(150,433,'2025-07-16 09:00:00'),(150,446,'2025-07-16 09:00:00'),(150,447,'2025-07-16 09:00:00'),(150,468,'2025-07-16 09:00:00'),(150,508,'2025-07-16 09:00:00'),(150,542,'2025-07-16 09:00:00'),(150,551,'2025-07-16 09:00:00'),(150,629,'2025-07-16 09:00:00'),(150,647,'2025-07-16 09:00:00'),(150,672,'2025-07-16 09:00:00'),(150,697,'2025-07-16 09:00:00'),(150,728,'2025-07-16 09:00:00'),(150,777,'2025-07-16 09:00:00'),(150,854,'2025-07-16 09:00:00'),(150,873,'2025-07-16 09:00:00'),(150,880,'2025-07-16 09:00:00'),(150,887,'2025-07-16 09:00:00'),(150,889,'2025-07-16 09:00:00'),(150,892,'2025-07-16 09:00:00'),(150,953,'2025-07-16 09:00:00'),(150,962,'2025-07-16 09:00:00'),(151,131,'2025-07-16 09:00:00'),(151,144,'2025-07-16 09:00:00'),(151,167,'2025-07-16 09:00:00'),(151,170,'2025-07-16 09:00:00'),(151,217,'2025-07-16 09:00:00'),(151,232,'2025-07-16 09:00:00'),(151,342,'2025-07-16 09:00:00'),(151,367,'2025-07-16 09:00:00'),(151,370,'2025-07-16 09:00:00'),(151,382,'2025-07-16 09:00:00'),(151,451,'2025-07-16 09:00:00'),(151,463,'2025-07-16 09:00:00'),(151,482,'2025-07-16 09:00:00'),(151,501,'2025-07-16 09:00:00'),(151,527,'2025-07-16 09:00:00'),(151,539,'2025-07-16 09:00:00'),(151,570,'2025-07-16 09:00:00'),(151,574,'2025-07-16 09:00:00'),(151,634,'2025-07-16 09:00:00'),(151,658,'2025-07-16 09:00:00'),(151,665,'2025-07-16 09:00:00'),(151,703,'2025-07-16 09:00:00'),(151,880,'2025-07-16 09:00:00'),(151,892,'2025-07-16 09:00:00'),(151,895,'2025-07-16 09:00:00'),(151,989,'2025-07-16 09:00:00'),(152,59,'2025-07-16 09:00:00'),(152,153,'2025-07-16 09:00:00'),(152,217,'2025-07-16 09:00:00'),(152,248,'2025-07-16 09:00:00'),(152,318,'2025-07-16 09:00:00'),(152,332,'2025-07-16 09:00:00'),(152,475,'2025-07-16 09:00:00'),(152,476,'2025-07-16 09:00:00'),(152,578,'2025-07-16 09:00:00'),(152,607,'2025-07-16 09:00:00'),(152,611,'2025-07-16 09:00:00'),(152,615,'2025-07-16 09:00:00'),(152,674,'2025-07-16 09:00:00'),(152,680,'2025-07-16 09:00:00'),(152,729,'2025-07-16 09:00:00'),(152,768,'2025-07-16 09:00:00'),(152,821,'2025-07-16 09:00:00'),(152,846,'2025-07-16 09:00:00'),(152,891,'2025-07-16 09:00:00'),(152,898,'2025-07-16 09:00:00'),(152,927,'2025-07-16 09:00:00'),(152,964,'2025-07-16 09:00:00'),(152,968,'2025-07-16 09:00:00'),(153,47,'2025-07-16 09:00:00'),(153,64,'2025-07-16 09:00:00'),(153,136,'2025-07-16 09:00:00'),(153,180,'2025-07-16 09:00:00'),(153,203,'2025-07-16 09:00:00'),(153,231,'2025-07-16 09:00:00'),(153,444,'2025-07-16 09:00:00'),(153,476,'2025-07-16 09:00:00'),(153,480,'2025-07-16 09:00:00'),(153,486,'2025-07-16 09:00:00'),(153,536,'2025-07-16 09:00:00'),(153,627,'2025-07-16 09:00:00'),(153,732,'2025-07-16 09:00:00'),(153,756,'2025-07-16 09:00:00'),(153,766,'2025-07-16 09:00:00'),(153,817,'2025-07-16 09:00:00'),(153,847,'2025-07-16 09:00:00'),(153,919,'2025-07-16 09:00:00'),(153,938,'2025-07-16 09:00:00'),(153,988,'2025-07-16 09:00:00'),(154,27,'2025-07-16 09:00:00'),(154,111,'2025-07-16 09:00:00'),(154,141,'2025-07-16 09:00:00'),(154,158,'2025-07-16 09:00:00'),(154,169,'2025-07-16 09:00:00'),(154,170,'2025-07-16 09:00:00'),(154,193,'2025-07-16 09:00:00'),(154,208,'2025-07-16 09:00:00'),(154,274,'2025-07-16 09:00:00'),(154,276,'2025-07-16 09:00:00'),(154,282,'2025-07-16 09:00:00'),(154,299,'2025-07-16 09:00:00'),(154,314,'2025-07-16 09:00:00'),(154,396,'2025-07-16 09:00:00'),(154,399,'2025-07-16 09:00:00'),(154,421,'2025-07-16 09:00:00'),(154,440,'2025-07-16 09:00:00'),(154,467,'2025-07-16 09:00:00'),(154,474,'2025-07-16 09:00:00'),(154,489,'2025-07-16 09:00:00'),(154,588,'2025-07-16 09:00:00'),(154,602,'2025-07-16 09:00:00'),(154,680,'2025-07-16 09:00:00'),(154,698,'2025-07-16 09:00:00'),(154,802,'2025-07-16 09:00:00'),(154,842,'2025-07-16 09:00:00'),(154,954,'2025-07-16 09:00:00'),(154,988,'2025-07-16 09:00:00'),(155,20,'2025-07-16 09:00:00'),(155,67,'2025-07-16 09:00:00'),(155,128,'2025-07-16 09:00:00'),(155,153,'2025-07-16 09:00:00'),(155,220,'2025-07-16 09:00:00'),(155,249,'2025-07-16 09:00:00'),(155,303,'2025-07-16 09:00:00'),(155,312,'2025-07-16 09:00:00'),(155,359,'2025-07-16 09:00:00'),(155,361,'2025-07-16 09:00:00'),(155,383,'2025-07-16 09:00:00'),(155,387,'2025-07-16 09:00:00'),(155,407,'2025-07-16 09:00:00'),(155,427,'2025-07-16 09:00:00'),(155,459,'2025-07-16 09:00:00'),(155,513,'2025-07-16 09:00:00'),(155,584,'2025-07-16 09:00:00'),(155,590,'2025-07-16 09:00:00'),(155,630,'2025-07-16 09:00:00'),(155,688,'2025-07-16 09:00:00'),(155,757,'2025-07-16 09:00:00'),(155,768,'2025-07-16 09:00:00'),(155,785,'2025-07-16 09:00:00'),(155,849,'2025-07-16 09:00:00'),(155,885,'2025-07-16 09:00:00'),(155,890,'2025-07-16 09:00:00'),(155,941,'2025-07-16 09:00:00'),(155,966,'2025-07-16 09:00:00'),(155,987,'2025-07-16 09:00:00'),(155,997,'2025-07-16 09:00:00'),(155,1000,'2025-07-16 09:00:00'),(156,53,'2025-07-16 09:00:00'),(156,155,'2025-07-16 09:00:00'),(156,198,'2025-07-16 09:00:00'),(156,244,'2025-07-16 09:00:00'),(156,262,'2025-07-16 09:00:00'),(156,263,'2025-07-16 09:00:00'),(156,285,'2025-07-16 09:00:00'),(156,297,'2025-07-16 09:00:00'),(156,301,'2025-07-16 09:00:00'),(156,349,'2025-07-16 09:00:00'),(156,379,'2025-07-16 09:00:00'),(156,448,'2025-07-16 09:00:00'),(156,462,'2025-07-16 09:00:00'),(156,467,'2025-07-16 09:00:00'),(156,504,'2025-07-16 09:00:00'),(156,518,'2025-07-16 09:00:00'),(156,593,'2025-07-16 09:00:00'),(156,646,'2025-07-16 09:00:00'),(156,705,'2025-07-16 09:00:00'),(156,754,'2025-07-16 09:00:00'),(156,775,'2025-07-16 09:00:00'),(156,844,'2025-07-16 09:00:00'),(157,10,'2025-07-16 09:00:00'),(157,24,'2025-07-16 09:00:00'),(157,34,'2025-07-16 09:00:00'),(157,122,'2025-07-16 09:00:00'),(157,159,'2025-07-16 09:00:00'),(157,183,'2025-07-16 09:00:00'),(157,210,'2025-07-16 09:00:00'),(157,217,'2025-07-16 09:00:00'),(157,291,'2025-07-16 09:00:00'),(157,303,'2025-07-16 09:00:00'),(157,321,'2025-07-16 09:00:00'),(157,326,'2025-07-16 09:00:00'),(157,353,'2025-07-16 09:00:00'),(157,400,'2025-07-16 09:00:00'),(157,406,'2025-07-16 09:00:00'),(157,431,'2025-07-16 09:00:00'),(157,496,'2025-07-16 09:00:00'),(157,535,'2025-07-16 09:00:00'),(157,573,'2025-07-16 09:00:00'),(157,574,'2025-07-16 09:00:00'),(157,604,'2025-07-16 09:00:00'),(157,616,'2025-07-16 09:00:00'),(157,642,'2025-07-16 09:00:00'),(157,661,'2025-07-16 09:00:00'),(157,696,'2025-07-16 09:00:00'),(157,713,'2025-07-16 09:00:00'),(157,802,'2025-07-16 09:00:00'),(157,835,'2025-07-16 09:00:00'),(157,874,'2025-07-16 09:00:00'),(157,913,'2025-07-16 09:00:00'),(157,967,'2025-07-16 09:00:00'),(157,973,'2025-07-16 09:00:00'),(158,32,'2025-07-16 09:00:00'),(158,47,'2025-07-16 09:00:00'),(158,64,'2025-07-16 09:00:00'),(158,66,'2025-07-16 09:00:00'),(158,102,'2025-07-16 09:00:00'),(158,121,'2025-07-16 09:00:00'),(158,177,'2025-07-16 09:00:00'),(158,178,'2025-07-16 09:00:00'),(158,188,'2025-07-16 09:00:00'),(158,215,'2025-07-16 09:00:00'),(158,241,'2025-07-16 09:00:00'),(158,293,'2025-07-16 09:00:00'),(158,437,'2025-07-16 09:00:00'),(158,473,'2025-07-16 09:00:00'),(158,483,'2025-07-16 09:00:00'),(158,532,'2025-07-16 09:00:00'),(158,555,'2025-07-16 09:00:00'),(158,581,'2025-07-16 09:00:00'),(158,601,'2025-07-16 09:00:00'),(158,616,'2025-07-16 09:00:00'),(158,626,'2025-07-16 09:00:00'),(158,637,'2025-07-16 09:00:00'),(158,799,'2025-07-16 09:00:00'),(158,812,'2025-07-16 09:00:00'),(158,824,'2025-07-16 09:00:00'),(158,830,'2025-07-16 09:00:00'),(158,840,'2025-07-16 09:00:00'),(158,869,'2025-07-16 09:00:00'),(158,879,'2025-07-16 09:00:00'),(158,880,'2025-07-16 09:00:00'),(158,894,'2025-07-16 09:00:00'),(158,896,'2025-07-16 09:00:00'),(158,967,'2025-07-16 09:00:00'),(158,968,'2025-07-16 09:00:00'),(158,990,'2025-07-16 09:00:00'),(159,20,'2025-07-16 09:00:00'),(159,82,'2025-07-16 09:00:00'),(159,127,'2025-07-16 09:00:00'),(159,187,'2025-07-16 09:00:00'),(159,206,'2025-07-16 09:00:00'),(159,208,'2025-07-16 09:00:00'),(159,223,'2025-07-16 09:00:00'),(159,248,'2025-07-16 09:00:00'),(159,342,'2025-07-16 09:00:00'),(159,343,'2025-07-16 09:00:00'),(159,344,'2025-07-16 09:00:00'),(159,364,'2025-07-16 09:00:00'),(159,418,'2025-07-16 09:00:00'),(159,549,'2025-07-16 09:00:00'),(159,561,'2025-07-16 09:00:00'),(159,600,'2025-07-16 09:00:00'),(159,674,'2025-07-16 09:00:00'),(159,680,'2025-07-16 09:00:00'),(159,784,'2025-07-16 09:00:00'),(159,789,'2025-07-16 09:00:00'),(159,800,'2025-07-16 09:00:00'),(159,802,'2025-07-16 09:00:00'),(159,818,'2025-07-16 09:00:00'),(159,876,'2025-07-16 09:00:00'),(159,907,'2025-07-16 09:00:00'),(159,978,'2025-07-16 09:00:00'),(160,2,'2025-07-16 09:00:00'),(160,17,'2025-07-16 09:00:00'),(160,43,'2025-07-16 09:00:00'),(160,242,'2025-07-16 09:00:00'),(160,267,'2025-07-16 09:00:00'),(160,275,'2025-07-16 09:00:00'),(160,368,'2025-07-16 09:00:00'),(160,455,'2025-07-16 09:00:00'),(160,469,'2025-07-16 09:00:00'),(160,484,'2025-07-16 09:00:00'),(160,579,'2025-07-16 09:00:00'),(160,660,'2025-07-16 09:00:00'),(160,755,'2025-07-16 09:00:00'),(160,767,'2025-07-16 09:00:00'),(160,769,'2025-07-16 09:00:00'),(160,794,'2025-07-16 09:00:00'),(160,826,'2025-07-16 09:00:00'),(160,883,'2025-07-16 09:00:00'),(160,950,'2025-07-16 09:00:00'),(160,954,'2025-07-16 09:00:00'),(161,43,'2025-07-16 09:00:00'),(161,58,'2025-07-16 09:00:00'),(161,89,'2025-07-16 09:00:00'),(161,90,'2025-07-16 09:00:00'),(161,120,'2025-07-16 09:00:00'),(161,188,'2025-07-16 09:00:00'),(161,247,'2025-07-16 09:00:00'),(161,269,'2025-07-16 09:00:00'),(161,281,'2025-07-16 09:00:00'),(161,340,'2025-07-16 09:00:00'),(161,353,'2025-07-16 09:00:00'),(161,401,'2025-07-16 09:00:00'),(161,414,'2025-07-16 09:00:00'),(161,425,'2025-07-16 09:00:00'),(161,469,'2025-07-16 09:00:00'),(161,526,'2025-07-16 09:00:00'),(161,588,'2025-07-16 09:00:00'),(161,644,'2025-07-16 09:00:00'),(161,653,'2025-07-16 09:00:00'),(161,655,'2025-07-16 09:00:00'),(161,669,'2025-07-16 09:00:00'),(161,684,'2025-07-16 09:00:00'),(161,714,'2025-07-16 09:00:00'),(161,749,'2025-07-16 09:00:00'),(161,807,'2025-07-16 09:00:00'),(161,825,'2025-07-16 09:00:00'),(161,850,'2025-07-16 09:00:00'),(161,880,'2025-07-16 09:00:00'),(161,920,'2025-07-16 09:00:00'),(161,921,'2025-07-16 09:00:00'),(161,924,'2025-07-16 09:00:00'),(161,927,'2025-07-16 09:00:00'),(162,1,'2025-07-16 09:00:00'),(162,4,'2025-07-16 09:00:00'),(162,7,'2025-07-16 09:00:00'),(162,18,'2025-07-16 09:00:00'),(162,28,'2025-07-16 09:00:00'),(162,32,'2025-07-16 09:00:00'),(162,33,'2025-07-16 09:00:00'),(162,41,'2025-07-16 09:00:00'),(162,85,'2025-07-16 09:00:00'),(162,121,'2025-07-16 09:00:00'),(162,164,'2025-07-16 09:00:00'),(162,274,'2025-07-16 09:00:00'),(162,279,'2025-07-16 09:00:00'),(162,409,'2025-07-16 09:00:00'),(162,410,'2025-07-16 09:00:00'),(162,415,'2025-07-16 09:00:00'),(162,500,'2025-07-16 09:00:00'),(162,574,'2025-07-16 09:00:00'),(162,612,'2025-07-16 09:00:00'),(162,636,'2025-07-16 09:00:00'),(162,659,'2025-07-16 09:00:00'),(162,786,'2025-07-16 09:00:00'),(162,844,'2025-07-16 09:00:00'),(162,909,'2025-07-16 09:00:00'),(162,968,'2025-07-16 09:00:00'),(163,30,'2025-07-16 09:00:00'),(163,45,'2025-07-16 09:00:00'),(163,166,'2025-07-16 09:00:00'),(163,180,'2025-07-16 09:00:00'),(163,239,'2025-07-16 09:00:00'),(163,283,'2025-07-16 09:00:00'),(163,303,'2025-07-16 09:00:00'),(163,304,'2025-07-16 09:00:00'),(163,307,'2025-07-16 09:00:00'),(163,394,'2025-07-16 09:00:00'),(163,409,'2025-07-16 09:00:00'),(163,434,'2025-07-16 09:00:00'),(163,444,'2025-07-16 09:00:00'),(163,522,'2025-07-16 09:00:00'),(163,719,'2025-07-16 09:00:00'),(163,785,'2025-07-16 09:00:00'),(163,833,'2025-07-16 09:00:00'),(163,881,'2025-07-16 09:00:00'),(163,891,'2025-07-16 09:00:00'),(163,947,'2025-07-16 09:00:00'),(163,996,'2025-07-16 09:00:00'),(164,15,'2025-07-16 09:00:00'),(164,23,'2025-07-16 09:00:00'),(164,148,'2025-07-16 09:00:00'),(164,169,'2025-07-16 09:00:00'),(164,252,'2025-07-16 09:00:00'),(164,324,'2025-07-16 09:00:00'),(164,347,'2025-07-16 09:00:00'),(164,367,'2025-07-16 09:00:00'),(164,431,'2025-07-16 09:00:00'),(164,448,'2025-07-16 09:00:00'),(164,469,'2025-07-16 09:00:00'),(164,545,'2025-07-16 09:00:00'),(164,610,'2025-07-16 09:00:00'),(164,613,'2025-07-16 09:00:00'),(164,673,'2025-07-16 09:00:00'),(164,681,'2025-07-16 09:00:00'),(164,698,'2025-07-16 09:00:00'),(164,801,'2025-07-16 09:00:00'),(164,820,'2025-07-16 09:00:00'),(164,832,'2025-07-16 09:00:00'),(164,834,'2025-07-16 09:00:00'),(164,851,'2025-07-16 09:00:00'),(164,884,'2025-07-16 09:00:00'),(164,908,'2025-07-16 09:00:00'),(164,957,'2025-07-16 09:00:00'),(164,984,'2025-07-16 09:00:00'),(165,72,'2025-07-16 09:00:00'),(165,95,'2025-07-16 09:00:00'),(165,146,'2025-07-16 09:00:00'),(165,204,'2025-07-16 09:00:00'),(165,253,'2025-07-16 09:00:00'),(165,286,'2025-07-16 09:00:00'),(165,360,'2025-07-16 09:00:00'),(165,375,'2025-07-16 09:00:00'),(165,395,'2025-07-16 09:00:00'),(165,421,'2025-07-16 09:00:00'),(165,437,'2025-07-16 09:00:00'),(165,473,'2025-07-16 09:00:00'),(165,607,'2025-07-16 09:00:00'),(165,644,'2025-07-16 09:00:00'),(165,659,'2025-07-16 09:00:00'),(165,693,'2025-07-16 09:00:00'),(165,737,'2025-07-16 09:00:00'),(165,779,'2025-07-16 09:00:00'),(165,798,'2025-07-16 09:00:00'),(165,807,'2025-07-16 09:00:00'),(165,809,'2025-07-16 09:00:00'),(165,832,'2025-07-16 09:00:00'),(165,833,'2025-07-16 09:00:00'),(165,947,'2025-07-16 09:00:00'),(165,948,'2025-07-16 09:00:00'),(165,962,'2025-07-16 09:00:00'),(166,25,'2025-07-16 09:00:00'),(166,38,'2025-07-16 09:00:00'),(166,55,'2025-07-16 09:00:00'),(166,61,'2025-07-16 09:00:00'),(166,68,'2025-07-16 09:00:00'),(166,86,'2025-07-16 09:00:00'),(166,146,'2025-07-16 09:00:00'),(166,255,'2025-07-16 09:00:00'),(166,297,'2025-07-16 09:00:00'),(166,306,'2025-07-16 09:00:00'),(166,326,'2025-07-16 09:00:00'),(166,361,'2025-07-16 09:00:00'),(166,366,'2025-07-16 09:00:00'),(166,426,'2025-07-16 09:00:00'),(166,580,'2025-07-16 09:00:00'),(166,622,'2025-07-16 09:00:00'),(166,674,'2025-07-16 09:00:00'),(166,714,'2025-07-16 09:00:00'),(166,788,'2025-07-16 09:00:00'),(166,867,'2025-07-16 09:00:00'),(166,944,'2025-07-16 09:00:00'),(166,1000,'2025-07-16 09:00:00'),(167,17,'2025-07-16 09:00:00'),(167,25,'2025-07-16 09:00:00'),(167,63,'2025-07-16 09:00:00'),(167,72,'2025-07-16 09:00:00'),(167,107,'2025-07-16 09:00:00'),(167,120,'2025-07-16 09:00:00'),(167,191,'2025-07-16 09:00:00'),(167,294,'2025-07-16 09:00:00'),(167,319,'2025-07-16 09:00:00'),(167,339,'2025-07-16 09:00:00'),(167,341,'2025-07-16 09:00:00'),(167,496,'2025-07-16 09:00:00'),(167,554,'2025-07-16 09:00:00'),(167,626,'2025-07-16 09:00:00'),(167,628,'2025-07-16 09:00:00'),(167,672,'2025-07-16 09:00:00'),(167,692,'2025-07-16 09:00:00'),(167,717,'2025-07-16 09:00:00'),(167,734,'2025-07-16 09:00:00'),(167,794,'2025-07-16 09:00:00'),(167,800,'2025-07-16 09:00:00'),(167,802,'2025-07-16 09:00:00'),(167,856,'2025-07-16 09:00:00'),(167,864,'2025-07-16 09:00:00'),(167,882,'2025-07-16 09:00:00'),(167,923,'2025-07-16 09:00:00'),(168,32,'2025-07-16 09:00:00'),(168,56,'2025-07-16 09:00:00'),(168,92,'2025-07-16 09:00:00'),(168,115,'2025-07-16 09:00:00'),(168,188,'2025-07-16 09:00:00'),(168,196,'2025-07-16 09:00:00'),(168,208,'2025-07-16 09:00:00'),(168,237,'2025-07-16 09:00:00'),(168,241,'2025-07-16 09:00:00'),(168,255,'2025-07-16 09:00:00'),(168,305,'2025-07-16 09:00:00'),(168,336,'2025-07-16 09:00:00'),(168,387,'2025-07-16 09:00:00'),(168,433,'2025-07-16 09:00:00'),(168,438,'2025-07-16 09:00:00'),(168,519,'2025-07-16 09:00:00'),(168,602,'2025-07-16 09:00:00'),(168,619,'2025-07-16 09:00:00'),(168,626,'2025-07-16 09:00:00'),(168,652,'2025-07-16 09:00:00'),(168,678,'2025-07-16 09:00:00'),(168,685,'2025-07-16 09:00:00'),(168,804,'2025-07-16 09:00:00'),(168,807,'2025-07-16 09:00:00'),(168,826,'2025-07-16 09:00:00'),(168,841,'2025-07-16 09:00:00'),(168,886,'2025-07-16 09:00:00'),(168,889,'2025-07-16 09:00:00'),(168,892,'2025-07-16 09:00:00'),(168,927,'2025-07-16 09:00:00'),(168,959,'2025-07-16 09:00:00'),(169,6,'2025-07-16 09:00:00'),(169,78,'2025-07-16 09:00:00'),(169,93,'2025-07-16 09:00:00'),(169,246,'2025-07-16 09:00:00'),(169,248,'2025-07-16 09:00:00'),(169,289,'2025-07-16 09:00:00'),(169,301,'2025-07-16 09:00:00'),(169,326,'2025-07-16 09:00:00'),(169,349,'2025-07-16 09:00:00'),(169,372,'2025-07-16 09:00:00'),(169,398,'2025-07-16 09:00:00'),(169,434,'2025-07-16 09:00:00'),(169,505,'2025-07-16 09:00:00'),(169,564,'2025-07-16 09:00:00'),(169,571,'2025-07-16 09:00:00'),(169,634,'2025-07-16 09:00:00'),(169,642,'2025-07-16 09:00:00'),(169,673,'2025-07-16 09:00:00'),(169,694,'2025-07-16 09:00:00'),(169,727,'2025-07-16 09:00:00'),(169,778,'2025-07-16 09:00:00'),(169,815,'2025-07-16 09:00:00'),(169,847,'2025-07-16 09:00:00'),(169,849,'2025-07-16 09:00:00'),(169,894,'2025-07-16 09:00:00'),(169,897,'2025-07-16 09:00:00'),(169,954,'2025-07-16 09:00:00'),(169,992,'2025-07-16 09:00:00'),(169,998,'2025-07-16 09:00:00'),(170,7,'2025-07-16 09:00:00'),(170,15,'2025-07-16 09:00:00'),(170,27,'2025-07-16 09:00:00'),(170,33,'2025-07-16 09:00:00'),(170,102,'2025-07-16 09:00:00'),(170,139,'2025-07-16 09:00:00'),(170,180,'2025-07-16 09:00:00'),(170,184,'2025-07-16 09:00:00'),(170,212,'2025-07-16 09:00:00'),(170,299,'2025-07-16 09:00:00'),(170,322,'2025-07-16 09:00:00'),(170,358,'2025-07-16 09:00:00'),(170,416,'2025-07-16 09:00:00'),(170,508,'2025-07-16 09:00:00'),(170,537,'2025-07-16 09:00:00'),(170,705,'2025-07-16 09:00:00'),(170,758,'2025-07-16 09:00:00'),(170,764,'2025-07-16 09:00:00'),(170,868,'2025-07-16 09:00:00'),(170,877,'2025-07-16 09:00:00'),(170,886,'2025-07-16 09:00:00'),(170,925,'2025-07-16 09:00:00'),(170,993,'2025-07-16 09:00:00'),(170,996,'2025-07-16 09:00:00'),(171,49,'2025-07-16 09:00:00'),(171,146,'2025-07-16 09:00:00'),(171,166,'2025-07-16 09:00:00'),(171,181,'2025-07-16 09:00:00'),(171,219,'2025-07-16 09:00:00'),(171,273,'2025-07-16 09:00:00'),(171,296,'2025-07-16 09:00:00'),(171,318,'2025-07-16 09:00:00'),(171,342,'2025-07-16 09:00:00'),(171,397,'2025-07-16 09:00:00'),(171,447,'2025-07-16 09:00:00'),(171,450,'2025-07-16 09:00:00'),(171,466,'2025-07-16 09:00:00'),(171,549,'2025-07-16 09:00:00'),(171,560,'2025-07-16 09:00:00'),(171,566,'2025-07-16 09:00:00'),(171,608,'2025-07-16 09:00:00'),(171,625,'2025-07-16 09:00:00'),(171,645,'2025-07-16 09:00:00'),(171,701,'2025-07-16 09:00:00'),(171,761,'2025-07-16 09:00:00'),(171,779,'2025-07-16 09:00:00'),(171,849,'2025-07-16 09:00:00'),(171,872,'2025-07-16 09:00:00'),(171,892,'2025-07-16 09:00:00'),(171,898,'2025-07-16 09:00:00'),(171,903,'2025-07-16 09:00:00'),(171,953,'2025-07-16 09:00:00'),(172,57,'2025-07-16 09:00:00'),(172,100,'2025-07-16 09:00:00'),(172,148,'2025-07-16 09:00:00'),(172,215,'2025-07-16 09:00:00'),(172,302,'2025-07-16 09:00:00'),(172,345,'2025-07-16 09:00:00'),(172,368,'2025-07-16 09:00:00'),(172,385,'2025-07-16 09:00:00'),(172,423,'2025-07-16 09:00:00'),(172,487,'2025-07-16 09:00:00'),(172,493,'2025-07-16 09:00:00'),(172,529,'2025-07-16 09:00:00'),(172,538,'2025-07-16 09:00:00'),(172,567,'2025-07-16 09:00:00'),(172,609,'2025-07-16 09:00:00'),(172,639,'2025-07-16 09:00:00'),(172,649,'2025-07-16 09:00:00'),(172,661,'2025-07-16 09:00:00'),(172,667,'2025-07-16 09:00:00'),(172,710,'2025-07-16 09:00:00'),(172,744,'2025-07-16 09:00:00'),(172,758,'2025-07-16 09:00:00'),(172,771,'2025-07-16 09:00:00'),(172,833,'2025-07-16 09:00:00'),(172,959,'2025-07-16 09:00:00'),(173,49,'2025-07-16 09:00:00'),(173,55,'2025-07-16 09:00:00'),(173,74,'2025-07-16 09:00:00'),(173,80,'2025-07-16 09:00:00'),(173,106,'2025-07-16 09:00:00'),(173,154,'2025-07-16 09:00:00'),(173,162,'2025-07-16 09:00:00'),(173,188,'2025-07-16 09:00:00'),(173,235,'2025-07-16 09:00:00'),(173,313,'2025-07-16 09:00:00'),(173,379,'2025-07-16 09:00:00'),(173,405,'2025-07-16 09:00:00'),(173,491,'2025-07-16 09:00:00'),(173,496,'2025-07-16 09:00:00'),(173,529,'2025-07-16 09:00:00'),(173,550,'2025-07-16 09:00:00'),(173,564,'2025-07-16 09:00:00'),(173,571,'2025-07-16 09:00:00'),(173,592,'2025-07-16 09:00:00'),(173,688,'2025-07-16 09:00:00'),(173,753,'2025-07-16 09:00:00'),(173,757,'2025-07-16 09:00:00'),(173,852,'2025-07-16 09:00:00'),(173,857,'2025-07-16 09:00:00'),(173,921,'2025-07-16 09:00:00'),(173,928,'2025-07-16 09:00:00'),(173,933,'2025-07-16 09:00:00'),(174,11,'2025-07-16 09:00:00'),(174,61,'2025-07-16 09:00:00'),(174,168,'2025-07-16 09:00:00'),(174,298,'2025-07-16 09:00:00'),(174,352,'2025-07-16 09:00:00'),(174,442,'2025-07-16 09:00:00'),(174,451,'2025-07-16 09:00:00'),(174,496,'2025-07-16 09:00:00'),(174,610,'2025-07-16 09:00:00'),(174,618,'2025-07-16 09:00:00'),(174,622,'2025-07-16 09:00:00'),(174,659,'2025-07-16 09:00:00'),(174,677,'2025-07-16 09:00:00'),(174,705,'2025-07-16 09:00:00'),(174,722,'2025-07-16 09:00:00'),(174,780,'2025-07-16 09:00:00'),(174,797,'2025-07-16 09:00:00'),(174,809,'2025-07-16 09:00:00'),(174,827,'2025-07-16 09:00:00'),(174,830,'2025-07-16 09:00:00'),(174,852,'2025-07-16 09:00:00'),(174,853,'2025-07-16 09:00:00'),(174,879,'2025-07-16 09:00:00'),(174,982,'2025-07-16 09:00:00'),(175,9,'2025-07-16 09:00:00'),(175,29,'2025-07-16 09:00:00'),(175,67,'2025-07-16 09:00:00'),(175,129,'2025-07-16 09:00:00'),(175,155,'2025-07-16 09:00:00'),(175,190,'2025-07-16 09:00:00'),(175,191,'2025-07-16 09:00:00'),(175,362,'2025-07-16 09:00:00'),(175,405,'2025-07-16 09:00:00'),(175,424,'2025-07-16 09:00:00'),(175,439,'2025-07-16 09:00:00'),(175,442,'2025-07-16 09:00:00'),(175,483,'2025-07-16 09:00:00'),(175,591,'2025-07-16 09:00:00'),(175,596,'2025-07-16 09:00:00'),(175,616,'2025-07-16 09:00:00'),(175,719,'2025-07-16 09:00:00'),(175,729,'2025-07-16 09:00:00'),(175,772,'2025-07-16 09:00:00'),(175,778,'2025-07-16 09:00:00'),(175,828,'2025-07-16 09:00:00'),(175,842,'2025-07-16 09:00:00'),(175,890,'2025-07-16 09:00:00'),(175,908,'2025-07-16 09:00:00'),(175,977,'2025-07-16 09:00:00'),(175,978,'2025-07-16 09:00:00'),(175,998,'2025-07-16 09:00:00'),(176,13,'2025-07-16 09:00:00'),(176,73,'2025-07-16 09:00:00'),(176,89,'2025-07-16 09:00:00'),(176,150,'2025-07-16 09:00:00'),(176,162,'2025-07-16 09:00:00'),(176,238,'2025-07-16 09:00:00'),(176,252,'2025-07-16 09:00:00'),(176,303,'2025-07-16 09:00:00'),(176,320,'2025-07-16 09:00:00'),(176,401,'2025-07-16 09:00:00'),(176,417,'2025-07-16 09:00:00'),(176,441,'2025-07-16 09:00:00'),(176,458,'2025-07-16 09:00:00'),(176,461,'2025-07-16 09:00:00'),(176,517,'2025-07-16 09:00:00'),(176,521,'2025-07-16 09:00:00'),(176,543,'2025-07-16 09:00:00'),(176,573,'2025-07-16 09:00:00'),(176,699,'2025-07-16 09:00:00'),(176,726,'2025-07-16 09:00:00'),(176,740,'2025-07-16 09:00:00'),(176,746,'2025-07-16 09:00:00'),(176,758,'2025-07-16 09:00:00'),(176,802,'2025-07-16 09:00:00'),(176,827,'2025-07-16 09:00:00'),(176,839,'2025-07-16 09:00:00'),(176,859,'2025-07-16 09:00:00'),(176,872,'2025-07-16 09:00:00'),(176,946,'2025-07-16 09:00:00'),(177,12,'2025-07-16 09:00:00'),(177,39,'2025-07-16 09:00:00'),(177,52,'2025-07-16 09:00:00'),(177,55,'2025-07-16 09:00:00'),(177,86,'2025-07-16 09:00:00'),(177,175,'2025-07-16 09:00:00'),(177,188,'2025-07-16 09:00:00'),(177,235,'2025-07-16 09:00:00'),(177,237,'2025-07-16 09:00:00'),(177,289,'2025-07-16 09:00:00'),(177,363,'2025-07-16 09:00:00'),(177,401,'2025-07-16 09:00:00'),(177,433,'2025-07-16 09:00:00'),(177,458,'2025-07-16 09:00:00'),(177,522,'2025-07-16 09:00:00'),(177,543,'2025-07-16 09:00:00'),(177,563,'2025-07-16 09:00:00'),(177,649,'2025-07-16 09:00:00'),(177,683,'2025-07-16 09:00:00'),(177,684,'2025-07-16 09:00:00'),(177,726,'2025-07-16 09:00:00'),(177,751,'2025-07-16 09:00:00'),(177,763,'2025-07-16 09:00:00'),(177,764,'2025-07-16 09:00:00'),(177,827,'2025-07-16 09:00:00'),(177,910,'2025-07-16 09:00:00'),(177,956,'2025-07-16 09:00:00'),(178,30,'2025-07-16 09:00:00'),(178,34,'2025-07-16 09:00:00'),(178,109,'2025-07-16 09:00:00'),(178,146,'2025-07-16 09:00:00'),(178,160,'2025-07-16 09:00:00'),(178,164,'2025-07-16 09:00:00'),(178,194,'2025-07-16 09:00:00'),(178,197,'2025-07-16 09:00:00'),(178,273,'2025-07-16 09:00:00'),(178,311,'2025-07-16 09:00:00'),(178,397,'2025-07-16 09:00:00'),(178,483,'2025-07-16 09:00:00'),(178,517,'2025-07-16 09:00:00'),(178,537,'2025-07-16 09:00:00'),(178,587,'2025-07-16 09:00:00'),(178,708,'2025-07-16 09:00:00'),(178,733,'2025-07-16 09:00:00'),(178,744,'2025-07-16 09:00:00'),(178,762,'2025-07-16 09:00:00'),(178,930,'2025-07-16 09:00:00'),(178,974,'2025-07-16 09:00:00'),(178,983,'2025-07-16 09:00:00'),(178,1000,'2025-07-16 09:00:00'),(179,24,'2025-07-16 09:00:00'),(179,27,'2025-07-16 09:00:00'),(179,65,'2025-07-16 09:00:00'),(179,85,'2025-07-16 09:00:00'),(179,109,'2025-07-16 09:00:00'),(179,131,'2025-07-16 09:00:00'),(179,159,'2025-07-16 09:00:00'),(179,193,'2025-07-16 09:00:00'),(179,250,'2025-07-16 09:00:00'),(179,291,'2025-07-16 09:00:00'),(179,353,'2025-07-16 09:00:00'),(179,415,'2025-07-16 09:00:00'),(179,463,'2025-07-16 09:00:00'),(179,468,'2025-07-16 09:00:00'),(179,489,'2025-07-16 09:00:00'),(179,566,'2025-07-16 09:00:00'),(179,588,'2025-07-16 09:00:00'),(179,650,'2025-07-16 09:00:00'),(179,698,'2025-07-16 09:00:00'),(179,732,'2025-07-16 09:00:00'),(179,737,'2025-07-16 09:00:00'),(179,769,'2025-07-16 09:00:00'),(179,811,'2025-07-16 09:00:00'),(179,817,'2025-07-16 09:00:00'),(179,852,'2025-07-16 09:00:00'),(179,924,'2025-07-16 09:00:00'),(179,931,'2025-07-16 09:00:00'),(179,960,'2025-07-16 09:00:00'),(179,976,'2025-07-16 09:00:00'),(180,12,'2025-07-16 09:00:00'),(180,33,'2025-07-16 09:00:00'),(180,144,'2025-07-16 09:00:00'),(180,195,'2025-07-16 09:00:00'),(180,258,'2025-07-16 09:00:00'),(180,441,'2025-07-16 09:00:00'),(180,506,'2025-07-16 09:00:00'),(180,561,'2025-07-16 09:00:00'),(180,609,'2025-07-16 09:00:00'),(180,622,'2025-07-16 09:00:00'),(180,628,'2025-07-16 09:00:00'),(180,657,'2025-07-16 09:00:00'),(180,724,'2025-07-16 09:00:00'),(180,729,'2025-07-16 09:00:00'),(180,732,'2025-07-16 09:00:00'),(180,777,'2025-07-16 09:00:00'),(180,809,'2025-07-16 09:00:00'),(180,811,'2025-07-16 09:00:00'),(180,820,'2025-07-16 09:00:00'),(180,824,'2025-07-16 09:00:00'),(180,847,'2025-07-16 09:00:00'),(180,869,'2025-07-16 09:00:00'),(180,874,'2025-07-16 09:00:00'),(180,955,'2025-07-16 09:00:00'),(180,963,'2025-07-16 09:00:00'),(181,5,'2025-07-16 09:00:00'),(181,40,'2025-07-16 09:00:00'),(181,74,'2025-07-16 09:00:00'),(181,78,'2025-07-16 09:00:00'),(181,83,'2025-07-16 09:00:00'),(181,152,'2025-07-16 09:00:00'),(181,195,'2025-07-16 09:00:00'),(181,233,'2025-07-16 09:00:00'),(181,286,'2025-07-16 09:00:00'),(181,301,'2025-07-16 09:00:00'),(181,311,'2025-07-16 09:00:00'),(181,381,'2025-07-16 09:00:00'),(181,387,'2025-07-16 09:00:00'),(181,403,'2025-07-16 09:00:00'),(181,409,'2025-07-16 09:00:00'),(181,420,'2025-07-16 09:00:00'),(181,437,'2025-07-16 09:00:00'),(181,456,'2025-07-16 09:00:00'),(181,507,'2025-07-16 09:00:00'),(181,522,'2025-07-16 09:00:00'),(181,539,'2025-07-16 09:00:00'),(181,542,'2025-07-16 09:00:00'),(181,546,'2025-07-16 09:00:00'),(181,579,'2025-07-16 09:00:00'),(181,596,'2025-07-16 09:00:00'),(181,604,'2025-07-16 09:00:00'),(181,609,'2025-07-16 09:00:00'),(181,625,'2025-07-16 09:00:00'),(181,744,'2025-07-16 09:00:00'),(181,816,'2025-07-16 09:00:00'),(181,836,'2025-07-16 09:00:00'),(181,868,'2025-07-16 09:00:00'),(181,870,'2025-07-16 09:00:00'),(181,874,'2025-07-16 09:00:00'),(181,892,'2025-07-16 09:00:00'),(181,907,'2025-07-16 09:00:00'),(181,911,'2025-07-16 09:00:00'),(181,921,'2025-07-16 09:00:00'),(181,991,'2025-07-16 09:00:00'),(182,33,'2025-07-16 09:00:00'),(182,160,'2025-07-16 09:00:00'),(182,301,'2025-07-16 09:00:00'),(182,324,'2025-07-16 09:00:00'),(182,346,'2025-07-16 09:00:00'),(182,362,'2025-07-16 09:00:00'),(182,391,'2025-07-16 09:00:00'),(182,413,'2025-07-16 09:00:00'),(182,421,'2025-07-16 09:00:00'),(182,437,'2025-07-16 09:00:00'),(182,590,'2025-07-16 09:00:00'),(182,639,'2025-07-16 09:00:00'),(182,668,'2025-07-16 09:00:00'),(182,677,'2025-07-16 09:00:00'),(182,679,'2025-07-16 09:00:00'),(182,695,'2025-07-16 09:00:00'),(182,714,'2025-07-16 09:00:00'),(182,720,'2025-07-16 09:00:00'),(182,819,'2025-07-16 09:00:00'),(182,828,'2025-07-16 09:00:00'),(182,845,'2025-07-16 09:00:00'),(182,864,'2025-07-16 09:00:00'),(182,940,'2025-07-16 09:00:00'),(182,990,'2025-07-16 09:00:00'),(183,32,'2025-07-16 09:00:00'),(183,40,'2025-07-16 09:00:00'),(183,71,'2025-07-16 09:00:00'),(183,113,'2025-07-16 09:00:00'),(183,313,'2025-07-16 09:00:00'),(183,388,'2025-07-16 09:00:00'),(183,389,'2025-07-16 09:00:00'),(183,390,'2025-07-16 09:00:00'),(183,495,'2025-07-16 09:00:00'),(183,520,'2025-07-16 09:00:00'),(183,576,'2025-07-16 09:00:00'),(183,636,'2025-07-16 09:00:00'),(183,715,'2025-07-16 09:00:00'),(183,850,'2025-07-16 09:00:00'),(183,862,'2025-07-16 09:00:00'),(183,914,'2025-07-16 09:00:00'),(183,941,'2025-07-16 09:00:00'),(183,949,'2025-07-16 09:00:00'),(183,983,'2025-07-16 09:00:00'),(184,35,'2025-07-16 09:00:00'),(184,87,'2025-07-16 09:00:00'),(184,146,'2025-07-16 09:00:00'),(184,169,'2025-07-16 09:00:00'),(184,221,'2025-07-16 09:00:00'),(184,336,'2025-07-16 09:00:00'),(184,371,'2025-07-16 09:00:00'),(184,452,'2025-07-16 09:00:00'),(184,486,'2025-07-16 09:00:00'),(184,492,'2025-07-16 09:00:00'),(184,500,'2025-07-16 09:00:00'),(184,574,'2025-07-16 09:00:00'),(184,580,'2025-07-16 09:00:00'),(184,597,'2025-07-16 09:00:00'),(184,615,'2025-07-16 09:00:00'),(184,640,'2025-07-16 09:00:00'),(184,642,'2025-07-16 09:00:00'),(184,650,'2025-07-16 09:00:00'),(184,661,'2025-07-16 09:00:00'),(184,684,'2025-07-16 09:00:00'),(184,745,'2025-07-16 09:00:00'),(184,772,'2025-07-16 09:00:00'),(184,787,'2025-07-16 09:00:00'),(184,867,'2025-07-16 09:00:00'),(184,959,'2025-07-16 09:00:00'),(184,966,'2025-07-16 09:00:00'),(184,967,'2025-07-16 09:00:00'),(184,969,'2025-07-16 09:00:00'),(184,985,'2025-07-16 09:00:00'),(185,7,'2025-07-16 09:00:00'),(185,95,'2025-07-16 09:00:00'),(185,138,'2025-07-16 09:00:00'),(185,265,'2025-07-16 09:00:00'),(185,286,'2025-07-16 09:00:00'),(185,360,'2025-07-16 09:00:00'),(185,411,'2025-07-16 09:00:00'),(185,427,'2025-07-16 09:00:00'),(185,437,'2025-07-16 09:00:00'),(185,448,'2025-07-16 09:00:00'),(185,494,'2025-07-16 09:00:00'),(185,510,'2025-07-16 09:00:00'),(185,518,'2025-07-16 09:00:00'),(185,554,'2025-07-16 09:00:00'),(185,560,'2025-07-16 09:00:00'),(185,571,'2025-07-16 09:00:00'),(185,584,'2025-07-16 09:00:00'),(185,631,'2025-07-16 09:00:00'),(185,665,'2025-07-16 09:00:00'),(185,694,'2025-07-16 09:00:00'),(185,730,'2025-07-16 09:00:00'),(185,761,'2025-07-16 09:00:00'),(185,818,'2025-07-16 09:00:00'),(185,845,'2025-07-16 09:00:00'),(185,880,'2025-07-16 09:00:00'),(185,882,'2025-07-16 09:00:00'),(185,919,'2025-07-16 09:00:00'),(185,920,'2025-07-16 09:00:00'),(185,965,'2025-07-16 09:00:00'),(185,973,'2025-07-16 09:00:00'),(186,95,'2025-07-16 09:00:00'),(186,187,'2025-07-16 09:00:00'),(186,208,'2025-07-16 09:00:00'),(186,228,'2025-07-16 09:00:00'),(186,237,'2025-07-16 09:00:00'),(186,422,'2025-07-16 09:00:00'),(186,482,'2025-07-16 09:00:00'),(186,508,'2025-07-16 09:00:00'),(186,552,'2025-07-16 09:00:00'),(186,579,'2025-07-16 09:00:00'),(186,637,'2025-07-16 09:00:00'),(186,648,'2025-07-16 09:00:00'),(186,654,'2025-07-16 09:00:00'),(186,729,'2025-07-16 09:00:00'),(186,983,'2025-07-16 09:00:00'),(186,994,'2025-07-16 09:00:00'),(187,17,'2025-07-16 09:00:00'),(187,25,'2025-07-16 09:00:00'),(187,29,'2025-07-16 09:00:00'),(187,51,'2025-07-16 09:00:00'),(187,73,'2025-07-16 09:00:00'),(187,76,'2025-07-16 09:00:00'),(187,98,'2025-07-16 09:00:00'),(187,110,'2025-07-16 09:00:00'),(187,127,'2025-07-16 09:00:00'),(187,168,'2025-07-16 09:00:00'),(187,222,'2025-07-16 09:00:00'),(187,224,'2025-07-16 09:00:00'),(187,297,'2025-07-16 09:00:00'),(187,354,'2025-07-16 09:00:00'),(187,379,'2025-07-16 09:00:00'),(187,417,'2025-07-16 09:00:00'),(187,435,'2025-07-16 09:00:00'),(187,441,'2025-07-16 09:00:00'),(187,474,'2025-07-16 09:00:00'),(187,499,'2025-07-16 09:00:00'),(187,538,'2025-07-16 09:00:00'),(187,548,'2025-07-16 09:00:00'),(187,561,'2025-07-16 09:00:00'),(187,617,'2025-07-16 09:00:00'),(187,625,'2025-07-16 09:00:00'),(187,664,'2025-07-16 09:00:00'),(187,671,'2025-07-16 09:00:00'),(187,768,'2025-07-16 09:00:00'),(187,779,'2025-07-16 09:00:00'),(187,906,'2025-07-16 09:00:00'),(187,914,'2025-07-16 09:00:00'),(187,923,'2025-07-16 09:00:00'),(187,976,'2025-07-16 09:00:00'),(188,1,'2025-07-16 09:00:00'),(188,10,'2025-07-16 09:00:00'),(188,14,'2025-07-16 09:00:00'),(188,51,'2025-07-16 09:00:00'),(188,102,'2025-07-16 09:00:00'),(188,111,'2025-07-16 09:00:00'),(188,146,'2025-07-16 09:00:00'),(188,206,'2025-07-16 09:00:00'),(188,223,'2025-07-16 09:00:00'),(188,289,'2025-07-16 09:00:00'),(188,311,'2025-07-16 09:00:00'),(188,322,'2025-07-16 09:00:00'),(188,338,'2025-07-16 09:00:00'),(188,396,'2025-07-16 09:00:00'),(188,412,'2025-07-16 09:00:00'),(188,506,'2025-07-16 09:00:00'),(188,517,'2025-07-16 09:00:00'),(188,529,'2025-07-16 09:00:00'),(188,566,'2025-07-16 09:00:00'),(188,593,'2025-07-16 09:00:00'),(188,606,'2025-07-16 09:00:00'),(188,662,'2025-07-16 09:00:00'),(188,770,'2025-07-16 09:00:00'),(188,773,'2025-07-16 09:00:00'),(188,774,'2025-07-16 09:00:00'),(188,815,'2025-07-16 09:00:00'),(188,849,'2025-07-16 09:00:00'),(188,925,'2025-07-16 09:00:00'),(188,988,'2025-07-16 09:00:00'),(188,989,'2025-07-16 09:00:00'),(189,43,'2025-07-16 09:00:00'),(189,82,'2025-07-16 09:00:00'),(189,171,'2025-07-16 09:00:00'),(189,266,'2025-07-16 09:00:00'),(189,272,'2025-07-16 09:00:00'),(189,315,'2025-07-16 09:00:00'),(189,378,'2025-07-16 09:00:00'),(189,492,'2025-07-16 09:00:00'),(189,509,'2025-07-16 09:00:00'),(189,512,'2025-07-16 09:00:00'),(189,519,'2025-07-16 09:00:00'),(189,533,'2025-07-16 09:00:00'),(189,548,'2025-07-16 09:00:00'),(189,560,'2025-07-16 09:00:00'),(189,628,'2025-07-16 09:00:00'),(189,734,'2025-07-16 09:00:00'),(189,748,'2025-07-16 09:00:00'),(189,788,'2025-07-16 09:00:00'),(189,820,'2025-07-16 09:00:00'),(189,853,'2025-07-16 09:00:00'),(189,882,'2025-07-16 09:00:00'),(189,896,'2025-07-16 09:00:00'),(189,899,'2025-07-16 09:00:00'),(189,940,'2025-07-16 09:00:00'),(190,38,'2025-07-16 09:00:00'),(190,54,'2025-07-16 09:00:00'),(190,62,'2025-07-16 09:00:00'),(190,87,'2025-07-16 09:00:00'),(190,173,'2025-07-16 09:00:00'),(190,234,'2025-07-16 09:00:00'),(190,253,'2025-07-16 09:00:00'),(190,278,'2025-07-16 09:00:00'),(190,310,'2025-07-16 09:00:00'),(190,374,'2025-07-16 09:00:00'),(190,411,'2025-07-16 09:00:00'),(190,426,'2025-07-16 09:00:00'),(190,472,'2025-07-16 09:00:00'),(190,549,'2025-07-16 09:00:00'),(190,562,'2025-07-16 09:00:00'),(190,606,'2025-07-16 09:00:00'),(190,623,'2025-07-16 09:00:00'),(190,679,'2025-07-16 09:00:00'),(190,682,'2025-07-16 09:00:00'),(190,693,'2025-07-16 09:00:00'),(190,695,'2025-07-16 09:00:00'),(190,705,'2025-07-16 09:00:00'),(190,708,'2025-07-16 09:00:00'),(190,802,'2025-07-16 09:00:00'),(190,806,'2025-07-16 09:00:00'),(190,874,'2025-07-16 09:00:00'),(190,959,'2025-07-16 09:00:00'),(191,16,'2025-07-16 09:00:00'),(191,39,'2025-07-16 09:00:00'),(191,84,'2025-07-16 09:00:00'),(191,185,'2025-07-16 09:00:00'),(191,219,'2025-07-16 09:00:00'),(191,293,'2025-07-16 09:00:00'),(191,296,'2025-07-16 09:00:00'),(191,378,'2025-07-16 09:00:00'),(191,410,'2025-07-16 09:00:00'),(191,420,'2025-07-16 09:00:00'),(191,461,'2025-07-16 09:00:00'),(191,544,'2025-07-16 09:00:00'),(191,551,'2025-07-16 09:00:00'),(191,596,'2025-07-16 09:00:00'),(191,638,'2025-07-16 09:00:00'),(191,668,'2025-07-16 09:00:00'),(191,692,'2025-07-16 09:00:00'),(191,775,'2025-07-16 09:00:00'),(191,801,'2025-07-16 09:00:00'),(191,819,'2025-07-16 09:00:00'),(191,827,'2025-07-16 09:00:00'),(191,830,'2025-07-16 09:00:00'),(191,834,'2025-07-16 09:00:00'),(191,849,'2025-07-16 09:00:00'),(191,858,'2025-07-16 09:00:00'),(191,914,'2025-07-16 09:00:00'),(191,958,'2025-07-16 09:00:00'),(191,969,'2025-07-16 09:00:00'),(191,971,'2025-07-16 09:00:00'),(191,993,'2025-07-16 09:00:00'),(192,16,'2025-07-16 09:00:00'),(192,69,'2025-07-16 09:00:00'),(192,117,'2025-07-16 09:00:00'),(192,155,'2025-07-16 09:00:00'),(192,166,'2025-07-16 09:00:00'),(192,179,'2025-07-16 09:00:00'),(192,214,'2025-07-16 09:00:00'),(192,361,'2025-07-16 09:00:00'),(192,367,'2025-07-16 09:00:00'),(192,426,'2025-07-16 09:00:00'),(192,465,'2025-07-16 09:00:00'),(192,470,'2025-07-16 09:00:00'),(192,475,'2025-07-16 09:00:00'),(192,485,'2025-07-16 09:00:00'),(192,541,'2025-07-16 09:00:00'),(192,578,'2025-07-16 09:00:00'),(192,592,'2025-07-16 09:00:00'),(192,614,'2025-07-16 09:00:00'),(192,618,'2025-07-16 09:00:00'),(192,622,'2025-07-16 09:00:00'),(192,674,'2025-07-16 09:00:00'),(192,677,'2025-07-16 09:00:00'),(192,680,'2025-07-16 09:00:00'),(192,682,'2025-07-16 09:00:00'),(192,708,'2025-07-16 09:00:00'),(192,711,'2025-07-16 09:00:00'),(192,747,'2025-07-16 09:00:00'),(192,763,'2025-07-16 09:00:00'),(192,819,'2025-07-16 09:00:00'),(193,44,'2025-07-16 09:00:00'),(193,80,'2025-07-16 09:00:00'),(193,103,'2025-07-16 09:00:00'),(193,109,'2025-07-16 09:00:00'),(193,119,'2025-07-16 09:00:00'),(193,141,'2025-07-16 09:00:00'),(193,164,'2025-07-16 09:00:00'),(193,291,'2025-07-16 09:00:00'),(193,352,'2025-07-16 09:00:00'),(193,358,'2025-07-16 09:00:00'),(193,376,'2025-07-16 09:00:00'),(193,412,'2025-07-16 09:00:00'),(193,462,'2025-07-16 09:00:00'),(193,689,'2025-07-16 09:00:00'),(193,709,'2025-07-16 09:00:00'),(193,745,'2025-07-16 09:00:00'),(193,807,'2025-07-16 09:00:00'),(193,828,'2025-07-16 09:00:00'),(193,834,'2025-07-16 09:00:00'),(193,851,'2025-07-16 09:00:00'),(193,937,'2025-07-16 09:00:00'),(193,953,'2025-07-16 09:00:00'),(193,960,'2025-07-16 09:00:00'),(194,9,'2025-07-16 09:00:00'),(194,42,'2025-07-16 09:00:00'),(194,67,'2025-07-16 09:00:00'),(194,86,'2025-07-16 09:00:00'),(194,88,'2025-07-16 09:00:00'),(194,98,'2025-07-16 09:00:00'),(194,135,'2025-07-16 09:00:00'),(194,161,'2025-07-16 09:00:00'),(194,163,'2025-07-16 09:00:00'),(194,215,'2025-07-16 09:00:00'),(194,232,'2025-07-16 09:00:00'),(194,352,'2025-07-16 09:00:00'),(194,415,'2025-07-16 09:00:00'),(194,486,'2025-07-16 09:00:00'),(194,498,'2025-07-16 09:00:00'),(194,531,'2025-07-16 09:00:00'),(194,719,'2025-07-16 09:00:00'),(194,738,'2025-07-16 09:00:00'),(194,786,'2025-07-16 09:00:00'),(194,872,'2025-07-16 09:00:00'),(194,938,'2025-07-16 09:00:00'),(194,940,'2025-07-16 09:00:00'),(195,129,'2025-07-16 09:00:00'),(195,130,'2025-07-16 09:00:00'),(195,141,'2025-07-16 09:00:00'),(195,144,'2025-07-16 09:00:00'),(195,298,'2025-07-16 09:00:00'),(195,359,'2025-07-16 09:00:00'),(195,361,'2025-07-16 09:00:00'),(195,392,'2025-07-16 09:00:00'),(195,403,'2025-07-16 09:00:00'),(195,494,'2025-07-16 09:00:00'),(195,520,'2025-07-16 09:00:00'),(195,534,'2025-07-16 09:00:00'),(195,560,'2025-07-16 09:00:00'),(195,592,'2025-07-16 09:00:00'),(195,649,'2025-07-16 09:00:00'),(195,658,'2025-07-16 09:00:00'),(195,673,'2025-07-16 09:00:00'),(195,677,'2025-07-16 09:00:00'),(195,706,'2025-07-16 09:00:00'),(195,738,'2025-07-16 09:00:00'),(195,769,'2025-07-16 09:00:00'),(195,781,'2025-07-16 09:00:00'),(195,794,'2025-07-16 09:00:00'),(195,813,'2025-07-16 09:00:00'),(195,869,'2025-07-16 09:00:00'),(195,885,'2025-07-16 09:00:00'),(195,962,'2025-07-16 09:00:00'),(196,64,'2025-07-16 09:00:00'),(196,122,'2025-07-16 09:00:00'),(196,156,'2025-07-16 09:00:00'),(196,169,'2025-07-16 09:00:00'),(196,276,'2025-07-16 09:00:00'),(196,284,'2025-07-16 09:00:00'),(196,303,'2025-07-16 09:00:00'),(196,324,'2025-07-16 09:00:00'),(196,423,'2025-07-16 09:00:00'),(196,473,'2025-07-16 09:00:00'),(196,484,'2025-07-16 09:00:00'),(196,515,'2025-07-16 09:00:00'),(196,524,'2025-07-16 09:00:00'),(196,541,'2025-07-16 09:00:00'),(196,560,'2025-07-16 09:00:00'),(196,575,'2025-07-16 09:00:00'),(196,576,'2025-07-16 09:00:00'),(196,587,'2025-07-16 09:00:00'),(196,615,'2025-07-16 09:00:00'),(196,635,'2025-07-16 09:00:00'),(196,684,'2025-07-16 09:00:00'),(196,795,'2025-07-16 09:00:00'),(196,815,'2025-07-16 09:00:00'),(196,833,'2025-07-16 09:00:00'),(196,837,'2025-07-16 09:00:00'),(196,906,'2025-07-16 09:00:00'),(196,908,'2025-07-16 09:00:00'),(196,919,'2025-07-16 09:00:00'),(196,939,'2025-07-16 09:00:00'),(196,972,'2025-07-16 09:00:00'),(197,6,'2025-07-16 09:00:00'),(197,29,'2025-07-16 09:00:00'),(197,63,'2025-07-16 09:00:00'),(197,123,'2025-07-16 09:00:00'),(197,129,'2025-07-16 09:00:00'),(197,147,'2025-07-16 09:00:00'),(197,164,'2025-07-16 09:00:00'),(197,189,'2025-07-16 09:00:00'),(197,243,'2025-07-16 09:00:00'),(197,249,'2025-07-16 09:00:00'),(197,258,'2025-07-16 09:00:00'),(197,364,'2025-07-16 09:00:00'),(197,369,'2025-07-16 09:00:00'),(197,370,'2025-07-16 09:00:00'),(197,418,'2025-07-16 09:00:00'),(197,522,'2025-07-16 09:00:00'),(197,531,'2025-07-16 09:00:00'),(197,554,'2025-07-16 09:00:00'),(197,598,'2025-07-16 09:00:00'),(197,628,'2025-07-16 09:00:00'),(197,691,'2025-07-16 09:00:00'),(197,724,'2025-07-16 09:00:00'),(197,746,'2025-07-16 09:00:00'),(197,752,'2025-07-16 09:00:00'),(197,758,'2025-07-16 09:00:00'),(197,769,'2025-07-16 09:00:00'),(197,815,'2025-07-16 09:00:00'),(197,916,'2025-07-16 09:00:00'),(197,950,'2025-07-16 09:00:00'),(197,967,'2025-07-16 09:00:00'),(197,974,'2025-07-16 09:00:00'),(197,979,'2025-07-16 09:00:00'),(197,995,'2025-07-16 09:00:00'),(198,1,'2025-07-16 09:00:00'),(198,109,'2025-07-16 09:00:00'),(198,125,'2025-07-16 09:00:00'),(198,186,'2025-07-16 09:00:00'),(198,262,'2025-07-16 09:00:00'),(198,264,'2025-07-16 09:00:00'),(198,303,'2025-07-16 09:00:00'),(198,309,'2025-07-16 09:00:00'),(198,311,'2025-07-16 09:00:00'),(198,329,'2025-07-16 09:00:00'),(198,347,'2025-07-16 09:00:00'),(198,379,'2025-07-16 09:00:00'),(198,395,'2025-07-16 09:00:00'),(198,406,'2025-07-16 09:00:00'),(198,450,'2025-07-16 09:00:00'),(198,464,'2025-07-16 09:00:00'),(198,482,'2025-07-16 09:00:00'),(198,499,'2025-07-16 09:00:00'),(198,536,'2025-07-16 09:00:00'),(198,541,'2025-07-16 09:00:00'),(198,545,'2025-07-16 09:00:00'),(198,555,'2025-07-16 09:00:00'),(198,568,'2025-07-16 09:00:00'),(198,570,'2025-07-16 09:00:00'),(198,588,'2025-07-16 09:00:00'),(198,597,'2025-07-16 09:00:00'),(198,628,'2025-07-16 09:00:00'),(198,745,'2025-07-16 09:00:00'),(198,758,'2025-07-16 09:00:00'),(198,796,'2025-07-16 09:00:00'),(198,806,'2025-07-16 09:00:00'),(198,817,'2025-07-16 09:00:00'),(198,843,'2025-07-16 09:00:00'),(198,858,'2025-07-16 09:00:00'),(198,871,'2025-07-16 09:00:00'),(198,886,'2025-07-16 09:00:00'),(198,892,'2025-07-16 09:00:00'),(198,924,'2025-07-16 09:00:00'),(198,952,'2025-07-16 09:00:00'),(198,997,'2025-07-16 09:00:00'),(199,67,'2025-07-16 09:00:00'),(199,84,'2025-07-16 09:00:00'),(199,145,'2025-07-16 09:00:00'),(199,159,'2025-07-16 09:00:00'),(199,216,'2025-07-16 09:00:00'),(199,432,'2025-07-16 09:00:00'),(199,541,'2025-07-16 09:00:00'),(199,604,'2025-07-16 09:00:00'),(199,640,'2025-07-16 09:00:00'),(199,689,'2025-07-16 09:00:00'),(199,730,'2025-07-16 09:00:00'),(199,784,'2025-07-16 09:00:00'),(199,785,'2025-07-16 09:00:00'),(199,886,'2025-07-16 09:00:00'),(199,953,'2025-07-16 09:00:00'),(200,5,'2025-07-16 09:00:00'),(200,49,'2025-07-16 09:00:00'),(200,80,'2025-07-16 09:00:00'),(200,116,'2025-07-16 09:00:00'),(200,121,'2025-07-16 09:00:00'),(200,149,'2025-07-16 09:00:00'),(200,346,'2025-07-16 09:00:00'),(200,419,'2025-07-16 09:00:00'),(200,462,'2025-07-16 09:00:00'),(200,465,'2025-07-16 09:00:00'),(200,474,'2025-07-16 09:00:00'),(200,537,'2025-07-16 09:00:00'),(200,538,'2025-07-16 09:00:00'),(200,544,'2025-07-16 09:00:00'),(200,714,'2025-07-16 09:00:00'),(200,879,'2025-07-16 09:00:00'),(200,912,'2025-07-16 09:00:00'),(200,945,'2025-07-16 09:00:00'),(200,958,'2025-07-16 09:00:00'),(200,993,'2025-07-16 09:00:00');
/*!40000 ALTER TABLE `film_actor` ENABLE KEYS */;
UNLOCK TABLES;

--
-- Table structure for table `film_category`
--

DROP TABLE IF EXISTS `film_category`;
/*!40101 SET @saved_cs_client     = @@character_set_client */;
/*!50503 SET character_set_client = utf8mb4 */;
CREATE TABLE `film_category` (
  `film_id` smallint unsigned NOT NULL,
  `category_id` tinyint unsigned NOT NULL,
  `last_update` timestamp NOT NULL DEFAULT CURRENT_TIMESTAMP ON UPDATE CURRENT_TIMESTAMP,
  PRIMARY KEY (`film_id`,`category_id`),
  KEY `fk_film_category_category` (`category_id`),
  CONSTRAINT `fk_film_category_category` FOREIGN KEY (`category_id`) REFERENCES `category` (`category_id`) ON UPDATE CASCADE,
  CONSTRAINT `fk_film_category_film` FOREIGN KEY (`film_id`) REFERENCES `film` (`film_id`) ON UPDATE CASCADE
) ENGINE=InnoDB DEFAULT CHARSET=utf8mb4 COLLATE=utf8mb4_0900_ai_ci;
/*!40101 SET character_set_client = @saved_cs_client */;

--
-- Dumping data for table `film_category`
--

LOCK TABLES `film_category` WRITE;
/*!40000 ALTER TABLE `film_category` DISABLE KEYS */;
INSERT INTO `film_category` VALUES (1,6,'2025-07-16 09:00:00'),(2,11,'2025-07-16 09:00:00'),(3,6,'2025-07-16 09:00:00'),(4,11,'2025-07-16 09:00:00'),(5,8,'2025-07-16 09:00:00'),(6,9,'2025-07-16 09:00:00'),(7,5,'2025-07-16 09:00:00'),(8,11,'2025-07-16 09:00:00'),(9,11,'2025-07-16 09:00:00'),(10,15,'2025-07-16 09:00:00'),(11,9,'2025-07-16 09:00:00'),(12,12,'2025-07-16 09:00:00'),(13,11,'2025-07-16 09:00:00'),(14,4,'2025-07-16 09:00:00'),(15,9,'2025-07-16 09:00:00'),(16,9,'2025-07-16 09:00:00'),(17,12,'2025-07-16 09:00:00'),(18,2,'2025-07-16 09:00:00'),(19,1,'2025-07-16 09:00:00'),(20,12,'2025-07-16 09:00:00'),(21,1,'2025-07-16 09:00:00'),(22,13,'2025-07-16 09:00:00'),(23,2,'2025-07-16 09:00:00'),(24,11,'2025-07-16 09:00:00'),(25,13,'2025-07-16 09:00:00'),(26,14,'2025-07-16 09:00:00'),(27,15,'2025-07-16 09:00:00'),(28,5,'2025-07-16 09:00:00'),(29,1,'2025-07-16 09:00:00'),(30,11,'2025-07-16 09:00:00'),(31,8,'2025-07-16 09:00:00'),(32,13,'2025-07-16 09:00:00'),(33,7,'2025-07-16 09:00:00'),(34,11,'2025-07-16 09:00:00'),(35,11,'2025-07-16 09:00:00'),(36,2,'2025-07-16 09:00:00'),(37,4,'2025-07-16 09:00:00'),(38,1,'2025-07-16 09:00:00'),(39,14,'2025-07-16 09:00:00'),(40,6,'2025-07-16 09:00:00'),(41,16,'2025-07-16 09:00:00'),(42,15,'2025-07-16 09:00:00'),(43,8,'2025-07-16 09:00:00'),(44,14,'2025-07-16 09:00:00'),(45,13,'2025-07-16 09:00:00'),(46,10,'2025-07-16 09:00:00'),(47,9,'2025-07-16 09:00:00'),(48,3,'2025-07-16 09:00:00'),(49,14,'2025-07-16 09:00:00'),(50,8,'2025-07-16 09:00:00'),(51,12,'2025-07-16 09:00:00'),(52,9,'2025-07-16 09:00:00'),(53,8,'2025-07-16 09:00:00'),(54,12,'2025-07-16 09:00:00'),(55,14,'2025-07-16 09:00:00'),(56,1,'2025-07-16 09:00:00'),(57,16,'2025-07-16 09:00:00'),(58,6,'2025-07-16 09:00:00'),(59,3,'2025-07-16 09:00:00'),(60,4,'2025-07-16 09:00:00'),(61,7,'2025-07-16 09:00:00'),(62,6,'2025-07-16 09:00:00'),(63,8,'2025-07-16 09:00:00'),(64,7,'2025-07-16 09:00:00'),(65,11,'2025-07-16 09:00:00'),(66,3,'2025-07-16 09:00:00'),(67,1,'2025-07-16 09:00:00'),(68,3,'2025-07-16 09:00:00'),(69,14,'2025-07-16 09:00:00'),(70,2,'2025-07-16 09:00:00'),(71,8,'2025-07-16 09:00:00'),(72,6,'2025-07-16 09:00:00'),(73,14,'2025-07-16 09:00:00'),(74,12,'2025-07-16 09:00:00'),(75,16,'2025-07-16 09:00:00'),(76,12,'2025-07-16 09:00:00'),(77,13,'2025-07-16 09:00:00'),(78,2,'2025-07-16 09:00:00'),(79,7,'2025-07-16 09:00:00'),(80,8,'2025-07-16 09:00:00'),(81,14,'2025-07-16 09:00:00'),(82,8,'2025-07-16 09:00:00'),(83,8,'2025-07-16 09:00:00'),(84,16,'2025-07-16 09:00:00'),(85,6,'2025-07-16 09:00:00'),(86,12,'2025-07-16 09:00:00'),(87,16,'2025-07-16 09:00:00'),(88,16,'2025-07-16 09:00:00'),(89,2,'2025-07-16 09:00:00'),(90,13,'2025-07-16 09:00:00'),(91,4,'2025-07-16 09:00:00'),(92,11,'2025-07-16 09:00:00'),(93,13,'2025-07-16 09:00:00'),(94,8,'2025-07-16 09:00:00'),(95,13,'2025-07-16 09:00:00'),(96,13,'2025-07-16 09:00:00'),(97,1,'2025-07-16 09:00:00'),(98,7,'2025-07-16 09:00:00'),(99,5,'2025-07-16 09:00:00'),(100,9,'2025-07-16 09:00:00'),(101,6,'2025-07-16 09:00:00'),(102,15,'2025-07-16 09:00:00'),(103,16,'2025-07-16 09:00:00'),(104,9,'2025-07-16 09:00:00'),(105,1,'2025-07-16 09:00:00'),(106,10,'2025-07-16 09:00:00'),(107,7,'2025-07-16 09:00:00'),(108,13,'2025-07-16 09:00:00'),(109,13,'2025-07-16 09:00:00'),(110,3,'2025-07-16 09:00:00'),(111,1,'2025-07-16 09:00:00'),(112,9,'2025-07-16 09:00:00'),(113,15,'2025-07-16 09:00:00'),(114,14,'2025-07-16 09:00:00'),(115,1,'2025-07-16 09:00:00'),(116,4,'2025-07-16 09:00:00'),(117,10,'2025-07-16 09:00:00'),(118,2,'2025-07-16 09:00:00'),(119,5,'2025-07-16 09:00:00'),(120,15,'2025-07-16 09:00:00'),(121,2,'2025-07-16 09:00:00'),(122,11,'2025-07-16 09:00:00'),(123,16,'2025-07-16 09:00:00'),(124,3,'2025-07-16 09:00:00'),(125,16,'2025-07-16 09:00:00'),(126,1,'2025-07-16 09:00:00'),(127,5,'2025-07-16 09:00:00'),(128,9,'2025-07-16 09:00:00'),(129,6,'2025-07-16 09:00:00'),(130,1,'2025-07-16 09:00:00'),(131,4,'2025-07-16 09:00:00'),(132,14,'2025-07-16 09:00:00'),(133,12,'2025-07-16 09:00:00'),(134,2,'2025-07-16 09:00:00'),(135,15,'2025-07-16 09:00:00'),(136,13,'2025-07-16 09:00:00'),(137,14,'2025-07-16 09:00:00'),(138,14,'2025-07-16 09:00:00'),(139,8,'2025-07-16 09:00:00'),(140,14,'2025-07-16 09:00:00'),(141,10,'2025-07-16 09:00:00'),(142,6,'2025-07-16 09:00:00'),(143,7,'2025-07-16 09:00:00'),(144,13,'2025-07-16 09:00:00'),(145,8,'2025-07-16 09:00:00'),(146,7,'2025-07-16 09:00:00'),(147,8,'2025-07-16 09:00:00'),(148,9,'2025-07-16 09:00:00'),(149,3,'2025-07-16 09:00:00'),(150,6,'2025-07-16 09:00:00'),(151,14,'2025-07-16 09:00:00'),(152,3,'2025-07-16 09:00:00'),(153,14,'2025-07-16 09:00:00'),(154,2,'2025-07-16 09:00:00'),(155,13,'2025-07-16 09:00:00'),(156,6,'2025-07-16 09:00:00'),(157,3,'2025-07-16 09:00:00'),(158,12,'2025-07-16 09:00:00'),(159,5,'2025-07-16 09:00:00'),(160,2,'2025-07-16 09:00:00'),(161,12,'2025-07-16 09:00:00'),(162,1,'2025-07-16 09:00:00'),(163,13,'2025-07-16 09:00:00'),(164,6,'2025-07-16 09:00:00'),(165,14,'2025-07-16 09:00:00'),(166,4,'2025-07-16 09:00:00'),(167,16,'2025-07-16 09:00:00'),(168,3,'2025-07-16 09:00:00'),(169,16,'2025-07-16 09:00:00'),(170,9,'2025-07-16 09:00:00'),(171,11,'2025-07-16 09:00:00'),(172,7,'2025-07-16 09:00:00'),(173,7,'2025-07-16 09:00:00'),(174,12,'2025-07-16 09:00:00'),(175,8,'2025-07-16 09:00:00'),(176,15,'2025-07-16 09:00:00'),(177,14,'2025-07-16 09:00:00'),(178,5,'2025-07-16 09:00:00'),(179,7,'2025-07-16 09:00:00'),(180,4,'2025-07-16 09:00:00'),(181,16,'2025-07-16 09:00:00'),(182,5,'2025-07-16 09:00:00'),(183,8,'2025-07-16 09:00:00'),(184,4,'2025-07-16 09:00:00'),(185,9,'2025-07-16 09:00:00'),(186,7,'2025-07-16 09:00:00'),(187,15,'2025-07-16 09:00:00'),(188,5,'2025-07-16 09:00:00'),(189,10,'2025-07-16 09:00:00'),(190,4,'2025-07-16 09:00:00'),(191,3,'2025-07-16 09:00:00'),(192,9,'2025-07-16 09:00:00'),(193,2,'2025-07-16 09:00:00'),(194,1,'2025-07-16 09:00:00'),(195,14,'2025-07-16 09:00:00'),(196,4,'2025-07-16 09:00:00'),(197,15,'2025-07-16 09:00:00'),(198,9,'2025-07-16 09:00:00'),(199,6,'2025-07-16 09:00:00'),(200,10,'2025-07-16 09:00:00'),(201,9,'2025-07-16 09:00:00'),(202,5,'2025-07-16 09:00:00'),(203,14,'2025-07-16 09:00:00'),(204,7,'2025-07-16 09:00:00'),(205,1,'2025-07-16 09:00:00'),(206,6,'2025-07-16 09:00:00'),(207,9,'2025-07-16 09:00:00'),(208,2,'2025-07-16 09:00:00'),(209,7,'2025-07-16 09:00:00'),(210,1,'2025-07-16 09:00:00'),(211,10,'2025-07-16 09:00:00'),(212,1,'2025-07-16 09:00:00'),(213,8,'2025-07-16 09:00:00'),(214,3,'2025-07-16 09:00:00'),(215,10,'2025-07-16 09:00:00'),(216,13,'2025-07-16 09:00:00'),(217,10,'2025-07-16 09:00:00'),(218,7,'2025-07-16 09:00:00'),(219,6,'2025-07-16 09:00:00'),(220,12,'2025-07-16 09:00:00'),(221,6,'2025-07-16 09:00:00'),(222,11,'2025-07-16 09:00:00'),(223,2,'2025-07-16 09:00:00'),(224,16,'2025-07-16 09:00:00'),(225,7,'2025-07-16 09:00:00'),(226,13,'2025-07-16 09:00:00'),(227,10,'2025-07-16 09:00:00'),(228,4,'2025-07-16 09:00:00'),(229,1,'2025-07-16 09:00:00'),(230,7,'2025-07-16 09:00:00'),(231,8,'2025-07-16 09:00:00'),(232,10,'2025-07-16 09:00:00'),(233,16,'2025-07-16 09:00:00'),(234,14,'2025-07-16 09:00:00'),(235,14,'2025-07-16 09:00:00'),(236,10,'2025-07-16 09:00:00'),(237,15,'2025-07-16 09:00:00'),(238,3,'2025-07-16 09:00:00'),(239,2,'2025-07-16 09:00:00'),(240,14,'2025-07-16 09:00:00'),(241,2,'2025-07-16 09:00:00'),(242,5,'2025-07-16 09:00:00'),(243,2,'2025-07-16 09:00:00'),(244,12,'2025-07-16 09:00:00'),(245,2,'2025-07-16 09:00:00'),(246,9,'2025-07-16 09:00:00'),(247,5,'2025-07-16 09:00:00'),(248,6,'2025-07-16 09:00:00'),(249,4,'2025-07-16 09:00:00'),(250,1,'2025-07-16 09:00:00'),(251,13,'2025-07-16 09:00:00'),(252,1,'2025-07-16 09:00:00'),(253,1,'2025-07-16 09:00:00'),(254,15,'2025-07-16 09:00:00'),(255,12,'2025-07-16 09:00:00'),(256,15,'2025-07-16 09:00:00'),(257,16,'2025-07-16 09:00:00'),(258,11,'2025-07-16 09:00:00'),(259,2,'2025-07-16 09:00:00'),(260,15,'2025-07-16 09:00:00'),(261,6,'2025-07-16 09:00:00'),(262,8,'2025-07-16 09:00:00'),(263,15,'2025-07-16 09:00:00'),(264,10,'2025-07-16 09:00:00'),(265,5,'2025-07-16 09:00:00'),(266,4,'2025-07-16 09:00:00'),(267,13,'2025-07-16 09:00:00'),(268,2,'2025-07-16 09:00:00'),(269,8,'2025-07-16 09:00:00'),(270,13,'2025-07-16 09:00:00'),(271,1,'2025-07-16 09:00:00'),(272,7,'2025-07-16 09:00:00'),(273,8,'2025-07-16 09:00:00'),(274,6,'2025-07-16 09:00:00'),(275,11,'2025-07-16 09:00:00'),(276,5,'2025-07-16 09:00:00'),(277,11,'2025-07-16 09:00:00'),(278,12,'2025-07-16 09:00:00'),(279,15,'2025-07-16 09:00:00'),(280,3,'2025-07-16 09:00:00'),(281,10,'2025-07-16 09:00:00'),(282,7,'2025-07-16 09:00:00'),(283,13,'2025-07-16 09:00:00'),(284,12,'2025-07-16 09:00:00'),(285,14,'2025-07-16 09:00:00'),(286,16,'2025-07-16 09:00:00'),(287,1,'2025-07-16 09:00:00'),(288,16,'2025-07-16 09:00:00'),(289,13,'2025-07-16 09:00:00'),(290,9,'2025-07-16 09:00:00'),(291,15,'2025-07-16 09:00:00'),(292,1,'2025-07-16 09:00:00'),(293,15,'2025-07-16 09:00:00'),(294,16,'2025-07-16 09:00:00'),(295,6,'2025-07-16 09:00:00'),(296,14,'2025-07-16 09:00:00'),(297,4,'2025-07-16 09:00:00'),(298,14,'2025-07-16 09:00:00'),(299,16,'2025-07-16 09:00:00'),(300,2,'2025-07-16 09:00:00'),(301,11,'2025-07-16 09:00:00'),(302,10,'2025-07-16 09:00:00'),(303,1,'2025-07-16 09:00:00'),(304,3,'2025-07-16 09:00:00'),(305,13,'2025-07-16 09:00:00'),(306,10,'2025-07-16 09:00:00'),(307,16,'2025-07-16 09:00:00'),(308,5,'2025-07-16 09:00:00'),(309,8,'2025-07-16 09:00:00'),(310,10,'2025-07-16 09:00:00'),(311,9,'2025-07-16 09:00:00'),(312,14,'2025-07-16 09:00:00'),(313,11,'2025-07-16 09:00:00'),(314,2,'2025-07-16 09:00:00'),(315,8,'2025-07-16 09:00:00'),(316,10,'2025-07-16 09:00:00'),(317,5,'2025-07-16 09:00:00'),(318,1,'2025-07-16 09:00:00'),(319,14,'2025-07-16 09:00:00'),(320,13,'2025-07-16 09:00:00'),(321,13,'2025-07-16 09:00:00'),(322,15,'2025-07-16 09:00:00'),(323,15,'2025-07-16 09:00:00'),(324,5,'2025-07-16 09:00:00'),(325,2,'2025-07-16 09:00:00'),(326,2,'2025-07-16 09:00:00'),(327,1,'2025-07-16 09:00:00'),(328,3,'2025-07-16 09:00:00'),(329,1,'2025-07-16 09:00:00'),(330,2,'2025-07-16 09:00:00'),(331,10,'2025-07-16 09:00:00'),(332,5,'2025-07-16 09:00:00'),(333,12,'2025-07-16 09:00:00'),(334,11,'2025-07-16 09:00:00'),(335,5,'2025-07-16 09:00:00'),(336,6,'2025-07-16 09:00:00'),(337,9,'2025-07-16 09:00:00'),(338,14,'2025-07-16 09:00:00'),(339,16,'2025-07-16 09:00:00'),(340,13,'2025-07-16 09:00:00'),(341,4,'2025-07-16 09:00:00'),(342,16,'2025-07-16 09:00:00'),(343,3,'2025-07-16 09:00:00'),(344,3,'2025-07-16 09:00:00'),(345,8,'2025-07-16 09:00:00'),(346,4,'2025-07-16 09:00:00'),(347,16,'2025-07-16 09:00:00'),(348,8,'2025-07-16 09:00:00'),(349,2,'2025-07-16 09:00:00'),(350,14,'2025-07-16 09:00:00'),(351,11,'2025-07-16 09:00:00'),(352,10,'2025-07-16 09:00:00'),(353,9,'2025-07-16 09:00:00'),(354,3,'2025-07-16 09:00:00'),(355,2,'2025-07-16 09:00:00'),(356,3,'2025-07-16 09:00:00'),(357,4,'2025-07-16 09:00:00'),(358,4,'2025-07-16 09:00:00'),(359,8,'2025-07-16 09:00:00'),(360,1,'2025-07-16 09:00:00'),(361,15,'2025-07-16 09:00:00'),(362,10,'2025-07-16 09:00:00'),(363,12,'2025-07-16 09:00:00'),(364,13,'2025-07-16 09:00:00'),(365,5,'2025-07-16 09:00:00'),(366,7,'2025-07-16 09:00:00'),(367,14,'2025-07-16 09:00:00'),(368,7,'2025-07-16 09:00:00'),(369,14,'2025-07-16 09:00:00'),(370,3,'2025-07-16 09:00:00'),(371,1,'2025-07-16 09:00:00'),(372,15,'2025-07-16 09:00:00'),(373,3,'2025-07-16 09:00:00'),(374,14,'2025-07-16 09:00:00'),(375,1,'2025-07-16 09:00:00'),(376,9,'2025-07-16 09:00:00'),(377,8,'2025-07-16 09:00:00'),(378,12,'2025-07-16 09:00:00'),(379,7,'2025-07-16 09:00:00'),(380,9,'2025-07-16 09:00:00'),(381,10,'2025-07-16 09:00:00'),(382,10,'2025-07-16 09:00:00'),(383,15,'2025-07-16 09:00:00'),(384,12,'2025-07-16 09:00:00'),(385,5,'2025-07-16 09:00:00'),(386,16,'2025-07-16 09:00:00'),(387,10,'2025-07-16 09:00:00'),(388,5,'2025-07-16 09:00:00'),(389,15,'2025-07-16 09:00:00'),(390,14,'2025-07-16 09:00:00'),(391,8,'2025-07-16 09:00:00'),(392,3,'2025-07-16 09:00:00'),(393,6,'2025-07-16 09:00:00'),(394,14,'2025-07-16 09:00:00'),(395,1,'2025-07-16 09:00:00'),(396,7,'2025-07-16 09:00:00'),(397,14,'2025-07-16 09:00:00'),(398,12,'2025-07-16 09:00:00'),(399,9,'2025-07-16 09:00:00'),(400,6,'2025-07-16 09:00:00'),(401,7,'2025-07-16 09:00:00'),(402,2,'2025-07-16 09:00:00'),(403,7,'2025-07-16 09:00:00'),(404,5,'2025-07-16 09:00:00'),(405,16,'2025-07-16 09:00:00'),(406,10,'2025-07-16 09:00:00'),(407,6,'2025-07-16 09:00:00'),(408,10,'2025-07-16 09:00:00'),(409,3,'2025-07-16 09:00:00'),(410,5,'2025-07-16 09:00:00'),(411,12,'2025-07-16 09:00:00'),(412,6,'2025-07-16 09:00:00'),(413,5,'2025-07-16 09:00:00'),(414,9,'2025-07-16 09:00:00'),(415,11,'2025-07-16 09:00:00'),(416,9,'2025-07-16 09:00:00'),(417,1,'2025-07-16 09:00:00'),(418,7,'2025-07-16 09:00:00'),(419,8,'2025-07-16 09:00:00'),(420,15,'2025-07-16 09:00:00'),(421,9,'2025-07-16 09:00:00'),(422,14,'2025-07-16 09:00:00'),(423,3,'2025-07-16 09:00:00'),(424,3,'2025-07-16 09:00:00'),(425,4,'2025-07-16 09:00:00'),(426,12,'2025-07-16 09:00:00'),(427,6,'2025-07-16 09:00:00'),(428,8,'2025-07-16 09:00:00'),(429,15,'2025-07-16 09:00:00'),(430,2,'2025-07-16 09:00:00'),(431,9,'2025-07-16 09:00:00'),(432,4,'2025-07-16 09:00:00'),(433,2,'2025-07-16 09:00:00'),(434,16,'2025-07-16 09:00:00'),(435,9,'2025-07-16 09:00:00'),(436,13,'2025-07-16 09:00:00'),(437,8,'2025-07-16 09:00:00'),(438,10,'2025-07-16 09:00:00'),(439,7,'2025-07-16 09:00:00'),(440,9,'2025-07-16 09:00:00'),(441,6,'2025-07-16 09:00:00'),(442,8,'2025-07-16 09:00:00'),(443,5,'2025-07-16 09:00:00'),(444,5,'2025-07-16 09:00:00'),(445,4,'2025-07-16 09:00:00'),(446,15,'2025-07-16 09:00:00'),(447,10,'2025-07-16 09:00:00'),(448,13,'2025-07-16 09:00:00'),(449,14,'2025-07-16 09:00:00'),(450,3,'2025-07-16 09:00:00'),(451,16,'2025-07-16 09:00:00'),(452,9,'2025-07-16 09:00:00'),(453,15,'2025-07-16 09:00:00'),(454,12,'2025-07-16 09:00:00'),(455,9,'2025-07-16 09:00:00'),(456,2,'2025-07-16 09:00:00'),(457,6,'2025-07-16 09:00:00'),(458,8,'2025-07-16 09:00:00'),(459,9,'2025-07-16 09:00:00'),(460,9,'2025-07-16 09:00:00'),(461,2,'2025-07-16 09:00:00'),(462,12,'2025-07-16 09:00:00'),(463,15,'2025-07-16 09:00:00'),(464,2,'2025-07-16 09:00:00'),(465,13,'2025-07-16 09:00:00'),(466,6,'2025-07-16 09:00:00'),(467,9,'2025-07-16 09:00:00'),(468,3,'2025-07-16 09:00:00'),(469,4,'2025-07-16 09:00:00'),(470,2,'2025-07-16 09:00:00'),(471,4,'2025-07-16 09:00:00'),(472,16,'2025-07-16 09:00:00'),(473,7,'2025-07-16 09:00:00'),(474,15,'2025-07-16 09:00:00'),(475,11,'2025-07-16 09:00:00'),(476,8,'2025-07-16 09:00:00'),(477,12,'2025-07-16 09:00:00'),(478,5,'2025-07-16 09:00:00'),(479,8,'2025-07-16 09:00:00'),(480,4,'2025-07-16 09:00:00'),(481,13,'2025-07-16 09:00:00'),(482,4,'2025-07-16 09:00:00'),(483,10,'2025-07-16 09:00:00'),(484,4,'2025-07-16 09:00:00'),(485,3,'2025-07-16 09:00:00'),(486,9,'2025-07-16 09:00:00'),(487,4,'2025-07-16 09:00:00'),(488,15,'2025-07-16 09:00:00'),(489,2,'2025-07-16 09:00:00'),(490,13,'2025-07-16 09:00:00'),(491,3,'2025-07-16 09:00:00'),(492,13,'2025-07-16 09:00:00'),(493,9,'2025-07-16 09:00:00'),(494,11,'2025-07-16 09:00:00'),(495,11,'2025-07-16 09:00:00'),(496,16,'2025-07-16 09:00:00'),(497,6,'2025-07-16 09:00:00'),(498,8,'2025-07-16 09:00:00'),(499,8,'2025-07-16 09:00:00'),(500,9,'2025-07-16 09:00:00'),(501,1,'2025-07-16 09:00:00'),(502,5,'2025-07-16 09:00:00'),(503,15,'2025-07-16 09:00:00'),(504,7,'2025-07-16 09:00:00'),(505,3,'2025-07-16 09:00:00'),(506,11,'2025-07-16 09:00:00'),(507,10,'2025-07-16 09:00:00'),(508,10,'2025-07-16 09:00:00'),(509,3,'2025-07-16 09:00:00'),(510,2,'2025-07-16 09:00:00'),(511,1,'2025-07-16 09:00:00'),(512,4,'2025-07-16 09:00:00'),(513,16,'2025-07-16 09:00:00'),(514,7,'2025-07-16 09:00:00'),(515,3,'2025-07-16 09:00:00'),(516,12,'2025-07-16 09:00:00'),(517,15,'2025-07-16 09:00:00'),(518,16,'2025-07-16 09:00:00'),(519,15,'2025-07-16 09:00:00'),(520,14,'2025-07-16 09:00:00'),(521,7,'2025-07-16 09:00:00'),(522,5,'2025-07-16 09:00:00'),(523,4,'2025-07-16 09:00:00'),(524,5,'2025-07-16 09:00:00'),(525,4,'2025-07-16 09:00:00'),(526,16,'2025-07-16 09:00:00'),(527,11,'2025-07-16 09:00:00'),(528,8,'2025-07-16 09:00:00'),(529,5,'2025-07-16 09:00:00'),(530,1,'2025-07-16 09:00:00'),(531,9,'2025-07-16 09:00:00'),(532,15,'2025-07-16 09:00:00'),(533,9,'2025-07-16 09:00:00'),(534,8,'2025-07-16 09:00:00'),(535,11,'2025-07-16 09:00:00'),(536,4,'2025-07-16 09:00:00'),(537,4,'2025-07-16 09:00:00'),(538,13,'2025-07-16 09:00:00'),(539,7,'2025-07-16 09:00:00'),(540,12,'2025-07-16 09:00:00'),(541,2,'2025-07-16 09:00:00'),(542,1,'2025-07-16 09:00:00'),(543,16,'2025-07-16 09:00:00'),(544,6,'2025-07-16 09:00:00'),(545,9,'2025-07-16 09:00:00'),(546,10,'2025-07-16 09:00:00'),(547,3,'2025-07-16 09:00:00'),(548,4,'2025-07-16 09:00:00'),(549,1,'2025-07-16 09:00:00'),(550,8,'2025-07-16 09:00:00'),(551,13,'2025-07-16 09:00:00'),(552,6,'2025-07-16 09:00:00'),(553,3,'2025-07-16 09:00:00'),(554,4,'2025-07-16 09:00:00'),(555,5,'2025-07-16 09:00:00'),(556,10,'2025-07-16 09:00:00'),(557,8,'2025-07-16 09:00:00'),(558,13,'2025-07-16 09:00:00'),(559,14,'2025-07-16 09:00:00'),(560,10,'2025-07-16 09:00:00'),(561,13,'2025-07-16 09:00:00'),(562,12,'2025-07-16 09:00:00'),(563,10,'2025-07-16 09:00:00'),(564,2,'2025-07-16 09:00:00'),(565,9,'2025-07-16 09:00:00'),(566,9,'2025-07-16 09:00:00'),(567,9,'2025-07-16 09:00:00'),(568,5,'2025-07-16 09:00:00'),(569,2,'2025-07-16 09:00:00'),(570,15,'2025-07-16 09:00:00'),(571,6,'2025-07-16 09:00:00'),(572,14,'2025-07-16 09:00:00'),(573,3,'2025-07-16 09:00:00'),(574,1,'2025-07-16 09:00:00'),(575,6,'2025-07-16 09:00:00'),(576,6,'2025-07-16 09:00:00'),(577,15,'2025-07-16 09:00:00'),(578,4,'2025-07-16 09:00:00'),(579,1,'2025-07-16 09:00:00'),(580,13,'2025-07-16 09:00:00'),(581,12,'2025-07-16 09:00:00'),(582,2,'2025-07-16 09:00:00'),(583,2,'2025-07-16 09:00:00'),(584,9,'2025-07-16 09:00:00'),(585,7,'2025-07-16 09:00:00'),(586,1,'2025-07-16 09:00:00'),(587,6,'2025-07-16 09:00:00'),(588,3,'2025-07-16 09:00:00'),(589,6,'2025-07-16 09:00:00'),(590,13,'2025-07-16 09:00:00'),(591,10,'2025-07-16 09:00:00'),(592,12,'2025-07-16 09:00:00'),(593,11,'2025-07-16 09:00:00'),(594,1,'2025-07-16 09:00:00'),(595,9,'2025-07-16 09:00:00'),(596,10,'2025-07-16 09:00:00'),(597,10,'2025-07-16 09:00:00'),(598,15,'2025-07-16 09:00:00'),(599,15,'2025-07-16 09:00:00'),(600,11,'2025-07-16 09:00:00'),(601,16,'2025-07-16 09:00:00'),(602,14,'2025-07-16 09:00:00'),(603,8,'2025-07-16 09:00:00'),(604,5,'2025-07-16 09:00:00'),(605,9,'2025-07-16 09:00:00'),(606,15,'2025-07-16 09:00:00'),(607,9,'2025-07-16 09:00:00'),(608,3,'2025-07-16 09:00:00'),(609,16,'2025-07-16 09:00:00'),(610,8,'2025-07-16 09:00:00'),(611,4,'2025-07-16 09:00:00'),(612,15,'2025-07-16 09:00:00'),(613,5,'2025-07-16 09:00:00'),(614,10,'2025-07-16 09:00:00'),(615,2,'2025-07-16 09:00:00'),(616,6,'2025-07-16 09:00:00'),(617,8,'2025-07-16 09:00:00'),(618,7,'2025-07-16 09:00:00'),(619,15,'2025-07-16 09:00:00'),(620,14,'2025-07-16 09:00:00'),(621,8,'2025-07-16 09:00:00'),(622,6,'2025-07-16 09:00:00'),(623,9,'2025-07-16 09:00:00'),(624,10,'2025-07-16 09:00:00'),(625,14,'2025-07-16 09:00:00'),(626,3,'2025-07-16 09:00:00'),(627,6,'2025-07-16 09:00:00'),(628,15,'2025-07-16 09:00:00'),(629,6,'2025-07-16 09:00:00'),(630,7,'2025-07-16 09:00:00'),(631,15,'2025-07-16 09:00:00'),(632,13,'2025-07-16 09:00:00'),(633,4,'2025-07-16 09:00:00'),(634,8,'2025-07-16 09:00:00'),(635,13,'2025-07-16 09:00:00'),(636,12,'2025-07-16 09:00:00'),(637,14,'2025-07-16 09:00:00'),(638,5,'2025-07-16 09:00:00'),(639,8,'2025-07-16 09:00:00'),(640,9,'2025-07-16 09:00:00'),(641,9,'2025-07-16 09:00:00'),(642,16,'2025-07-16 09:00:00'),(643,7,'2025-07-16 09:00:00'),(644,2,'2025-07-16 09:00:00'),(645,16,'2025-07-16 09:00:00'),(646,10,'2025-07-16 09:00:00'),(647,12,'2025-07-16 09:00:00'),(648,16,'2025-07-16 09:00:00'),(649,2,'2025-07-16 09:00:00'),(650,6,'2025-07-16 09:00:00'),(651,2,'2025-07-16 09:00:00'),(652,4,'2025-07-16 09:00:00'),(653,11,'2025-07-16 09:00:00'),(654,10,'2025-07-16 09:00:00'),(655,14,'2025-07-16 09:00:00'),(656,16,'2025-07-16 09:00:00'),(657,5,'2025-07-16 09:00:00'),(658,11,'2025-07-16 09:00:00'),(659,1,'2025-07-16 09:00:00'),(660,5,'2025-07-16 09:00:00'),(661,9,'2025-07-16 09:00:00'),(662,7,'2025-07-16 09:00:00'),(663,4,'2025-07-16 09:00:00'),(664,1,'2025-07-16 09:00:00'),(665,11,'2025-07-16 09:00:00'),(666,7,'2025-07-16 09:00:00'),(667,15,'2025-07-16 09:00:00'),(668,15,'2025-07-16 09:00:00'),(669,9,'2025-07-16 09:00:00'),(670,6,'2025-07-16 09:00:00'),(671,15,'2025-07-16 09:00:00'),(672,5,'2025-07-16 09:00:00'),(673,12,'2025-07-16 09:00:00'),(674,9,'2025-07-16 09:00:00'),(675,13,'2025-07-16 09:00:00'),(676,15,'2025-07-16 09:00:00'),(677,13,'2025-07-16 09:00:00'),(678,15,'2025-07-16 09:00:00'),(679,8,'2025-07-16 09:00:00'),(680,5,'2025-07-16 09:00:00'),(681,15,'2025-07-16 09:00:00'),(682,8,'2025-07-16 09:00:00'),(683,7,'2025-07-16 09:00:00'),(684,10,'2025-07-16 09:00:00'),(685,13,'2025-07-16 09:00:00'),(686,13,'2025-07-16 09:00:00'),(687,6,'2025-07-16 09:00:00'),(688,3,'2025-07-16 09:00:00'),(689,9,'2025-07-16 09:00:00'),(690,2,'2025-07-16 09:00:00'),(691,15,'2025-07-16 09:00:00'),(692,2,'2025-07-16 09:00:00'),(693,2,'2025-07-16 09:00:00'),(694,4,'2025-07-16 09:00:00'),(695,8,'2025-07-16 09:00:00'),(696,2,'2025-07-16 09:00:00'),(697,1,'2025-07-16 09:00:00'),(698,6,'2025-07-16 09:00:00'),(699,10,'2025-07-16 09:00:00'),(700,8,'2025-07-16 09:00:00'),(701,10,'2025-07-16 09:00:00'),(702,11,'2025-07-16 09:00:00'),(703,2,'2025-07-16 09:00:00'),(704,5,'2025-07-16 09:00:00'),(705,9,'2025-07-16 09:00:00'),(706,7,'2025-07-16 09:00:00'),(707,1,'2025-07-16 09:00:00'),(708,6,'2025-07-16 09:00:00'),(709,7,'2025-07-16 09:00:00'),(710,8,'2025-07-16 09:00:00'),(711,14,'2025-07-16 09:00:00'),(712,6,'2025-07-16 09:00:00'),(713,6,'2025-07-16 09:00:00'),(714,14,'2025-07-16 09:00:00'),(715,8,'2025-07-16 09:00:00'),(716,11,'2025-07-16 09:00:00'),(717,1,'2025-07-16 09:00:00'),(718,12,'2025-07-16 09:00:00'),(719,15,'2025-07-16 09:00:00'),(720,13,'2025-07-16 09:00:00'),(721,12,'2025-07-16 09:00:00'),(722,11,'2025-07-16 09:00:00'),(723,14,'2025-07-16 09:00:00'),(724,8,'2025-07-16 09:00:00'),(725,4,'2025-07-16 09:00:00'),(726,9,'2025-07-16 09:00:00'),(727,8,'2025-07-16 09:00:00'),(728,7,'2025-07-16 09:00:00'),(729,15,'2025-07-16 09:00:00'),(730,13,'2025-07-16 09:00:00'),(731,4,'2025-07-16 09:00:00'),(732,1,'2025-07-16 09:00:00'),(733,15,'2025-07-16 09:00:00'),(734,6,'2025-07-16 09:00:00'),(735,3,'2025-07-16 09:00:00'),(736,8,'2025-07-16 09:00:00'),(737,11,'2025-07-16 09:00:00'),(738,9,'2025-07-16 09:00:00'),(739,7,'2025-07-16 09:00:00'),(740,11,'2025-07-16 09:00:00'),(741,12,'2025-07-16 09:00:00'),(742,10,'2025-07-16 09:00:00'),(743,2,'2025-07-16 09:00:00'),(744,4,'2025-07-16 09:00:00'),(745,15,'2025-07-16 09:00:00'),(746,10,'2025-07-16 09:00:00'),(747,10,'2025-07-16 09:00:00'),(748,1,'2025-07-16 09:00:00'),(749,11,'2025-07-16 09:00:00'),(750,13,'2025-07-16 09:00:00'),(751,13,'2025-07-16 09:00:00'),(752,12,'2025-07-16 09:00:00'),(753,8,'2025-07-16 09:00:00'),(754,5,'2025-07-16 09:00:00'),(755,3,'2025-07-16 09:00:00'),(756,5,'2025-07-16 09:00:00'),(757,6,'2025-07-16 09:00:00'),(758,7,'2025-07-16 09:00:00'),(759,13,'2025-07-16 09:00:00'),(760,13,'2025-07-16 09:00:00'),(761,3,'2025-07-16 09:00:00'),(762,10,'2025-07-16 09:00:00'),(763,15,'2025-07-16 09:00:00'),(764,15,'2025-07-16 09:00:00'),(765,5,'2025-07-16 09:00:00'),(766,7,'2025-07-16 09:00:00'),(767,12,'2025-07-16 09:00:00'),(768,3,'2025-07-16 09:00:00'),(769,9,'2025-07-16 09:00:00'),(770,9,'2025-07-16 09:00:00'),(771,7,'2025-07-16 09:00:00'),(772,7,'2025-07-16 09:00:00'),(773,15,'2025-07-16 09:00:00'),(774,5,'2025-07-16 09:00:00'),(775,7,'2025-07-16 09:00:00'),(776,6,'2025-07-16 09:00:00'),(777,15,'2025-07-16 09:00:00'),(778,8,'2025-07-16 09:00:00'),(779,15,'2025-07-16 09:00:00'),(780,8,'2025-07-16 09:00:00'),(781,10,'2025-07-16 09:00:00'),(782,15,'2025-07-16 09:00:00'),(783,16,'2025-07-16 09:00:00'),(784,16,'2025-07-16 09:00:00'),(785,16,'2025-07-16 09:00:00'),(786,3,'2025-07-16 09:00:00'),(787,16,'2025-07-16 09:00:00'),(788,6,'2025-07-16 09:00:00'),(789,9,'2025-07-16 09:00:00'),(790,7,'2025-07-16 09:00:00'),(791,6,'2025-07-16 09:00:00'),(792,9,'2025-07-16 09:00:00'),(793,1,'2025-07-16 09:00:00'),(794,1,'2025-07-16 09:00:00'),(795,8,'2025-07-16 09:00:00'),(796,15,'2025-07-16 09:00:00'),(797,12,'2025-07-16 09:00:00'),(798,14,'2025-07-16 09:00:00'),(799,11,'2025-07-16 09:00:00'),(800,11,'2025-07-16 09:00:00'),(801,3,'2025-07-16 09:00:00'),(802,1,'2025-07-16 09:00:00'),(803,7,'2025-07-16 09:00:00'),(804,11,'2025-07-16 09:00:00'),(805,2,'2025-07-16 09:00:00'),(806,13,'2025-07-16 09:00:00'),(807,10,'2025-07-16 09:00:00'),(808,4,'2025-07-16 09:00:00'),(809,15,'2025-07-16 09:00:00'),(810,8,'2025-07-16 09:00:00'),(811,16,'2025-07-16 09:00:00'),(812,6,'2025-07-16 09:00:00'),(813,15,'2025-07-16 09:00:00'),(814,5,'2025-07-16 09:00:00'),(815,4,'2025-07-16 09:00:00'),(816,2,'2025-07-16 09:00:00'),(817,14,'2025-07-16 09:00:00'),(818,7,'2025-07-16 09:00:00'),(819,12,'2025-07-16 09:00:00'),(820,2,'2025-07-16 09:00:00'),(821,9,'2025-07-16 09:00:00'),(822,8,'2025-07-16 09:00:00'),(823,1,'2025-07-16 09:00:00'),(824,8,'2025-07-16 09:00:00'),(825,1,'2025-07-16 09:00:00'),(826,16,'2025-07-16 09:00:00'),(827,7,'2025-07-16 09:00:00'),(828,4,'2025-07-16 09:00:00'),(829,8,'2025-07-16 09:00:00'),(830,11,'2025-07-16 09:00:00'),(831,14,'2025-07-16 09:00:00'),(832,8,'2025-07-16 09:00:00'),(833,3,'2025-07-16 09:00:00'),(834,6,'2025-07-16 09:00:00'),(835,10,'2025-07-16 09:00:00'),(836,15,'2025-07-16 09:00:00'),(837,5,'2025-07-16 09:00:00'),(838,1,'2025-07-16 09:00:00'),(839,14,'2025-07-16 09:00:00'),(840,10,'2025-07-16 09:00:00'),(841,15,'2025-07-16 09:00:00'),(842,10,'2025-07-16 09:00:00'),(843,4,'2025-07-16 09:00:00'),(844,15,'2025-07-16 09:00:00'),(845,9,'2025-07-16 09:00:00'),(846,13,'2025-07-16 09:00:00'),(847,13,'2025-07-16 09:00:00'),(848,16,'2025-07-16 09:00:00'),(849,2,'2025-07-16 09:00:00'),(850,1,'2025-07-16 09:00:00'),(851,15,'2025-07-16 09:00:00'),(852,3,'2025-07-16 09:00:00'),(853,3,'2025-07-16 09:00:00'),(854,11,'2025-07-16 09:00:00'),(855,6,'2025-07-16 09:00:00'),(856,11,'2025-07-16 09:00:00'),(857,5,'2025-07-16 09:00:00'),(858,5,'2025-07-16 09:00:00'),(859,2,'2025-07-16 09:00:00'),(860,14,'2025-07-16 09:00:00'),(861,10,'2025-07-16 09:00:00'),(862,4,'2025-07-16 09:00:00'),(863,14,'2025-07-16 09:00:00'),(864,3,'2025-07-16 09:00:00'),(865,2,'2025-07-16 09:00:00'),(866,8,'2025-07-16 09:00:00'),(867,8,'2025-07-16 09:00:00'),(868,16,'2025-07-16 09:00:00'),(869,1,'2025-07-16 09:00:00'),(870,11,'2025-07-16 09:00:00'),(871,5,'2025-07-16 09:00:00'),(872,16,'2025-07-16 09:00:00'),(873,3,'2025-07-16 09:00:00'),(874,4,'2025-07-16 09:00:00'),(875,15,'2025-07-16 09:00:00'),(876,11,'2025-07-16 09:00:00'),(877,12,'2025-07-16 09:00:00'),(878,16,'2025-07-16 09:00:00'),(879,12,'2025-07-16 09:00:00'),(880,2,'2025-07-16 09:00:00'),(881,11,'2025-07-16 09:00:00'),(882,7,'2025-07-16 09:00:00'),(883,3,'2025-07-16 09:00:00'),(884,12,'2025-07-16 09:00:00'),(885,11,'2025-07-16 09:00:00'),(886,2,'2025-07-16 09:00:00'),(887,2,'2025-07-16 09:00:00'),(888,6,'2025-07-16 09:00:00'),(889,3,'2025-07-16 09:00:00'),(890,15,'2025-07-16 09:00:00'),(891,4,'2025-07-16 09:00:00'),(892,2,'2025-07-16 09:00:00'),(893,14,'2025-07-16 09:00:00'),(894,16,'2025-07-16 09:00:00'),(895,4,'2025-07-16 09:00:00'),(896,3,'2025-07-16 09:00:00'),(897,7,'2025-07-16 09:00:00'),(898,15,'2025-07-16 09:00:00'),(899,4,'2025-07-16 09:00:00'),(900,9,'2025-07-16 09:00:00'),(901,2,'2025-07-16 09:00:00'),(902,15,'2025-07-16 09:00:00'),(903,16,'2025-07-16 09:00:00'),(904,11,'2025-07-16 09:00:00'),(905,5,'2025-07-16 09:00:00'),(906,5,'2025-07-16 09:00:00'),(907,7,'2025-07-16 09:00:00'),(908,9,'2025-07-16 09:00:00'),(909,11,'2025-07-16 09:00:00'),(910,7,'2025-07-16 09:00:00'),(911,1,'2025-07-16 09:00:00'),(912,14,'2025-07-16 09:00:00'),(913,13,'2025-07-16 09:00:00'),(914,16,'2025-07-16 09:00:00'),(915,1,'2025-07-16 09:00:00'),(916,2,'2025-07-16 09:00:00'),(917,15,'2025-07-16 09:00:00'),(918,3,'2025-07-16 09:00:00'),(919,10,'2025-07-16 09:00:00'),(920,13,'2025-07-16 09:00:00'),(921,12,'2025-07-16 09:00:00'),(922,11,'2025-07-16 09:00:00'),(923,7,'2025-07-16 09:00:00'),(924,14,'2025-07-16 09:00:00'),(925,6,'2025-07-16 09:00:00'),(926,6,'2025-07-16 09:00:00'),(927,1,'2025-07-16 09:00:00'),(928,3,'2025-07-16 09:00:00'),(929,9,'2025-07-16 09:00:00'),(930,14,'2025-07-16 09:00:00'),(931,16,'2025-07-16 09:00:00'),(932,5,'2025-07-16 09:00:00'),(933,13,'2025-07-16 09:00:00'),(934,10,'2025-07-16 09:00:00'),(935,13,'2025-07-16 09:00:00'),(936,12,'2025-07-16 09:00:00'),(937,13,'2025-07-16 09:00:00'),(938,5,'2025-07-16 09:00:00'),(939,5,'2025-07-16 09:00:00'),(940,15,'2025-07-16 09:00:00'),(941,10,'2025-07-16 09:00:00'),(942,7,'2025-07-16 09:00:00'),(943,6,'2025-07-16 09:00:00'),(944,7,'2025-07-16 09:00:00'),(945,6,'2025-07-16 09:00:00'),(946,8,'2025-07-16 09:00:00'),(947,9,'2025-07-16 09:00:00'),(948,13,'2025-07-16 09:00:00'),(949,10,'2025-07-16 09:00:00'),(950,4,'2025-07-16 09:00:00'),(951,4,'2025-07-16 09:00:00'),(952,6,'2025-07-16 09:00:00'),(953,2,'2025-07-16 09:00:00'),(954,13,'2025-07-16 09:00:00'),(955,3,'2025-07-16 09:00:00'),(956,10,'2025-07-16 09:00:00'),(957,9,'2025-07-16 09:00:00'),(958,7,'2025-07-16 09:00:00'),(959,3,'2025-07-16 09:00:00'),(960,6,'2025-07-16 09:00:00'),(961,9,'2025-07-16 09:00:00'),(962,4,'2025-07-16 09:00:00'),(963,2,'2025-07-16 09:00:00'),(964,1,'2025-07-16 09:00:00'),(965,11,'2025-07-16 09:00:00'),(966,6,'2025-07-16 09:00:00'),(967,14,'2025-07-16 09:00:00'),(968,1,'2025-07-16 09:00:00'),(969,7,'2025-07-16 09:00:00'),(970,4,'2025-07-16 09:00:00'),(971,9,'2025-07-16 09:00:00'),(972,14,'2025-07-16 09:00:00'),(973,6,'2025-07-16 09:00:00'),(974,13,'2025-07-16 09:00:00'),(975,8,'2025-07-16 09:00:00'),(976,10,'2025-07-16 09:00:00'),(977,16,'2025-07-16 09:00:00'),(978,5,'2025-07-16 09:00:00'),(979,7,'2025-07-16 09:00:00'),(980,12,'2025-07-16 09:00:00'),(981,16,'2025-07-16 09:00:00'),(982,1,'2025-07-16 09:00:00'),(983,12,'2025-07-16 09:00:00'),(984,9,'2025-07-16 09:00:00'),(985,14,'2025-07-16 09:00:00'),(986,2,'2025-07-16 09:00:00'),(987,12,'2025-07-16 09:00:00'),(988,16,'2025-07-16 09:00:00'),(989,16,'2025-07-16 09:00:00'),(990,11,'2025-07-16 09:00:00'),(991,1,'2025-07-16 09:00:00'),(992,6,'2025-07-16 09:00:00'),(993,3,'2025-07-16 09:00:00'),(994,13,'2025-07-16 09:00:00'),(995,11,'2025-07-16 09:00:00'),(996,6,'2025-07-16 09:00:00'),(997,12,'2025-07-16 09:00:00'),(998,11,'2025-07-16 09:00:00'),(999,3,'2025-07-16 09:00:00'),(1000,5,'2025-07-16 09:00:00');
/*!40000 ALTER TABLE `film_category` ENABLE KEYS */;
UNLOCK TABLES;

--
-- Table structure for table `language`
--

DROP TABLE IF EXISTS `language`;
/*!40101 SET @saved_cs_client     = @@character_set_client */;
/*!50503 SET character_set_client = utf8mb4 */;
CREATE TABLE `language` (
  `language_id` tinyint unsigned NOT NULL AUTO_INCREMENT,
  `name` char(20) NOT NULL,
  `last_update` timestamp NOT NULL DEFAULT CURRENT_TIMESTAMP ON UPDATE CURRENT_TIMESTAMP,
  PRIMARY KEY (`language_id`)
) ENGINE=InnoDB AUTO_INCREMENT=7 DEFAULT CHARSET=utf8mb4 COLLATE=utf8mb4_0900_ai_ci;
/*!40101 SET character_set_client = @saved_cs_client */;

--
-- Dumping data for table `language`
--

LOCK TABLES `language` WRITE;
/*!40000 ALTER TABLE `language` DISABLE KEYS */;
INSERT INTO `language` VALUES (1,'English','2025-07-16 09:00:00'),(2,'Italian','2025-07-16 09:00:00'),(3,'Japanese','2025-07-16 09:00:00'),(4,'Mandarin','2025-07-16 09:00:00'),(5,'French','2025-07-16 09:00:00'),(6,'German','2025-07-16 09:00:00');
/*!40000 ALTER TABLE `language` ENABLE KEYS */;
UNLOCK TABLES;
/*!40103 SET TIME_ZONE=@OLD_TIME_ZONE */;

/*!40101 SET SQL_MODE=@OLD_SQL_MODE */;
/*!40014 SET FOREIGN_KEY_CHECKS=@OLD_FOREIGN_KEY_CHECKS */;
/*!40014 SET UNIQUE_CHECKS=@OLD_UNIQUE_CHECKS */;
/*!40101 SET CHARACTER_SET_CLIENT=@OLD_CHARACTER_SET_CLIENT */;
/*!40101 SET CHARACTER_SET_RESULTS=@OLD_CHARACTER_SET_RESULTS */;
/*!40101 SET COLLATION_CONNECTION=@OLD_COLLATION_CONNECTION */;
/*!40111 SET SQL_NOTES=@OLD_SQL_NOTES */;

-- Dump completed on 2025-07-20 11:13:56
